Period,Date,Hour,System Price,Forecast,Upper,Lower
1,2018-07-06,00:00:00,49.420,49.922,57.410,44.930
1,2018-07-06,01:00:00,47.630,49.606,57.046,44.645
1,2018-07-06,02:00:00,46.620,49.023,56.376,44.120
1,2018-07-06,03:00:00,44.040,48.765,56.080,43.889
1,2018-07-06,04:00:00,43.040,48.738,56.048,43.864
1,2018-07-06,05:00:00,47.090,49.551,56.984,44.596
1,2018-07-06,06:00:00,49.950,50.502,58.077,45.452
1,2018-07-06,07:00:00,52.000,52.051,59.859,46.846
1,2018-07-06,08:00:00,52.500,52.987,60.935,47.689
1,2018-07-06,09:00:00,52.630,52.835,60.761,47.552
1,2018-07-06,10:00:00,52.640,52.902,60.837,47.612
1,2018-07-06,11:00:00,52.510,53.386,61.394,48.048
1,2018-07-06,12:00:00,52.180,53.781,61.848,48.402
1,2018-07-06,13:00:00,51.460,53.805,61.876,48.425
1,2018-07-06,14:00:00,50.660,54.111,62.228,48.700
1,2018-07-06,15:00:00,50.150,53.881,61.964,48.493
1,2018-07-06,16:00:00,49.860,53.682,61.734,48.314
1,2018-07-06,17:00:00,49.480,54.585,62.772,49.126
1,2018-07-06,18:00:00,49.440,54.024,62.127,48.621
1,2018-07-06,19:00:00,49.710,52.874,60.805,47.587
1,2018-07-06,20:00:00,49.800,51.042,58.699,45.938
1,2018-07-06,21:00:00,49.360,50.381,57.938,45.342
1,2018-07-06,22:00:00,48.720,50.229,57.763,45.206
1,2018-07-06,23:00:00,47.560,49.200,56.580,44.280
1,2018-07-07,00:00:00,48.120,49.126,56.495,44.214
1,2018-07-07,01:00:00,47.030,48.972,56.318,44.075
1,2018-07-07,02:00:00,46.610,48.588,55.876,43.729
1,2018-07-07,03:00:00,44.880,48.521,55.799,43.669
1,2018-07-07,04:00:00,44.040,48.629,55.923,43.766
1,2018-07-07,05:00:00,45.440,49.348,56.751,44.414
1,2018-07-07,06:00:00,47.370,49.994,57.494,44.995
1,2018-07-07,07:00:00,47.530,51.201,58.881,46.081
1,2018-07-07,08:00:00,47.970,51.835,59.610,46.651
1,2018-07-07,09:00:00,49.090,51.412,59.124,46.271
1,2018-07-07,10:00:00,49.400,51.275,58.967,46.148
1,2018-07-07,11:00:00,49.220,51.646,59.393,46.482
1,2018-07-07,12:00:00,48.990,52.003,59.803,46.802
1,2018-07-07,13:00:00,48.550,52.047,59.854,46.842
1,2018-07-07,14:00:00,48.230,52.485,60.357,47.236
1,2018-07-07,15:00:00,47.910,52.420,60.283,47.178
1,2018-07-07,16:00:00,47.790,52.395,60.254,47.155
1,2018-07-07,17:00:00,48.290,53.551,61.583,48.196
1,2018-07-07,18:00:00,48.820,53.150,61.122,47.835
1,2018-07-07,19:00:00,48.700,51.995,59.795,46.796
1,2018-07-07,20:00:00,48.430,49.932,57.422,44.939
1,2018-07-07,21:00:00,48.110,48.956,56.299,44.060
1,2018-07-07,22:00:00,48.080,48.531,55.810,43.678
1,2018-07-07,23:00:00,48.250,47.359,54.463,42.623
1,2018-07-08,00:00:00,48.060,47.695,54.850,42.926
1,2018-07-08,01:00:00,46.990,48.082,55.294,43.273
1,2018-07-08,02:00:00,46.840,48.219,55.452,43.398
1,2018-07-08,03:00:00,46.700,48.624,55.918,43.762
1,2018-07-08,04:00:00,46.640,49.138,56.509,44.224
1,2018-07-08,05:00:00,47.080,50.157,57.680,45.141
1,2018-07-08,06:00:00,48.410,50.981,58.629,45.883
1,2018-07-08,07:00:00,48.550,52.275,60.116,47.047
1,2018-07-08,08:00:00,49.230,52.905,60.841,47.615
1,2018-07-08,09:00:00,49.320,52.430,60.295,47.187
1,2018-07-08,10:00:00,50.000,52.208,60.039,46.987
1,2018-07-08,11:00:00,50.200,52.499,60.374,47.249
1,2018-07-08,12:00:00,50.120,52.796,60.715,47.516
1,2018-07-08,13:00:00,49.920,52.818,60.741,47.537
1,2018-07-08,14:00:00,49.670,53.280,61.272,47.952
1,2018-07-08,15:00:00,49.460,53.283,61.276,47.955
1,2018-07-08,16:00:00,49.570,53.348,61.351,48.013
1,2018-07-08,17:00:00,49.810,54.613,62.805,49.152
1,2018-07-08,18:00:00,50.110,54.305,62.451,48.874
1,2018-07-08,19:00:00,50.280,53.221,61.204,47.899
1,2018-07-08,20:00:00,50.320,51.184,58.862,46.066
1,2018-07-08,21:00:00,50.170,50.164,57.689,45.148
1,2018-07-08,22:00:00,50.590,49.680,57.132,44.712
1,2018-07-08,23:00:00,49.760,48.456,55.724,43.610
1,2018-07-09,00:00:00,48.990,48.495,55.769,43.645
1,2018-07-09,01:00:00,47.580,48.607,55.898,43.746
1,2018-07-09,02:00:00,46.970,48.588,55.877,43.730
1,2018-07-09,03:00:00,46.310,48.946,56.288,44.052
1,2018-07-09,04:00:00,45.030,49.476,56.897,44.528
1,2018-07-09,05:00:00,47.420,50.585,58.172,45.526
1,2018-07-09,06:00:00,50.240,51.562,59.297,46.406
1,2018-07-09,07:00:00,51.920,53.020,60.973,47.718
1,2018-07-09,08:00:00,52.540,53.806,61.877,48.426
1,2018-07-09,09:00:00,52.430,53.433,61.448,48.090
1,2018-07-09,10:00:00,51.940,53.260,61.249,47.934
1,2018-07-09,11:00:00,52.030,53.563,61.598,48.207
1,2018-07-09,12:00:00,51.910,53.856,61.935,48.471
1,2018-07-09,13:00:00,51.910,53.874,61.955,48.487
1,2018-07-09,14:00:00,51.820,54.337,62.487,48.903
1,2018-07-09,15:00:00,51.410,54.340,62.491,48.906
1,2018-07-09,16:00:00,51.140,54.413,62.575,48.972
1,2018-07-09,17:00:00,51.170,55.703,64.059,50.133
1,2018-07-09,18:00:00,51.500,55.433,63.748,49.890
1,2018-07-09,19:00:00,52.110,54.367,62.522,48.930
1,2018-07-09,20:00:00,51.860,52.317,60.164,47.085
1,2018-07-09,21:00:00,51.690,51.312,59.008,46.180
1,2018-07-09,22:00:00,51.620,50.808,58.429,45.727
1,2018-07-09,23:00:00,49.680,49.532,56.962,44.579
1,2018-07-10,00:00:00,48.370,49.522,56.950,44.570
1,2018-07-10,01:00:00,47.680,49.566,57.001,44.609
1,2018-07-10,02:00:00,46.660,49.446,56.863,44.502
1,2018-07-10,03:00:00,45.720,49.710,57.166,44.739
1,2018-07-10,04:00:00,45.050,50.184,57.712,45.166
1,2018-07-10,05:00:00,48.200,51.282,58.974,46.154
1,2018-07-10,06:00:00,50.770,52.284,60.127,47.056
1,2018-07-10,07:00:00,52.970,53.815,61.888,48.434
1,2018-07-10,08:00:00,53.400,54.694,62.898,49.224
1,2018-07-10,09:00:00,53.920,54.422,62.585,48.980
1,2018-07-10,10:00:00,53.840,54.335,62.485,48.901
1,2018-07-10,11:00:00,53.900,54.692,62.895,49.222
1,2018-07-10,12:00:00,53.770,55.019,63.271,49.517
1,2018-07-10,13:00:00,53.540,55.070,63.331,49.563
1,2018-07-10,14:00:00,53.340,55.553,63.887,49.998
1,2018-07-10,15:00:00,53.040,55.565,63.899,50.008
1,2018-07-10,16:00:00,52.730,55.633,63.978,50.070
1,2018-07-10,17:00:00,53.280,56.919,65.457,51.228
1,2018-07-10,18:00:00,53.530,56.659,65.158,50.993
1,2018-07-10,19:00:00,53.350,55.608,63.949,50.047
1,2018-07-10,20:00:00,53.020,53.566,61.600,48.209
1,2018-07-10,21:00:00,52.690,52.557,60.441,47.301
1,2018-07-10,22:00:00,52.680,52.064,59.873,46.857
1,2018-07-10,23:00:00,50.800,50.797,58.417,45.718
1,2018-07-11,00:00:00,49.480,49.958,57.452,44.962
1,2018-07-11,01:00:00,49.040,49.002,56.352,44.102
1,2018-07-11,02:00:00,48.150,47.969,55.165,43.172
1,2018-07-11,03:00:00,47.990,47.456,54.574,42.710
1,2018-07-11,04:00:00,47.270,47.301,54.397,42.571
1,2018-07-11,05:00:00,48.360,47.898,55.083,43.108
1,2018-07-11,06:00:00,51.360,48.506,55.782,43.656
1,2018-07-11,07:00:00,53.230,49.716,57.174,44.745
1,2018-07-11,08:00:00,53.870,50.351,57.904,45.316
1,2018-07-11,09:00:00,53.880,49.897,57.382,44.907
1,2018-07-11,10:00:00,53.920,49.690,57.144,44.721
1,2018-07-11,11:00:00,53.810,49.983,57.481,44.985
1,2018-07-11,12:00:00,53.620,50.261,57.800,45.235
1,2018-07-11,13:00:00,53.240,50.264,57.804,45.238
1,2018-07-11,14:00:00,52.850,50.719,58.327,45.647
1,2018-07-11,15:00:00,52.740,50.721,58.329,45.649
1,2018-07-11,16:00:00,52.520,50.800,58.419,45.720
1,2018-07-11,17:00:00,53.340,52.095,59.909,46.886
1,2018-07-11,18:00:00,53.800,51.833,59.607,46.649
1,2018-07-11,19:00:00,53.650,50.776,58.392,45.698
1,2018-07-11,20:00:00,53.240,48.743,56.054,43.868
1,2018-07-11,21:00:00,53.110,47.750,54.913,42.975
1,2018-07-11,22:00:00,52.930,47.256,54.345,42.531
1,2018-07-11,23:00:00,51.540,45.995,52.894,41.395
1,2018-07-12,00:00:00,50.300,46.683,53.685,42.014
1,2018-07-12,01:00:00,49.460,47.438,54.554,42.694
1,2018-07-12,02:00:00,49.090,47.854,55.032,43.068
1,2018-07-12,03:00:00,49.020,48.444,55.710,43.599
1,2018-07-12,04:00:00,48.580,49.082,56.444,44.174
1,2018-07-12,05:00:00,49.560,50.220,57.752,45.198
1,2018-07-12,06:00:00,51.060,51.159,58.833,46.043
1,2018-07-12,07:00:00,53.540,52.554,60.437,47.299
1,2018-07-12,08:00:00,55.230,53.280,61.271,47.952
1,2018-07-12,09:00:00,55.170,52.877,60.809,47.589
1,2018-07-12,10:00:00,55.080,52.696,60.600,47.426
1,2018-07-12,11:00:00,54.830,53.002,60.952,47.702
1,2018-07-12,12:00:00,54.360,53.302,61.297,47.971
1,2018-07-12,13:00:00,53.540,53.316,61.313,47.984
1,2018-07-12,14:00:00,53.300,53.757,61.820,48.381
1,2018-07-12,15:00:00,53.100,53.730,61.790,48.357
1,2018-07-12,16:00:00,52.890,53.772,61.838,48.395
1,2018-07-12,17:00:00,53.470,55.027,63.281,49.524
1,2018-07-12,18:00:00,53.710,54.726,62.935,49.253
1,2018-07-12,19:00:00,53.660,53.635,61.680,48.271
1,2018-07-12,20:00:00,53.340,51.580,59.317,46.422
1,2018-07-12,21:00:00,53.140,50.563,58.148,45.507
1,2018-07-12,22:00:00,53.160,50.052,57.560,45.047
1,2018-07-12,23:00:00,51.200,48.771,56.086,43.894
1,2018-07-13,00:00:00,51.310,48.607,55.898,43.746
1,2018-07-13,01:00:00,50.280,48.544,55.825,43.689
1,2018-07-13,02:00:00,49.840,48.394,55.653,43.554
1,2018-07-13,03:00:00,49.070,48.669,55.969,43.802
1,2018-07-13,04:00:00,48.430,49.174,56.550,44.256
1,2018-07-13,05:00:00,49.920,50.270,57.810,45.243
1,2018-07-13,06:00:00,52.350,51.201,58.881,46.081
1,2018-07-13,07:00:00,54.550,52.617,60.509,47.355
1,2018-07-13,08:00:00,55.210,53.376,61.382,48.038
1,2018-07-13,09:00:00,55.070,53.004,60.955,47.704
1,2018-07-13,10:00:00,54.570,52.850,60.778,47.565
1,2018-07-13,11:00:00,54.450,53.188,61.166,47.869
1,2018-07-13,12:00:00,54.310,53.521,61.550,48.169
1,2018-07-13,13:00:00,54.210,53.576,61.612,48.218
1,2018-07-13,14:00:00,53.940,54.076,62.188,48.669
1,2018-07-13,15:00:00,53.520,54.108,62.224,48.697
1,2018-07-13,16:00:00,52.970,54.201,62.331,48.781
1,2018-07-13,17:00:00,53.920,55.515,63.843,49.964
1,2018-07-13,18:00:00,54.420,55.246,63.533,49.722
1,2018-07-13,19:00:00,54.650,54.144,62.266,48.730
1,2018-07-13,20:00:00,54.380,52.024,59.827,46.821
1,2018-07-13,21:00:00,54.200,50.925,58.563,45.832
1,2018-07-13,22:00:00,54.350,50.336,57.887,45.303
1,2018-07-13,23:00:00,51.940,49.004,56.355,44.104
1,2018-07-14,00:00:00,52.170,48.778,56.095,43.901
1,2018-07-14,01:00:00,50.740,48.606,55.897,43.745
1,2018-07-14,02:00:00,49.780,48.316,55.563,43.484
1,2018-07-14,03:00:00,48.850,48.448,55.715,43.603
1,2018-07-14,04:00:00,47.200,48.828,56.153,43.945
1,2018-07-14,05:00:00,48.230,49.823,57.296,44.840
1,2018-07-14,06:00:00,49.660,50.670,58.270,45.603
1,2018-07-14,07:00:00,50.370,52.015,59.817,46.813
1,2018-07-14,08:00:00,52.510,52.714,60.622,47.443
1,2018-07-14,09:00:00,52.710,52.292,60.136,47.063
1,2018-07-14,10:00:00,52.660,52.096,59.910,46.886
1,2018-07-14,11:00:00,52.630,52.400,60.260,47.160
1,2018-07-14,12:00:00,52.040,52.710,60.617,47.439
1,2018-07-14,13:00:00,51.670,52.751,60.664,47.476
1,2018-07-14,14:00:00,51.380,53.252,61.240,47.927
1,2018-07-14,15:00:00,51.080,53.296,61.291,47.967
1,2018-07-14,16:00:00,51.200,53.412,61.424,48.071
1,2018-07-14,17:00:00,51.690,54.760,62.974,49.284
1,2018-07-14,18:00:00,53.380,54.529,62.709,49.076
1,2018-07-14,19:00:00,54.270,53.461,61.480,48.115
1,2018-07-14,20:00:00,54.480,51.355,59.059,46.220
1,2018-07-14,21:00:00,54.160,50.250,57.787,45.225
1,2018-07-14,22:00:00,54.460,49.636,57.081,44.672
1,2018-07-14,23:00:00,52.400,48.268,55.508,43.441
1,2018-07-15,00:00:00,50.930,48.412,55.674,43.571
1,2018-07-15,01:00:00,49.040,48.678,55.979,43.810
1,2018-07-15,02:00:00,48.070,48.779,56.096,43.901
1,2018-07-15,03:00:00,47.920,49.229,56.614,44.306
1,2018-07-15,04:00:00,47.010,49.857,57.335,44.871
1,2018-07-15,05:00:00,48.020,51.040,58.696,45.936
1,2018-07-15,06:00:00,48.910,52.029,59.833,46.826
1,2018-07-15,07:00:00,49.780,53.477,61.498,48.129
1,2018-07-15,08:00:00,50.850,54.248,62.385,48.823
1,2018-07-15,09:00:00,51.620,53.873,61.955,48.486
1,2018-07-15,10:00:00,52.340,53.705,61.761,48.335
1,2018-07-15,11:00:00,52.370,54.023,62.127,48.621
1,2018-07-15,12:00:00,52.370,54.337,62.488,48.903
1,2018-07-15,13:00:00,51.940,54.378,62.535,48.940
1,2018-07-15,14:00:00,51.810,54.878,63.110,49.390
1,2018-07-15,15:00:00,51.650,54.925,63.164,49.433
1,2018-07-15,16:00:00,52.030,55.049,63.307,49.544
1,2018-07-15,17:00:00,52.470,56.412,64.874,50.771
1,2018-07-15,18:00:00,53.030,56.202,64.632,50.582
1,2018-07-15,19:00:00,54.200,55.157,63.431,49.642
1,2018-07-15,20:00:00,54.540,53.075,61.037,47.768
1,2018-07-15,21:00:00,54.800,51.987,59.785,46.788
1,2018-07-15,22:00:00,54.990,51.382,59.089,46.244
1,2018-07-15,23:00:00,53.180,50.013,57.515,45.012
1,2018-07-16,00:00:00,51.080,49.935,57.425,44.941
1,2018-07-16,01:00:00,48.860,49.972,57.468,44.975
1,2018-07-16,02:00:00,47.880,49.905,57.391,44.915
1,2018-07-16,03:00:00,47.630,50.255,57.793,45.230
1,2018-07-16,04:00:00,47.510,50.839,58.465,45.755
1,2018-07-16,05:00:00,49.800,52.020,59.822,46.818
1,2018-07-16,06:00:00,53.070,53.034,60.989,47.731
1,2018-07-16,07:00:00,54.880,54.526,62.705,49.073
1,2018-07-16,08:00:00,55.460,55.350,63.653,49.815
1,2018-07-16,09:00:00,55.610,55.030,63.284,49.527
1,2018-07-16,10:00:00,55.420,54.912,63.148,49.421
1,2018-07-16,11:00:00,55.400,55.273,63.564,49.746
1,2018-07-16,12:00:00,55.030,55.623,63.966,50.061
1,2018-07-16,13:00:00,54.760,55.692,64.046,50.123
1,2018-07-16,14:00:00,54.600,56.214,64.646,50.593
1,2018-07-16,15:00:00,54.540,56.279,64.720,50.651
1,2018-07-16,16:00:00,54.610,56.418,64.880,50.776
1,2018-07-16,17:00:00,55.060,57.795,66.464,52.015
1,2018-07-16,18:00:00,55.050,57.600,66.240,51.840
1,2018-07-16,19:00:00,54.980,56.572,65.058,50.915
1,2018-07-16,20:00:00,54.680,54.507,62.683,49.057
1,2018-07-16,21:00:00,54.570,53.436,61.451,48.092
1,2018-07-16,22:00:00,54.340,52.844,60.771,47.560
1,2018-07-16,23:00:00,51.730,51.486,59.209,46.337
1,2018-07-17,00:00:00,50.520,51.393,59.102,46.254
1,2018-07-17,01:00:00,49.100,51.393,59.102,46.254
1,2018-07-17,02:00:00,48.030,51.274,58.965,46.146
1,2018-07-17,03:00:00,47.770,51.566,59.301,46.409
1,2018-07-17,04:00:00,45.090,52.096,59.910,46.886
1,2018-07-17,05:00:00,48.730,53.233,61.218,47.909
1,2018-07-17,06:00:00,52.420,54.218,62.350,48.796
1,2018-07-17,07:00:00,54.440,55.694,64.048,50.125
1,2018-07-17,08:00:00,54.920,56.518,64.996,50.866
1,2018-07-17,09:00:00,54.940,56.209,64.641,50.588
1,2018-07-17,10:00:00,54.620,56.112,64.529,50.501
1,2018-07-17,11:00:00,54.590,56.500,64.975,50.850
1,2018-07-17,12:00:00,54.070,56.878,65.409,51.190
1,2018-07-17,13:00:00,53.890,56.975,65.522,51.278
1,2018-07-17,14:00:00,53.710,57.524,66.153,51.772
1,2018-07-17,15:00:00,53.830,57.614,66.256,51.852
1,2018-07-17,16:00:00,53.630,57.775,66.441,51.997
1,2018-07-17,17:00:00,53.870,59.172,68.048,53.255
1,2018-07-17,18:00:00,54.530,58.995,67.845,53.096
1,2018-07-17,19:00:00,54.590,57.985,66.683,52.187
1,2018-07-17,20:00:00,54.370,55.937,64.327,50.343
1,2018-07-17,21:00:00,53.840,54.881,63.113,49.393
1,2018-07-17,22:00:00,53.360,54.305,62.451,48.875
1,2018-07-17,23:00:00,51.330,52.961,60.905,47.665
1,2018-07-18,00:00:00,50.460,52.037,59.843,46.834
1,2018-07-18,01:00:00,48.990,51.030,58.684,45.927
1,2018-07-18,02:00:00,47.900,49.958,57.452,44.962
1,2018-07-18,03:00:00,46.280,49.421,56.834,44.479
1,2018-07-18,04:00:00,43.000,49.252,56.640,44.327
1,2018-07-18,05:00:00,47.880,49.811,57.282,44.830
1,2018-07-18,06:00:00,50.180,50.321,57.870,45.289
1,2018-07-18,07:00:00,53.510,51.413,59.125,46.271
1,2018-07-18,08:00:00,54.260,51.926,59.714,46.733
1,2018-07-18,09:00:00,54.090,51.369,59.074,46.232
1,2018-07-18,10:00:00,53.760,51.077,58.739,45.969
1,2018-07-18,11:00:00,53.770,51.314,59.011,46.183
1,2018-07-18,12:00:00,53.590,51.577,59.314,46.420
1,2018-07-18,13:00:00,53.540,51.589,59.327,46.430
1,2018-07-18,14:00:00,53.380,52.074,59.886,46.867
1,2018-07-18,15:00:00,53.340,52.118,59.936,46.906
1,2018-07-18,16:00:00,53.060,52.248,60.085,47.023
1,2018-07-18,17:00:00,53.610,53.624,61.668,48.262
1,2018-07-18,18:00:00,54.070,53.435,61.450,48.092
1,2018-07-18,19:00:00,54.100,52.418,60.281,47.176
1,2018-07-18,20:00:00,54.050,50.367,57.923,45.331
1,2018-07-18,21:00:00,53.650,49.313,56.710,44.382
1,2018-07-18,22:00:00,52.720,48.742,56.053,43.867
1,2018-07-18,23:00:00,50.510,47.403,54.514,42.663
1,2018-07-19,00:00:00,50.250,48.024,55.227,43.221
1,2018-07-19,01:00:00,49.050,48.770,56.085,43.893
1,2018-07-19,02:00:00,47.470,49.223,56.607,44.301
1,2018-07-19,03:00:00,42.630,49.880,57.362,44.892
1,2018-07-19,04:00:00,42.040,50.593,58.182,45.534
1,2018-07-19,05:00:00,47.760,51.776,59.543,46.599
1,2018-07-19,06:00:00,51.050,52.710,60.617,47.439
1,2018-07-19,07:00:00,53.990,54.074,62.185,48.666
1,2018-07-19,08:00:00,54.470,54.748,62.961,49.274
1,2018-07-19,09:00:00,54.480,54.276,62.417,48.848
1,2018-07-19,10:00:00,54.120,54.016,62.118,48.614
1,2018-07-19,11:00:00,53.830,54.251,62.388,48.826
1,2018-07-19,12:00:00,53.640,54.492,62.665,49.043
1,2018-07-19,13:00:00,53.190,54.471,62.641,49.023
1,2018-07-19,14:00:00,53.230,54.919,63.157,49.427
1,2018-07-19,15:00:00,53.550,54.924,63.163,49.432
1,2018-07-19,16:00:00,53.670,55.017,63.270,49.515
1,2018-07-19,17:00:00,54.260,56.359,64.813,50.723
1,2018-07-19,18:00:00,54.800,56.140,64.561,50.526
1,2018-07-19,19:00:00,55.560,55.097,63.361,49.587
1,2018-07-19,20:00:00,55.050,53.024,60.978,47.722
1,2018-07-19,21:00:00,54.840,51.952,59.745,46.757
1,2018-07-19,22:00:00,54.280,51.367,59.072,46.230
1,2018-07-19,23:00:00,51.900,50.018,57.520,45.016
2,2018-08-03,00:00:00,52.050,53.282,61.274,47.954
2,2018-08-03,01:00:00,50.950,53.091,61.055,47.782
2,2018-08-03,02:00:00,50.180,52.648,60.546,47.384
2,2018-08-03,03:00:00,49.020,52.530,60.410,47.277
2,2018-08-03,04:00:00,49.160,52.436,60.302,47.193
2,2018-08-03,05:00:00,50.280,53.154,61.127,47.839
2,2018-08-03,06:00:00,54.010,54.077,62.188,48.669
2,2018-08-03,07:00:00,54.700,55.640,63.986,50.076
2,2018-08-03,08:00:00,54.690,56.496,64.971,50.847
2,2018-08-03,09:00:00,54.970,56.264,64.703,50.637
2,2018-08-03,10:00:00,55.050,56.273,64.714,50.646
2,2018-08-03,11:00:00,55.030,56.706,65.212,51.036
2,2018-08-03,12:00:00,54.950,57.046,65.603,51.342
2,2018-08-03,13:00:00,54.930,57.063,65.622,51.356
2,2018-08-03,14:00:00,54.790,57.452,66.070,51.707
2,2018-08-03,15:00:00,54.850,57.375,65.981,51.638
2,2018-08-03,16:00:00,54.740,57.369,65.975,51.633
2,2018-08-03,17:00:00,54.780,58.474,67.245,52.627
2,2018-08-03,18:00:00,54.780,58.034,66.739,52.230
2,2018-08-03,19:00:00,54.710,56.929,65.469,51.236
2,2018-08-03,20:00:00,54.130,55.068,63.328,49.561
2,2018-08-03,21:00:00,54.290,54.410,62.572,48.969
2,2018-08-03,22:00:00,54.110,54.250,62.388,48.825
2,2018-08-03,23:00:00,53.440,53.284,61.277,47.956
2,2018-08-04,00:00:00,53.560,53.164,61.138,47.847
2,2018-08-04,01:00:00,51.510,52.924,60.862,47.631
2,2018-08-04,02:00:00,49.940,52.420,60.283,47.178
2,2018-08-04,03:00:00,49.500,52.261,60.100,47.035
2,2018-08-04,04:00:00,48.750,52.274,60.116,47.047
2,2018-08-04,05:00:00,48.730,52.887,60.820,47.598
2,2018-08-04,06:00:00,49.960,53.464,61.484,48.118
2,2018-08-04,07:00:00,51.630,54.664,62.863,49.197
2,2018-08-04,08:00:00,53.070,55.309,63.605,49.778
2,2018-08-04,09:00:00,53.610,54.917,63.155,49.425
2,2018-08-04,10:00:00,53.450,54.804,63.025,49.324
2,2018-08-04,11:00:00,52.810,55.189,63.467,49.670
2,2018-08-04,12:00:00,52.370,55.539,63.869,49.985
2,2018-08-04,13:00:00,51.470,55.578,63.914,50.020
2,2018-08-04,14:00:00,51.240,56.028,64.432,50.425
2,2018-08-04,15:00:00,51.080,55.997,64.396,50.397
2,2018-08-04,16:00:00,50.940,56.036,64.441,50.432
2,2018-08-04,17:00:00,51.290,57.258,65.847,51.532
2,2018-08-04,18:00:00,52.660,56.911,65.448,51.220
2,2018-08-04,19:00:00,53.230,55.812,64.183,50.230
2,2018-08-04,20:00:00,52.800,53.794,61.864,48.415
2,2018-08-04,21:00:00,52.730,52.885,60.817,47.596
2,2018-08-04,22:00:00,52.090,52.532,60.412,47.279
2,2018-08-04,23:00:00,49.600,51.409,59.121,46.268
2,2018-08-05,00:00:00,50.610,51.734,59.495,46.561
2,2018-08-05,01:00:00,49.880,52.049,59.856,46.844
2,2018-08-05,02:00:00,49.410,52.089,59.902,46.880
2,2018-08-05,03:00:00,47.860,52.390,60.248,47.151
2,2018-08-05,04:00:00,46.070,52.807,60.728,47.526
2,2018-08-05,05:00:00,45.070,53.729,61.788,48.356
2,2018-08-05,06:00:00,45.680,54.495,62.669,49.045
2,2018-08-05,07:00:00,47.440,55.749,64.111,50.174
2,2018-08-05,08:00:00,49.440,56.391,64.849,50.752
2,2018-08-05,09:00:00,49.780,55.958,64.352,50.362
2,2018-08-05,10:00:00,49.690,55.782,64.149,50.204
2,2018-08-05,11:00:00,49.720,56.107,64.524,50.497
2,2018-08-05,12:00:00,49.460,56.428,64.892,50.785
2,2018-08-05,13:00:00,49.360,56.473,64.944,50.826
2,2018-08-05,14:00:00,49.190,56.961,65.505,51.265
2,2018-08-05,15:00:00,48.050,56.989,65.537,51.290
2,2018-08-05,16:00:00,48.190,57.085,65.647,51.376
2,2018-08-05,17:00:00,49.820,58.395,67.155,52.556
2,2018-08-05,18:00:00,51.330,58.136,66.857,52.323
2,2018-08-05,19:00:00,52.340,57.104,65.669,51.393
2,2018-08-05,20:00:00,52.740,55.114,63.381,49.603
2,2018-08-05,21:00:00,53.310,54.176,62.302,48.758
2,2018-08-05,22:00:00,52.820,53.753,61.817,48.378
2,2018-08-05,23:00:00,51.510,52.579,60.465,47.321
2,2018-08-06,00:00:00,50.050,52.608,60.499,47.347
2,2018-08-06,01:00:00,47.990,52.645,60.542,47.381
2,2018-08-06,02:00:00,47.020,52.485,60.358,47.237
2,2018-08-06,03:00:00,46.020,52.693,60.597,47.424
2,2018-08-06,04:00:00,45.080,53.097,61.061,47.787
2,2018-08-06,05:00:00,48.090,54.165,62.290,48.749
2,2018-08-06,06:00:00,52.730,55.122,63.391,49.610
2,2018-08-06,07:00:00,53.500,56.561,65.046,50.905
2,2018-08-06,08:00:00,53.680,57.333,65.933,51.599
2,2018-08-06,09:00:00,53.940,56.978,65.525,51.280
2,2018-08-06,10:00:00,54.150,56.838,65.364,51.155
2,2018-08-06,11:00:00,54.300,57.180,65.757,51.462
2,2018-08-06,12:00:00,53.970,57.501,66.126,51.751
2,2018-08-06,13:00:00,53.890,57.532,66.161,51.778
2,2018-08-06,14:00:00,54.030,58.002,66.702,52.201
2,2018-08-06,15:00:00,53.950,58.017,66.720,52.216
2,2018-08-06,16:00:00,53.950,58.113,66.830,52.302
2,2018-08-06,17:00:00,53.970,59.427,68.341,53.484
2,2018-08-06,18:00:00,54.070,59.165,68.040,53.249
2,2018-08-06,19:00:00,54.550,58.100,66.815,52.290
2,2018-08-06,20:00:00,53.790,56.065,64.475,50.459
2,2018-08-06,21:00:00,53.870,55.076,63.337,49.568
2,2018-08-06,22:00:00,53.840,54.602,62.793,49.142
2,2018-08-06,23:00:00,53.600,53.360,61.364,48.024
2,2018-08-07,00:00:00,52.830,53.349,61.352,48.014
2,2018-08-07,01:00:00,51.650,53.373,61.379,48.036
2,2018-08-07,02:00:00,50.750,53.228,61.212,47.905
2,2018-08-07,03:00:00,49.640,53.438,61.453,48.094
2,2018-08-07,04:00:00,49.490,53.837,61.912,48.453
2,2018-08-07,05:00:00,51.260,54.889,63.122,49.400
2,2018-08-07,06:00:00,53.250,55.841,64.217,50.257
2,2018-08-07,07:00:00,53.950,57.300,65.895,51.570
2,2018-08-07,08:00:00,54.720,58.100,66.815,52.290
2,2018-08-07,09:00:00,54.910,57.773,66.439,51.996
2,2018-08-07,10:00:00,54.980,57.665,66.314,51.898
2,2018-08-07,11:00:00,54.940,58.031,66.735,52.227
2,2018-08-07,12:00:00,55.090,58.371,67.126,52.534
2,2018-08-07,13:00:00,55.080,58.413,67.174,52.571
2,2018-08-07,14:00:00,55.000,58.882,67.715,52.994
2,2018-08-07,15:00:00,54.940,58.895,67.729,53.005
2,2018-08-07,16:00:00,54.580,58.986,67.833,53.087
2,2018-08-07,17:00:00,54.590,60.305,69.351,54.275
2,2018-08-07,18:00:00,54.920,60.059,69.068,54.053
2,2018-08-07,19:00:00,54.780,59.011,67.862,53.110
2,2018-08-07,20:00:00,53.980,56.981,65.528,51.283
2,2018-08-07,21:00:00,54.020,55.984,64.381,50.385
2,2018-08-07,22:00:00,53.360,55.497,63.821,49.947
2,2018-08-07,23:00:00,51.780,54.238,62.373,48.814
2,2018-08-08,00:00:00,49.330,53.362,61.366,48.025
2,2018-08-08,01:00:00,47.490,52.386,60.243,47.147
2,2018-08-08,02:00:00,46.530,51.346,59.048,46.212
2,2018-08-08,03:00:00,43.810,50.823,58.446,45.740
2,2018-08-08,04:00:00,43.810,50.632,58.227,45.569
2,2018-08-08,05:00:00,47.740,51.196,58.875,46.076
2,2018-08-08,06:00:00,51.170,51.769,59.535,46.592
2,2018-08-08,07:00:00,53.620,52.942,60.883,47.648
2,2018-08-08,08:00:00,54.640,53.534,61.564,48.181
2,2018-08-08,09:00:00,54.460,53.053,61.011,47.747
2,2018-08-08,10:00:00,54.040,52.829,60.754,47.546
2,2018-08-08,11:00:00,53.450,53.113,61.080,47.802
2,2018-08-08,12:00:00,52.600,53.401,61.411,48.061
2,2018-08-08,13:00:00,52.320,53.421,61.434,48.078
2,2018-08-08,14:00:00,51.730,53.891,61.975,48.502
2,2018-08-08,15:00:00,52.170,53.909,61.995,48.518
2,2018-08-08,16:00:00,52.620,54.002,62.102,48.602
2,2018-08-08,17:00:00,52.860,55.308,63.604,49.777
2,2018-08-08,18:00:00,52.800,55.047,63.304,49.543
2,2018-08-08,19:00:00,52.620,53.987,62.085,48.588
2,2018-08-08,20:00:00,52.400,51.945,59.737,46.751
2,2018-08-08,21:00:00,52.370,50.938,58.578,45.844
2,2018-08-08,22:00:00,52.080,50.424,57.988,45.382
2,2018-08-08,23:00:00,50.740,49.153,56.526,44.237
2,2018-08-09,00:00:00,49.430,49.805,57.276,44.825
2,2018-08-09,01:00:00,47.240,50.534,58.114,45.481
2,2018-08-09,02:00:00,45.450,50.940,58.581,45.846
2,2018-08-09,03:00:00,43.550,51.527,59.256,46.374
2,2018-08-09,04:00:00,44.000,52.125,59.944,46.913
2,2018-08-09,05:00:00,47.630,53.218,61.201,47.896
2,2018-08-09,06:00:00,51.490,54.131,62.251,48.718
2,2018-08-09,07:00:00,52.090,55.513,63.840,49.962
2,2018-08-09,08:00:00,52.410,56.205,64.636,50.585
2,2018-08-09,09:00:00,52.620,55.767,64.132,50.190
2,2018-08-09,10:00:00,52.600,55.552,63.885,49.997
2,2018-08-09,11:00:00,52.610,55.827,64.201,50.245
2,2018-08-09,12:00:00,52.650,56.097,64.512,50.488
2,2018-08-09,13:00:00,52.630,56.097,64.511,50.487
2,2018-08-09,14:00:00,52.660,56.547,65.028,50.892
2,2018-08-09,15:00:00,52.590,56.545,65.027,50.891
2,2018-08-09,16:00:00,52.560,56.623,65.116,50.961
2,2018-08-09,17:00:00,52.570,57.919,66.607,52.127
2,2018-08-09,18:00:00,52.640,57.647,66.294,51.883
2,2018-08-09,19:00:00,52.770,56.575,65.061,50.917
2,2018-08-09,20:00:00,52.070,54.523,62.702,49.071
2,2018-08-09,21:00:00,51.260,53.517,61.545,48.165
2,2018-08-09,22:00:00,49.610,53.014,60.966,47.712
2,2018-08-09,23:00:00,47.480,51.753,59.516,46.578
2,2018-08-10,00:00:00,46.860,51.603,59.344,46.443
2,2018-08-10,01:00:00,43.730,51.550,59.283,46.395
2,2018-08-10,02:00:00,41.770,51.410,59.122,46.269
2,2018-08-10,03:00:00,41.590,51.697,59.451,46.527
2,2018-08-10,04:00:00,41.070,52.206,60.037,46.985
2,2018-08-10,05:00:00,41.720,53.297,61.291,47.967
2,2018-08-10,06:00:00,48.070,54.218,62.350,48.796
2,2018-08-10,07:00:00,50.540,55.621,63.964,50.059
2,2018-08-10,08:00:00,51.810,56.364,64.818,50.727
2,2018-08-10,09:00:00,51.890,55.971,64.367,50.374
2,2018-08-10,10:00:00,51.380,55.793,64.162,50.214
2,2018-08-10,11:00:00,51.150,56.105,64.521,50.495
2,2018-08-10,12:00:00,49.930,56.412,64.874,50.771
2,2018-08-10,13:00:00,48.590,56.442,64.908,50.798
2,2018-08-10,14:00:00,47.900,56.925,65.463,51.232
2,2018-08-10,15:00:00,47.800,56.949,65.491,51.254
2,2018-08-10,16:00:00,48.840,57.046,65.603,51.341
2,2018-08-10,17:00:00,50.850,58.376,67.133,52.539
2,2018-08-10,18:00:00,51.000,58.129,66.849,52.317
2,2018-08-10,19:00:00,50.980,57.052,65.610,51.347
2,2018-08-10,20:00:00,50.200,54.952,63.195,49.457
2,2018-08-10,21:00:00,50.510,53.871,61.952,48.484
2,2018-08-10,22:00:00,50.090,53.298,61.292,47.968
2,2018-08-10,23:00:00,49.080,51.981,59.778,46.783
2,2018-08-11,00:00:00,48.570,51.773,59.539,46.596
2,2018-08-11,01:00:00,46.020,51.616,59.359,46.455
2,2018-08-11,02:00:00,44.080,51.337,59.038,46.203
2,2018-08-11,03:00:00,41.990,51.477,59.198,46.329
2,2018-08-11,04:00:00,41.000,51.859,59.638,46.673
2,2018-08-11,05:00:00,41.440,52.851,60.779,47.566
2,2018-08-11,06:00:00,42.200,53.692,61.746,48.323
2,2018-08-11,07:00:00,44.210,55.029,63.283,49.526
2,2018-08-11,08:00:00,47.970,55.719,64.077,50.147
2,2018-08-11,09:00:00,48.480,55.287,63.580,49.759
2,2018-08-11,10:00:00,48.460,55.080,63.342,49.572
2,2018-08-11,11:00:00,48.560,55.372,63.678,49.835
2,2018-08-11,12:00:00,48.760,55.668,64.018,50.101
2,2018-08-11,13:00:00,48.430,55.694,64.048,50.125
2,2018-08-11,14:00:00,47.780,56.180,64.607,50.562
2,2018-08-11,15:00:00,46.490,56.212,64.644,50.591
2,2018-08-11,16:00:00,47.940,56.321,64.769,50.689
2,2018-08-11,17:00:00,48.740,57.667,66.317,51.900
2,2018-08-11,18:00:00,49.490,57.440,66.056,51.696
2,2018-08-11,19:00:00,50.590,56.379,64.836,50.742
2,2018-08-11,20:00:00,50.760,54.286,62.429,48.858
2,2018-08-11,21:00:00,50.930,53.195,61.174,47.876
2,2018-08-11,22:00:00,50.130,52.598,60.487,47.338
2,2018-08-11,23:00:00,49.320,51.247,58.934,46.122
2,2018-08-12,00:00:00,47.060,51.411,59.123,46.270
2,2018-08-12,01:00:00,44.500,51.694,59.448,46.524
2,2018-08-12,02:00:00,43.080,51.808,59.579,46.627
2,2018-08-12,03:00:00,42.120,52.267,60.107,47.040
2,2018-08-12,04:00:00,41.030,52.899,60.834,47.609
2,2018-08-12,05:00:00,41.010,54.082,62.194,48.674
2,2018-08-12,06:00:00,42.020,55.067,63.327,49.560
2,2018-08-12,07:00:00,40.980,56.509,64.986,50.859
2,2018-08-12,08:00:00,42.290,57.275,65.866,51.547
2,2018-08-12,09:00:00,43.890,56.894,65.428,51.205
2,2018-08-12,10:00:00,44.540,56.720,65.228,51.048
2,2018-08-12,11:00:00,45.020,57.033,65.588,51.330
2,2018-08-12,12:00:00,45.020,57.342,65.943,51.608
2,2018-08-12,13:00:00,44.430,57.377,65.983,51.639
2,2018-08-12,14:00:00,44.410,57.871,66.551,52.083
2,2018-08-12,15:00:00,45.090,57.911,66.598,52.120
2,2018-08-12,16:00:00,45.880,58.030,66.735,52.227
2,2018-08-12,17:00:00,47.450,59.389,68.298,53.450
2,2018-08-12,18:00:00,49.590,59.179,68.055,53.261
2,2018-08-12,19:00:00,50.620,58.137,66.857,52.323
2,2018-08-12,20:00:00,50.830,56.060,64.469,50.454
2,2018-08-12,21:00:00,51.230,54.981,63.228,49.483
2,2018-08-12,22:00:00,50.450,54.387,62.546,48.949
2,2018-08-12,23:00:00,49.430,53.033,60.988,47.730
2,2018-08-13,00:00:00,48.980,52.970,60.916,47.673
2,2018-08-13,01:00:00,46.920,53.022,60.975,47.720
2,2018-08-13,02:00:00,44.490,52.965,60.910,47.669
2,2018-08-13,03:00:00,43.780,53.321,61.319,47.989
2,2018-08-13,04:00:00,43.760,53.905,61.991,48.515
2,2018-08-13,05:00:00,47.160,55.084,63.347,49.576
2,2018-08-13,06:00:00,50.650,56.096,64.510,50.486
2,2018-08-13,07:00:00,51.660,57.584,66.221,51.825
2,2018-08-13,08:00:00,52.530,58.403,67.163,52.563
2,2018-08-13,09:00:00,52.790,58.078,66.789,52.270
2,2018-08-13,10:00:00,53.040,57.956,66.649,52.160
2,2018-08-13,11:00:00,53.230,58.315,67.062,52.483
2,2018-08-13,12:00:00,53.070,58.662,67.461,52.796
2,2018-08-13,13:00:00,53.270,58.729,67.538,52.856
2,2018-08-13,14:00:00,53.090,59.248,68.136,53.324
2,2018-08-13,15:00:00,52.780,59.310,68.207,53.379
2,2018-08-13,16:00:00,52.610,59.447,68.364,53.502
2,2018-08-13,17:00:00,52.780,60.822,69.945,54.740
2,2018-08-13,18:00:00,52.590,60.626,69.720,54.563
2,2018-08-13,19:00:00,52.820,59.598,68.537,53.638
2,2018-08-13,20:00:00,52.900,57.533,66.163,51.780
2,2018-08-13,21:00:00,52.810,56.464,64.933,50.817
2,2018-08-13,22:00:00,51.870,55.877,64.259,50.289
2,2018-08-13,23:00:00,49.870,54.525,62.704,49.073
2,2018-08-14,00:00:00,49.380,54.439,62.605,48.995
2,2018-08-14,01:00:00,47.810,54.445,62.611,49.000
2,2018-08-14,02:00:00,46.840,54.331,62.481,48.898
2,2018-08-14,03:00:00,45.630,54.628,62.822,49.165
2,2018-08-14,04:00:00,46.040,55.160,63.434,49.644
2,2018-08-14,05:00:00,48.330,56.296,64.741,50.667
2,2018-08-14,06:00:00,51.860,57.279,65.871,51.551
2,2018-08-14,07:00:00,54.170,58.751,67.564,52.876
2,2018-08-14,08:00:00,55.180,59.568,68.503,53.611
2,2018-08-14,09:00:00,55.150,59.251,68.138,53.325
2,2018-08-14,10:00:00,55.220,59.145,68.016,53.230
2,2018-08-14,11:00:00,55.560,59.525,68.454,53.572
2,2018-08-14,12:00:00,55.180,59.897,68.881,53.907
2,2018-08-14,13:00:00,54.530,59.989,68.987,53.990
2,2018-08-14,14:00:00,53.500,60.533,69.612,54.479
2,2018-08-14,15:00:00,52.580,60.617,69.710,54.556
2,2018-08-14,16:00:00,52.260,60.775,69.891,54.697
2,2018-08-14,17:00:00,52.410,62.169,71.495,55.953
2,2018-08-14,18:00:00,53.270,61.992,71.290,55.793
2,2018-08-14,19:00:00,54.550,60.980,70.127,54.882
2,2018-08-14,20:00:00,53.960,58.932,67.772,53.039
2,2018-08-14,21:00:00,54.280,57.877,66.558,52.089
2,2018-08-14,22:00:00,52.530,57.302,65.898,51.572
2,2018-08-14,23:00:00,50.530,55.960,64.354,50.364
2,2018-08-15,00:00:00,49.370,55.037,63.292,49.533
2,2018-08-15,01:00:00,48.380,54.029,62.133,48.626
2,2018-08-15,02:00:00,47.840,52.958,60.901,47.662
2,2018-08-15,03:00:00,46.540,52.421,60.284,47.179
2,2018-08-15,04:00:00,45.490,52.252,60.090,47.027
2,2018-08-15,05:00:00,47.180,52.810,60.731,47.529
2,2018-08-15,06:00:00,50.280,53.318,61.316,47.987
2,2018-08-15,07:00:00,51.940,54.406,62.567,48.966
2,2018-08-15,08:00:00,52.950,54.914,63.151,49.423
2,2018-08-15,09:00:00,52.840,54.351,62.504,48.916
2,2018-08-15,10:00:00,52.930,54.052,62.160,48.647
2,2018-08-15,11:00:00,53.040,54.282,62.424,48.854
2,2018-08-15,12:00:00,52.650,54.539,62.719,49.085
2,2018-08-15,13:00:00,52.230,54.544,62.726,49.090
2,2018-08-15,14:00:00,51.770,55.025,63.279,49.523
2,2018-08-15,15:00:00,51.710,55.065,63.324,49.558
2,2018-08-15,16:00:00,51.270,55.191,63.470,49.672
2,2018-08-15,17:00:00,52.140,56.565,65.049,50.908
2,2018-08-15,18:00:00,54.400,56.373,64.829,50.736
2,2018-08-15,19:00:00,53.800,55.354,63.657,49.819
2,2018-08-15,20:00:00,52.960,53.302,61.297,47.972
2,2018-08-15,21:00:00,52.760,52.246,60.083,47.022
2,2018-08-15,22:00:00,52.030,51.673,59.424,46.505
2,2018-08-15,23:00:00,50.590,50.333,57.883,45.299
2,2018-08-16,00:00:00,49.390,50.954,58.597,45.859
2,2018-08-16,01:00:00,47.880,51.701,59.457,46.531
2,2018-08-16,02:00:00,47.300,52.155,59.978,46.940
2,2018-08-16,03:00:00,46.750,52.812,60.734,47.531
2,2018-08-16,04:00:00,46.470,53.525,61.554,48.173
2,2018-08-16,05:00:00,48.480,54.707,62.913,49.236
2,2018-08-16,06:00:00,51.870,55.638,63.984,50.074
2,2018-08-16,07:00:00,52.900,56.998,65.548,51.298
2,2018-08-16,08:00:00,53.740,57.669,66.319,51.902
2,2018-08-16,09:00:00,53.520,57.191,65.769,51.472
2,2018-08-16,10:00:00,53.030,56.924,65.462,51.231
2,2018-08-16,11:00:00,52.060,57.151,65.724,51.436
2,2018-08-16,12:00:00,51.180,57.384,65.992,51.646
2,2018-08-16,13:00:00,50.960,57.355,65.958,51.620
2,2018-08-16,14:00:00,50.580,57.796,66.466,52.017
2,2018-08-16,15:00:00,50.850,57.796,66.465,52.016
2,2018-08-16,16:00:00,51.170,57.884,66.567,52.096
2,2018-08-16,17:00:00,51.830,59.224,68.107,53.301
2,2018-08-16,18:00:00,51.770,59.003,67.854,53.103
2,2018-08-16,19:00:00,51.720,57.959,66.653,52.163
2,2018-08-16,20:00:00,51.050,55.887,64.270,50.298
2,2018-08-16,21:00:00,50.910,54.815,63.037,49.333
2,2018-08-16,22:00:00,50.490,54.229,62.363,48.806
2,2018-08-16,23:00:00,48.720,52.880,60.812,47.592
3,2018-08-11,00:00:00,48.570,49.303,56.699,44.373
3,2018-08-11,01:00:00,46.020,49.200,56.580,44.280
3,2018-08-11,02:00:00,44.080,48.634,55.929,43.771
3,2018-08-11,03:00:00,41.990,48.342,55.594,43.508
3,2018-08-11,04:00:00,41.000,48.194,55.423,43.375
3,2018-08-11,05:00:00,41.440,48.672,55.972,43.804
3,2018-08-11,06:00:00,42.200,49.622,57.066,44.660
3,2018-08-11,07:00:00,44.210,51.347,59.049,46.212
3,2018-08-11,08:00:00,47.970,52.519,60.397,47.267
3,2018-08-11,09:00:00,48.480,52.605,60.496,47.344
3,2018-08-11,10:00:00,48.460,52.827,60.751,47.544
3,2018-08-11,11:00:00,48.560,53.388,61.396,48.049
3,2018-08-11,12:00:00,48.760,53.705,61.761,48.335
3,2018-08-11,13:00:00,48.430,53.527,61.556,48.174
3,2018-08-11,14:00:00,47.780,53.638,61.684,48.275
3,2018-08-11,15:00:00,46.490,53.279,61.271,47.951
3,2018-08-11,16:00:00,47.940,53.125,61.094,47.813
3,2018-08-11,17:00:00,48.740,54.314,62.461,48.883
3,2018-08-11,18:00:00,49.490,54.061,62.170,48.655
3,2018-08-11,19:00:00,50.590,53.167,61.142,47.850
3,2018-08-11,20:00:00,50.760,51.448,59.165,46.303
3,2018-08-11,21:00:00,50.930,50.894,58.528,45.805
3,2018-08-11,22:00:00,50.130,50.806,58.427,45.726
3,2018-08-11,23:00:00,49.320,49.876,57.357,44.888
3,2018-08-12,00:00:00,47.060,50.130,57.650,45.117
3,2018-08-12,01:00:00,44.500,50.335,57.886,45.302
3,2018-08-12,02:00:00,43.080,50.273,57.814,45.245
3,2018-08-12,03:00:00,42.120,50.462,58.031,45.415
3,2018-08-12,04:00:00,41.030,50.723,58.331,45.651
3,2018-08-12,05:00:00,41.010,51.460,59.180,46.314
3,2018-08-12,06:00:00,42.020,52.107,59.923,46.896
3,2018-08-12,07:00:00,40.980,53.349,61.351,48.014
3,2018-08-12,08:00:00,42.290,54.064,62.173,48.657
3,2018-08-12,09:00:00,43.890,53.755,61.819,48.380
3,2018-08-12,10:00:00,44.540,53.720,61.778,48.348
3,2018-08-12,11:00:00,45.020,54.185,62.313,48.766
3,2018-08-12,12:00:00,45.020,54.601,62.791,49.141
3,2018-08-12,13:00:00,44.430,54.677,62.879,49.209
3,2018-08-12,14:00:00,44.410,55.123,63.392,49.611
3,2018-08-12,15:00:00,45.090,55.033,63.288,49.529
3,2018-08-12,16:00:00,45.880,55.000,63.250,49.500
3,2018-08-12,17:00:00,47.450,56.222,64.655,50.600
3,2018-08-12,18:00:00,49.590,55.938,64.328,50.344
3,2018-08-12,19:00:00,50.620,54.924,63.162,49.431
3,2018-08-12,20:00:00,50.830,53.004,60.955,47.704
3,2018-08-12,21:00:00,51.230,52.199,60.029,46.979
3,2018-08-12,22:00:00,50.450,51.926,59.715,46.733
3,2018-08-12,23:00:00,49.430,50.903,58.538,45.812
3,2018-08-13,00:00:00,48.980,50.972,58.618,45.875
3,2018-08-13,01:00:00,46.920,51.024,58.678,45.922
3,2018-08-13,02:00:00,44.490,50.891,58.525,45.802
3,2018-08-13,03:00:00,43.780,51.099,58.764,45.989
3,2018-08-13,04:00:00,43.760,51.466,59.186,46.319
3,2018-08-13,05:00:00,47.160,52.429,60.294,47.186
3,2018-08-13,06:00:00,50.650,53.305,61.301,47.975
3,2018-08-13,07:00:00,51.660,54.671,62.872,49.204
3,2018-08-13,08:00:00,52.530,55.378,63.685,49.840
3,2018-08-13,09:00:00,52.790,54.985,63.232,49.486
3,2018-08-13,10:00:00,53.040,54.842,63.069,49.358
3,2018-08-13,11:00:00,53.230,55.212,63.493,49.690
3,2018-08-13,12:00:00,53.070,55.574,63.910,50.016
3,2018-08-13,13:00:00,53.270,55.653,64.001,50.088
3,2018-08-13,14:00:00,53.090,56.168,64.593,50.551
3,2018-08-13,15:00:00,52.780,56.200,64.631,50.580
3,2018-08-13,16:00:00,52.610,56.286,64.728,50.657
3,2018-08-13,17:00:00,52.780,57.567,66.202,51.810
3,2018-08-13,18:00:00,52.590,57.278,65.869,51.550
3,2018-08-13,19:00:00,52.820,56.206,64.637,50.586
3,2018-08-13,20:00:00,52.900,54.167,62.292,48.750
3,2018-08-13,21:00:00,52.810,53.195,61.174,47.875
3,2018-08-13,22:00:00,51.870,52.760,60.673,47.484
3,2018-08-13,23:00:00,49.870,51.613,59.355,46.452
3,2018-08-14,00:00:00,49.380,51.712,59.469,46.541
3,2018-08-14,01:00:00,47.810,51.845,59.622,46.661
3,2018-08-14,02:00:00,46.840,51.799,59.569,46.619
3,2018-08-14,03:00:00,45.630,52.090,59.903,46.881
3,2018-08-14,04:00:00,46.040,52.557,60.441,47.301
3,2018-08-14,05:00:00,48.330,53.611,61.653,48.250
3,2018-08-14,06:00:00,51.860,54.522,62.700,49.070
3,2018-08-14,07:00:00,54.170,55.906,64.291,50.315
3,2018-08-14,08:00:00,55.180,56.629,65.123,50.966
3,2018-08-14,09:00:00,55.150,56.235,64.671,50.612
3,2018-08-14,10:00:00,55.220,56.072,64.483,50.465
3,2018-08-14,11:00:00,55.560,56.403,64.863,50.762
3,2018-08-14,12:00:00,55.180,56.732,65.242,51.059
3,2018-08-14,13:00:00,54.530,56.791,65.310,51.112
3,2018-08-14,14:00:00,53.500,57.296,65.890,51.566
3,2018-08-14,15:00:00,52.580,57.339,65.940,51.605
3,2018-08-14,16:00:00,52.260,57.444,66.060,51.699
3,2018-08-14,17:00:00,52.410,58.750,67.563,52.875
3,2018-08-14,18:00:00,53.270,58.489,67.262,52.640
3,2018-08-14,19:00:00,54.550,57.422,66.036,51.680
3,2018-08-14,20:00:00,53.960,55.366,63.671,49.829
3,2018-08-14,21:00:00,54.280,54.353,62.506,48.917
3,2018-08-14,22:00:00,52.530,53.844,61.921,48.460
3,2018-08-14,23:00:00,50.530,52.582,60.470,47.324
3,2018-08-15,00:00:00,49.370,51.718,59.476,46.546
3,2018-08-15,01:00:00,48.380,50.748,58.361,45.674
3,2018-08-15,02:00:00,47.840,49.711,57.167,44.740
3,2018-08-15,03:00:00,46.540,49.151,56.524,44.236
3,2018-08-15,04:00:00,45.490,48.942,56.283,44.047
3,2018-08-15,05:00:00,47.180,49.521,56.949,44.569
3,2018-08-15,06:00:00,50.280,50.121,57.639,45.109
3,2018-08-15,07:00:00,51.940,51.327,59.026,46.195
3,2018-08-15,08:00:00,52.950,51.946,59.738,46.751
3,2018-08-15,09:00:00,52.840,51.474,59.196,46.327
3,2018-08-15,10:00:00,52.930,51.239,58.925,46.115
3,2018-08-15,11:00:00,53.040,51.492,59.216,46.343
3,2018-08-15,12:00:00,52.650,51.727,59.487,46.555
3,2018-08-15,13:00:00,52.230,51.692,59.446,46.523
3,2018-08-15,14:00:00,51.770,52.104,59.920,46.894
3,2018-08-15,15:00:00,51.710,52.081,59.893,46.873
3,2018-08-15,16:00:00,51.270,52.157,59.981,46.942
3,2018-08-15,17:00:00,52.140,53.459,61.478,48.113
3,2018-08-15,18:00:00,54.400,53.195,61.174,47.875
3,2018-08-15,19:00:00,53.800,52.125,59.944,46.913
3,2018-08-15,20:00:00,52.960,50.076,57.587,45.068
3,2018-08-15,21:00:00,52.760,49.065,56.424,44.158
3,2018-08-15,22:00:00,52.030,48.555,55.839,43.700
3,2018-08-15,23:00:00,50.590,47.285,54.378,42.557
3,2018-08-16,00:00:00,49.390,47.976,55.172,43.178
3,2018-08-16,01:00:00,47.880,48.725,56.034,43.852
3,2018-08-16,02:00:00,47.300,49.116,56.483,44.204
3,2018-08-16,03:00:00,46.750,49.642,57.088,44.678
3,2018-08-16,04:00:00,46.470,50.214,57.746,45.192
3,2018-08-16,05:00:00,48.480,51.325,59.024,46.193
3,2018-08-16,06:00:00,51.870,52.290,60.133,47.061
3,2018-08-16,07:00:00,52.900,53.703,61.759,48.333
3,2018-08-16,08:00:00,53.740,54.427,62.591,48.985
3,2018-08-16,09:00:00,53.520,54.017,62.120,48.616
3,2018-08-16,10:00:00,53.030,53.823,61.897,48.441
3,2018-08-16,11:00:00,52.060,54.111,62.227,48.700
3,2018-08-16,12:00:00,51.180,54.384,62.542,48.946
3,2018-08-16,13:00:00,50.960,54.380,62.537,48.942
3,2018-08-16,14:00:00,50.580,54.821,63.044,49.339
3,2018-08-16,15:00:00,50.850,54.806,63.027,49.325
3,2018-08-16,16:00:00,51.170,54.869,63.099,49.382
3,2018-08-16,17:00:00,51.830,56.148,64.571,50.534
3,2018-08-16,18:00:00,51.770,55.864,64.244,50.278
3,2018-08-16,19:00:00,51.720,54.785,63.003,49.307
3,2018-08-16,20:00:00,51.050,52.720,60.628,47.448
3,2018-08-16,21:00:00,50.910,51.677,59.429,46.510
3,2018-08-16,22:00:00,50.490,51.105,58.771,45.994
3,2018-08-16,23:00:00,48.720,49.751,57.214,44.776
3,2018-08-17,00:00:00,47.940,49.496,56.920,44.546
3,2018-08-17,01:00:00,46.670,49.285,56.678,44.357
3,2018-08-17,02:00:00,45.160,48.959,56.303,44.063
3,2018-08-17,03:00:00,45.140,49.068,56.428,44.161
3,2018-08-17,04:00:00,45.030,49.414,56.826,44.473
3,2018-08-17,05:00:00,47.030,50.370,57.925,45.333
3,2018-08-17,06:00:00,50.110,51.304,59.000,46.174
3,2018-08-17,07:00:00,50.710,52.788,60.707,47.510
3,2018-08-17,08:00:00,51.810,53.634,61.679,48.270
3,2018-08-17,09:00:00,51.990,53.346,61.348,48.012
3,2018-08-17,10:00:00,52.100,53.251,61.238,47.926
3,2018-08-17,11:00:00,52.040,53.613,61.655,48.252
3,2018-08-17,12:00:00,52.130,53.920,62.008,48.528
3,2018-08-17,13:00:00,52.160,53.904,61.989,48.513
3,2018-08-17,14:00:00,51.650,54.307,62.454,48.877
3,2018-08-17,15:00:00,50.990,54.251,62.388,48.826
3,2018-08-17,16:00:00,50.950,54.299,62.444,48.869
3,2018-08-17,17:00:00,50.970,55.614,63.956,50.053
3,2018-08-17,18:00:00,50.880,55.377,63.683,49.839
3,2018-08-17,19:00:00,50.970,54.338,62.488,48.904
3,2018-08-17,20:00:00,50.350,52.302,60.147,47.072
3,2018-08-17,21:00:00,50.460,51.302,58.997,46.172
3,2018-08-17,22:00:00,50.030,50.792,58.411,45.713
3,2018-08-17,23:00:00,48.830,49.515,56.942,44.563
3,2018-08-18,00:00:00,49.150,49.338,56.739,44.405
3,2018-08-18,01:00:00,48.360,49.194,56.574,44.275
3,2018-08-18,02:00:00,47.350,48.902,56.238,44.012
3,2018-08-18,03:00:00,46.080,49.002,56.353,44.102
3,2018-08-18,04:00:00,45.900,49.324,56.723,44.392
3,2018-08-18,05:00:00,45.730,50.241,57.778,45.217
3,2018-08-18,06:00:00,47.640,51.024,58.677,45.921
3,2018-08-18,07:00:00,48.660,52.334,60.184,47.100
3,2018-08-18,08:00:00,49.960,53.032,60.987,47.729
3,2018-08-18,09:00:00,50.290,52.638,60.534,47.374
3,2018-08-18,10:00:00,50.130,52.488,60.361,47.239
3,2018-08-18,11:00:00,49.450,52.844,60.771,47.560
3,2018-08-18,12:00:00,47.330,53.197,61.176,47.877
3,2018-08-18,13:00:00,46.020,53.261,61.250,47.935
3,2018-08-18,14:00:00,45.530,53.759,61.823,48.383
3,2018-08-18,15:00:00,46.000,53.779,61.846,48.401
3,2018-08-18,16:00:00,46.850,53.861,61.940,48.475
3,2018-08-18,17:00:00,48.000,55.177,63.453,49.659
3,2018-08-18,18:00:00,48.160,54.925,63.164,49.433
3,2018-08-18,19:00:00,48.110,53.854,61.932,48.468
3,2018-08-18,20:00:00,47.670,51.767,59.532,46.590
3,2018-08-18,21:00:00,48.040,50.702,58.307,45.632
3,2018-08-18,22:00:00,46.410,50.144,57.665,45.129
3,2018-08-18,23:00:00,43.640,48.838,56.163,43.954
3,2018-08-19,00:00:00,44.180,49.043,56.399,44.138
3,2018-08-19,01:00:00,42.800,49.357,56.761,44.421
3,2018-08-19,02:00:00,42.560,49.491,56.914,44.541
3,2018-08-19,03:00:00,43.100,49.953,57.446,44.958
3,2018-08-19,04:00:00,44.010,50.573,58.159,45.516
3,2018-08-19,05:00:00,44.140,51.729,59.488,46.556
3,2018-08-19,06:00:00,44.210,52.678,60.579,47.410
3,2018-08-19,07:00:00,45.000,54.084,62.196,48.675
3,2018-08-19,08:00:00,46.060,54.821,63.045,49.339
3,2018-08-19,09:00:00,47.020,54.427,62.591,48.984
3,2018-08-19,10:00:00,46.020,54.255,62.393,48.829
3,2018-08-19,11:00:00,45.890,54.583,62.771,49.125
3,2018-08-19,12:00:00,44.700,54.917,63.154,49.425
3,2018-08-19,13:00:00,44.240,54.980,63.227,49.482
3,2018-08-19,14:00:00,42.570,55.499,63.824,49.949
3,2018-08-19,15:00:00,42.450,55.555,63.888,50.000
3,2018-08-19,16:00:00,44.240,55.679,64.031,50.111
3,2018-08-19,17:00:00,47.070,57.034,65.589,51.331
3,2018-08-19,18:00:00,49.780,56.815,65.337,51.133
3,2018-08-19,19:00:00,50.030,55.763,64.128,50.187
3,2018-08-19,20:00:00,50.140,53.682,61.734,48.313
3,2018-08-19,21:00:00,50.260,52.605,60.496,47.345
3,2018-08-19,22:00:00,49.820,52.024,59.828,46.822
3,2018-08-19,23:00:00,48.230,50.692,58.295,45.622
3,2018-08-20,00:00:00,46.590,50.657,58.256,45.592
3,2018-08-20,01:00:00,46.060,50.739,58.349,45.665
3,2018-08-20,02:00:00,44.150,50.711,58.318,45.640
3,2018-08-20,03:00:00,43.800,51.090,58.754,45.981
3,2018-08-20,04:00:00,43.600,51.692,59.446,46.523
3,2018-08-20,05:00:00,46.760,52.878,60.809,47.590
3,2018-08-20,06:00:00,50.790,53.886,61.969,48.498
3,2018-08-20,07:00:00,52.470,55.363,63.668,49.827
3,2018-08-20,08:00:00,53.000,56.167,64.592,50.550
3,2018-08-20,09:00:00,52.950,55.825,64.198,50.242
3,2018-08-20,10:00:00,52.940,55.689,64.042,50.120
3,2018-08-20,11:00:00,52.800,56.039,64.445,50.435
3,2018-08-20,12:00:00,52.360,56.384,64.842,50.746
3,2018-08-20,13:00:00,51.610,56.456,64.924,50.810
3,2018-08-20,14:00:00,50.840,56.985,65.532,51.286
3,2018-08-20,15:00:00,50.730,57.058,65.616,51.352
3,2018-08-20,16:00:00,50.740,57.205,65.785,51.484
3,2018-08-20,17:00:00,50.950,58.587,67.375,52.728
3,2018-08-20,18:00:00,50.970,58.395,67.154,52.555
3,2018-08-20,19:00:00,50.930,57.367,65.972,51.630
3,2018-08-20,20:00:00,50.810,55.302,63.597,49.772
3,2018-08-20,21:00:00,50.800,54.232,62.367,48.809
3,2018-08-20,22:00:00,50.230,53.648,61.695,48.283
3,2018-08-20,23:00:00,48.170,52.304,60.150,47.074
3,2018-08-21,00:00:00,48.790,52.235,60.070,47.011
3,2018-08-21,01:00:00,48.220,52.264,60.104,47.038
3,2018-08-21,02:00:00,48.070,52.178,60.005,46.961
3,2018-08-21,03:00:00,48.020,52.504,60.380,47.254
3,2018-08-21,04:00:00,47.940,53.064,61.024,47.758
3,2018-08-21,05:00:00,48.880,54.226,62.359,48.803
3,2018-08-21,06:00:00,51.080,55.227,63.511,49.704
3,2018-08-21,07:00:00,52.890,56.710,65.216,51.039
3,2018-08-21,08:00:00,54.090,57.531,66.160,51.777
3,2018-08-21,09:00:00,54.140,57.211,65.793,51.490
3,2018-08-21,10:00:00,53.960,57.099,65.664,51.389
3,2018-08-21,11:00:00,53.770,57.472,66.092,51.725
3,2018-08-21,12:00:00,53.730,57.836,66.511,52.052
3,2018-08-21,13:00:00,53.640,57.923,66.611,52.131
3,2018-08-21,14:00:00,53.420,58.465,67.235,52.618
3,2018-08-21,15:00:00,53.530,58.551,67.334,52.696
3,2018-08-21,16:00:00,53.380,58.712,67.519,52.841
3,2018-08-21,17:00:00,53.390,60.110,69.127,54.099
3,2018-08-21,18:00:00,53.500,59.936,68.926,53.942
3,2018-08-21,19:00:00,53.550,58.927,67.766,53.034
3,2018-08-21,20:00:00,52.900,56.880,65.412,51.192
3,2018-08-21,21:00:00,53.030,55.825,64.198,50.242
3,2018-08-21,22:00:00,51.770,55.250,63.538,49.725
3,2018-08-21,23:00:00,49.920,53.909,61.995,48.518
3,2018-08-22,00:00:00,49.880,52.990,60.938,47.691
3,2018-08-22,01:00:00,49.480,51.990,59.788,46.791
3,2018-08-22,02:00:00,49.200,50.930,58.569,45.837
3,2018-08-22,03:00:00,48.420,50.405,57.966,45.365
3,2018-08-22,04:00:00,48.610,50.250,57.788,45.225
3,2018-08-22,05:00:00,49.100,50.823,58.446,45.740
3,2018-08-22,06:00:00,51.560,51.347,59.049,46.212
3,2018-08-22,07:00:00,54.010,52.450,60.317,47.205
3,2018-08-22,08:00:00,54.570,52.972,60.917,47.674
3,2018-08-22,09:00:00,55.040,52.420,60.283,47.178
3,2018-08-22,10:00:00,53.660,52.129,59.948,46.916
3,2018-08-22,11:00:00,53.310,52.363,60.218,47.127
3,2018-08-22,12:00:00,51.680,52.621,60.514,47.359
3,2018-08-22,13:00:00,51.100,52.625,60.518,47.362
3,2018-08-22,14:00:00,50.950,53.101,61.067,47.791
3,2018-08-22,15:00:00,51.430,53.137,61.107,47.823
3,2018-08-22,16:00:00,51.040,53.259,61.248,47.933
3,2018-08-22,17:00:00,51.040,54.629,62.824,49.166
3,2018-08-22,18:00:00,51.140,54.436,62.602,48.992
3,2018-08-22,19:00:00,51.210,53.416,61.428,48.074
3,2018-08-22,20:00:00,50.700,51.362,59.067,46.226
3,2018-08-22,21:00:00,50.770,50.305,57.851,45.275
3,2018-08-22,22:00:00,49.740,49.731,57.191,44.758
3,2018-08-22,23:00:00,48.260,48.391,55.650,43.552
3,2018-08-23,00:00:00,48.710,49.009,56.360,44.108
3,2018-08-23,01:00:00,48.050,49.754,57.217,44.779
3,2018-08-23,02:00:00,47.710,50.207,57.738,45.186
3,2018-08-23,03:00:00,48.120,50.864,58.494,45.778
3,2018-08-23,04:00:00,47.980,51.578,59.315,46.421
3,2018-08-23,05:00:00,49.680,52.763,60.678,47.487
3,2018-08-23,06:00:00,51.720,53.701,61.756,48.331
3,2018-08-23,07:00:00,53.720,55.070,63.330,49.563
3,2018-08-23,08:00:00,54.130,55.751,64.113,50.176
3,2018-08-23,09:00:00,54.830,55.284,63.577,49.756
3,2018-08-23,10:00:00,55.810,55.028,63.282,49.525
3,2018-08-23,11:00:00,54.940,55.265,63.555,49.739
3,2018-08-23,12:00:00,53.420,55.507,63.833,49.956
3,2018-08-23,13:00:00,52.870,55.484,63.807,49.936
3,2018-08-23,14:00:00,52.950,55.929,64.319,50.337
3,2018-08-23,15:00:00,53.680,55.931,64.321,50.338
3,2018-08-23,16:00:00,54.440,56.021,64.424,50.419
3,2018-08-23,17:00:00,55.240,57.360,65.964,51.624
3,2018-08-23,18:00:00,54.990,57.139,65.709,51.425
3,2018-08-23,19:00:00,55.630,56.093,64.507,50.484
3,2018-08-23,20:00:00,55.090,54.019,62.122,48.617
3,2018-08-23,21:00:00,55.050,52.944,60.886,47.650
3,2018-08-23,22:00:00,52.860,52.355,60.208,47.119
3,2018-08-23,23:00:00,50.620,51.000,58.650,45.900
3,2018-08-24,00:00:00,50.460,50.761,58.376,45.685
3,2018-08-24,01:00:00,50.290,50.633,58.228,45.570
3,2018-08-24,02:00:00,49.770,50.439,58.005,45.395
3,2018-08-24,03:00:00,49.060,50.697,58.302,45.627
3,2018-08-24,04:00:00,48.970,51.209,58.891,46.089
3,2018-08-24,05:00:00,49.730,52.327,60.176,47.094
3,2018-08-24,06:00:00,51.080,53.281,61.273,47.952
3,2018-08-24,07:00:00,53.580,54.710,62.916,49.239
3,2018-08-24,08:00:00,54.560,55.471,63.792,49.924
3,2018-08-24,09:00:00,54.470,55.087,63.351,49.579
3,2018-08-24,10:00:00,53.850,54.907,63.144,49.417
3,2018-08-24,11:00:00,53.420,55.209,63.490,49.688
3,2018-08-24,12:00:00,50.980,55.500,63.825,49.950
3,2018-08-24,13:00:00,50.540,55.512,63.838,49.961
3,2018-08-24,14:00:00,50.030,55.978,64.375,50.380
3,2018-08-24,15:00:00,49.320,55.989,64.388,50.390
3,2018-08-24,16:00:00,49.360,56.079,64.491,50.471
3,2018-08-24,17:00:00,50.160,57.414,66.026,51.673
3,2018-08-24,18:00:00,50.960,57.185,65.763,51.467
3,2018-08-24,19:00:00,51.110,56.131,64.551,50.518
3,2018-08-24,20:00:00,51.010,54.047,62.154,48.643
3,2018-08-24,21:00:00,51.070,52.964,60.908,47.667
3,2018-08-24,22:00:00,50.360,52.366,60.221,47.130
3,2018-08-24,23:00:00,49.630,51.006,58.657,45.905
4,2018-10-12,00:00:00,40.940,42.484,48.857,38.236
4,2018-10-12,01:00:00,40.350,42.191,48.520,37.972
4,2018-10-12,02:00:00,39.820,41.438,47.654,37.294
4,2018-10-12,03:00:00,40.360,41.147,47.318,37.032
4,2018-10-12,04:00:00,40.920,41.597,47.837,37.438
4,2018-10-12,05:00:00,43.320,43.344,49.846,39.010
4,2018-10-12,06:00:00,46.300,45.372,52.177,40.834
4,2018-10-12,07:00:00,48.570,47.951,55.144,43.156
4,2018-10-12,08:00:00,49.280,49.696,57.151,44.727
4,2018-10-12,09:00:00,48.270,50.121,57.640,45.109
4,2018-10-12,10:00:00,48.410,50.549,58.132,45.494
4,2018-10-12,11:00:00,47.000,51.195,58.874,46.075
4,2018-10-12,12:00:00,46.570,51.506,59.232,46.356
4,2018-10-12,13:00:00,45.890,51.470,59.191,46.323
4,2018-10-12,14:00:00,45.010,51.846,59.623,46.661
4,2018-10-12,15:00:00,44.820,51.797,59.567,46.617
4,2018-10-12,16:00:00,44.530,51.874,59.655,46.687
4,2018-10-12,17:00:00,45.390,53.163,61.138,47.847
4,2018-10-12,18:00:00,46.060,52.997,60.946,47.697
4,2018-10-12,19:00:00,46.260,52.143,59.964,46.928
4,2018-10-12,20:00:00,43.680,50.385,57.943,45.346
4,2018-10-12,21:00:00,42.400,49.556,56.990,44.601
4,2018-10-12,22:00:00,40.920,49.029,56.383,44.126
4,2018-10-12,23:00:00,39.360,47.664,54.813,42.897
4,2018-10-13,00:00:00,35.700,47.140,54.210,42.426
4,2018-10-13,01:00:00,31.330,46.517,53.494,41.865
4,2018-10-13,02:00:00,27.080,45.711,52.567,41.140
4,2018-10-13,03:00:00,26.870,45.331,52.130,40.798
4,2018-10-13,04:00:00,27.430,45.323,52.122,40.791
4,2018-10-13,05:00:00,31.540,46.128,53.047,41.515
4,2018-10-13,06:00:00,34.950,47.010,54.061,42.309
4,2018-10-13,07:00:00,37.350,48.576,55.863,43.719
4,2018-10-13,08:00:00,39.450,49.625,57.069,44.663
4,2018-10-13,09:00:00,40.150,49.639,57.085,44.675
4,2018-10-13,10:00:00,40.360,49.899,57.384,44.909
4,2018-10-13,11:00:00,40.320,50.613,58.205,45.552
4,2018-10-13,12:00:00,37.840,51.232,58.917,46.109
4,2018-10-13,13:00:00,34.770,51.504,59.229,46.353
4,2018-10-13,14:00:00,32.350,52.158,59.982,46.942
4,2018-10-13,15:00:00,36.970,52.305,60.151,47.074
4,2018-10-13,16:00:00,38.590,52.501,60.377,47.251
4,2018-10-13,17:00:00,39.790,53.891,61.974,48.501
4,2018-10-13,18:00:00,40.780,53.732,61.792,48.359
4,2018-10-13,19:00:00,40.300,52.791,60.710,47.512
4,2018-10-13,20:00:00,38.900,50.879,58.511,45.791
4,2018-10-13,21:00:00,31.590,49.990,57.489,44.991
4,2018-10-13,22:00:00,25.390,49.555,56.988,44.599
4,2018-10-13,23:00:00,19.550,48.314,55.561,43.483
4,2018-10-14,00:00:00,5.100,48.413,55.675,43.571
4,2018-10-14,01:00:00,4.710,48.500,55.776,43.650
4,2018-10-14,02:00:00,4.040,48.331,55.581,43.498
4,2018-10-14,03:00:00,3.990,48.420,55.683,43.578
4,2018-10-14,04:00:00,4.240,48.649,55.946,43.784
4,2018-10-14,05:00:00,4.700,49.471,56.892,44.524
4,2018-10-14,06:00:00,4.590,50.176,57.703,45.159
4,2018-10-14,07:00:00,10.420,51.446,59.163,46.301
4,2018-10-14,08:00:00,26.350,52.161,59.985,46.945
4,2018-10-14,09:00:00,29.030,51.864,59.644,46.678
4,2018-10-14,10:00:00,29.070,51.869,59.649,46.682
4,2018-10-14,11:00:00,28.810,52.401,60.261,47.161
4,2018-10-14,12:00:00,23.730,52.931,60.871,47.638
4,2018-10-14,13:00:00,25.020,53.166,61.141,47.849
4,2018-10-14,14:00:00,20.980,53.814,61.886,48.432
4,2018-10-14,15:00:00,23.830,53.975,62.071,48.577
4,2018-10-14,16:00:00,23.170,54.204,62.334,48.783
4,2018-10-14,17:00:00,37.030,55.644,63.991,50.080
4,2018-10-14,18:00:00,38.810,55.537,63.867,49.983
4,2018-10-14,19:00:00,38.460,54.632,62.826,49.169
4,2018-10-14,20:00:00,33.760,52.730,60.639,47.457
4,2018-10-14,21:00:00,30.270,51.839,59.615,46.655
4,2018-10-14,22:00:00,26.620,51.412,59.124,46.271
4,2018-10-14,23:00:00,4.910,50.211,57.742,45.189
4,2018-10-15,00:00:00,2.170,50.104,57.620,45.094
4,2018-10-15,01:00:00,4.030,49.990,57.488,44.991
4,2018-10-15,02:00:00,4.880,49.697,57.152,44.727
4,2018-10-15,03:00:00,10.470,49.757,57.221,44.781
4,2018-10-15,04:00:00,17.510,50.017,57.520,45.015
4,2018-10-15,05:00:00,39.800,50.901,58.536,45.811
4,2018-10-15,06:00:00,43.100,51.691,59.445,46.522
4,2018-10-15,07:00:00,45.640,52.989,60.937,47.690
4,2018-10-15,08:00:00,46.410,53.639,61.685,48.275
4,2018-10-15,09:00:00,46.260,53.192,61.171,47.873
4,2018-10-15,10:00:00,46.010,53.000,60.949,47.700
4,2018-10-15,11:00:00,45.810,53.325,61.323,47.992
4,2018-10-15,12:00:00,45.370,53.665,61.715,48.299
4,2018-10-15,13:00:00,45.030,53.754,61.817,48.378
4,2018-10-15,14:00:00,45.390,54.307,62.453,48.876
4,2018-10-15,15:00:00,45.460,54.406,62.566,48.965
4,2018-10-15,16:00:00,46.070,54.587,62.775,49.128
4,2018-10-15,17:00:00,46.440,55.988,64.387,50.390
4,2018-10-15,18:00:00,48.140,55.841,64.217,50.257
4,2018-10-15,19:00:00,48.290,54.907,63.143,49.416
4,2018-10-15,20:00:00,45.850,52.978,60.925,47.681
4,2018-10-15,21:00:00,43.170,52.071,59.882,46.864
4,2018-10-15,22:00:00,42.580,51.636,59.382,46.473
4,2018-10-15,23:00:00,40.590,50.407,57.969,45.367
4,2018-10-16,00:00:00,40.510,50.280,57.822,45.252
4,2018-10-16,01:00:00,39.960,50.121,57.639,45.109
4,2018-10-16,02:00:00,39.660,49.779,57.246,44.801
4,2018-10-16,03:00:00,39.950,49.845,57.322,44.861
4,2018-10-16,04:00:00,40.480,50.136,57.656,45.122
4,2018-10-16,05:00:00,42.560,51.130,58.799,46.017
4,2018-10-16,06:00:00,44.280,52.043,59.849,46.838
4,2018-10-16,07:00:00,46.700,53.452,61.470,48.107
4,2018-10-16,08:00:00,47.510,54.204,62.335,48.784
4,2018-10-16,09:00:00,47.230,53.818,61.891,48.436
4,2018-10-16,10:00:00,47.200,53.636,61.682,48.273
4,2018-10-16,11:00:00,46.700,53.930,62.020,48.537
4,2018-10-16,12:00:00,45.830,54.211,62.343,48.790
4,2018-10-16,13:00:00,45.090,54.222,62.355,48.800
4,2018-10-16,14:00:00,44.400,54.685,62.887,49.216
4,2018-10-16,15:00:00,44.420,54.689,62.892,49.220
4,2018-10-16,16:00:00,45.750,54.779,62.995,49.301
4,2018-10-16,17:00:00,46.410,56.097,64.512,50.487
4,2018-10-16,18:00:00,47.110,55.885,64.268,50.297
4,2018-10-16,19:00:00,47.320,54.899,63.134,49.410
4,2018-10-16,20:00:00,44.960,52.918,60.855,47.626
4,2018-10-16,21:00:00,44.100,51.955,59.749,46.760
4,2018-10-16,22:00:00,42.620,51.466,59.186,46.319
4,2018-10-16,23:00:00,41.440,50.180,57.707,45.162
4,2018-10-17,00:00:00,42.300,49.296,56.690,44.366
4,2018-10-17,01:00:00,40.010,48.304,55.550,43.474
4,2018-10-17,02:00:00,39.610,47.235,54.320,42.512
4,2018-10-17,03:00:00,39.820,46.704,53.710,42.034
4,2018-10-17,04:00:00,41.010,46.520,53.498,41.868
4,2018-10-17,05:00:00,42.800,47.073,54.134,42.366
4,2018-10-17,06:00:00,44.700,47.630,54.775,42.867
4,2018-10-17,07:00:00,45.430,48.778,56.095,43.900
4,2018-10-17,08:00:00,45.810,49.329,56.728,44.396
4,2018-10-17,09:00:00,45.830,48.801,56.121,43.921
4,2018-10-17,10:00:00,45.620,48.534,55.814,43.680
4,2018-10-17,11:00:00,45.160,48.769,56.084,43.892
4,2018-10-17,12:00:00,44.060,48.997,56.347,44.098
4,2018-10-17,13:00:00,43.930,48.949,56.292,44.054
4,2018-10-17,14:00:00,43.720,49.353,56.756,44.418
4,2018-10-17,15:00:00,44.060,49.313,56.709,44.381
4,2018-10-17,16:00:00,44.540,49.370,56.775,44.433
4,2018-10-17,17:00:00,45.070,50.668,58.268,45.601
4,2018-10-17,18:00:00,45.390,50.424,57.987,45.381
4,2018-10-17,19:00:00,45.490,49.398,56.808,44.458
4,2018-10-17,20:00:00,44.120,47.361,54.466,42.625
4,2018-10-17,21:00:00,42.930,46.331,53.280,41.698
4,2018-10-17,22:00:00,42.080,45.744,52.606,41.170
4,2018-10-17,23:00:00,41.010,44.364,51.019,39.928
4,2018-10-18,00:00:00,40.430,44.883,51.615,40.394
4,2018-10-18,01:00:00,39.950,45.415,52.227,40.873
4,2018-10-18,02:00:00,39.370,45.590,52.429,41.031
4,2018-10-18,03:00:00,40.040,45.993,52.892,41.394
4,2018-10-18,04:00:00,40.670,46.582,53.570,41.924
4,2018-10-18,05:00:00,42.330,47.804,54.975,43.024
4,2018-10-18,06:00:00,42.890,48.885,56.218,43.996
4,2018-10-18,07:00:00,46.730,50.431,57.995,45.388
4,2018-10-18,08:00:00,47.290,51.271,58.961,46.144
4,2018-10-18,09:00:00,47.260,50.935,58.576,45.842
4,2018-10-18,10:00:00,46.890,50.776,58.392,45.698
4,2018-10-18,11:00:00,44.980,51.064,58.724,45.958
4,2018-10-18,12:00:00,44.590,51.294,58.988,46.164
4,2018-10-18,13:00:00,43.950,51.241,58.927,46.117
4,2018-10-18,14:00:00,43.340,51.648,59.395,46.483
4,2018-10-18,15:00:00,42.970,51.613,59.355,46.452
4,2018-10-18,16:00:00,42.900,51.671,59.422,46.504
4,2018-10-18,17:00:00,44.160,52.973,60.919,47.676
4,2018-10-18,18:00:00,44.890,52.736,60.646,47.462
4,2018-10-18,19:00:00,45.660,51.700,59.455,46.530
4,2018-10-18,20:00:00,43.000,49.662,57.112,44.696
4,2018-10-18,21:00:00,42.320,48.612,55.904,43.751
4,2018-10-18,22:00:00,41.450,48.018,55.221,43.216
4,2018-10-18,23:00:00,39.890,46.650,53.648,41.985
4,2018-10-19,00:00:00,39.840,46.382,53.340,41.744
4,2018-10-19,01:00:00,39.570,46.203,53.133,41.582
4,2018-10-19,02:00:00,38.820,45.922,52.811,41.330
4,2018-10-19,03:00:00,39.110,46.062,52.972,41.456
4,2018-10-19,04:00:00,40.010,46.454,53.422,41.808
4,2018-10-19,05:00:00,41.580,47.486,54.609,42.737
4,2018-10-19,06:00:00,44.250,48.414,55.676,43.572
4,2018-10-19,07:00:00,44.720,49.880,57.362,44.892
4,2018-10-19,08:00:00,46.030,50.727,58.336,45.654
4,2018-10-19,09:00:00,46.500,50.460,58.029,45.414
4,2018-10-19,10:00:00,46.580,50.411,57.973,45.370
4,2018-10-19,11:00:00,45.660,50.842,58.468,45.757
4,2018-10-19,12:00:00,44.590,51.242,58.928,46.118
4,2018-10-19,13:00:00,44.050,51.339,59.039,46.205
4,2018-10-19,14:00:00,43.760,51.865,59.645,46.679
4,2018-10-19,15:00:00,43.370,51.918,59.705,46.726
4,2018-10-19,16:00:00,43.960,52.034,59.839,46.831
4,2018-10-19,17:00:00,45.370,53.382,61.389,48.044
4,2018-10-19,18:00:00,46.540,53.160,61.134,47.844
4,2018-10-19,19:00:00,46.110,52.115,59.932,46.903
4,2018-10-19,20:00:00,43.870,50.049,57.556,45.044
4,2018-10-19,21:00:00,42.510,48.990,56.338,44.091
4,2018-10-19,22:00:00,41.780,48.415,55.677,43.573
4,2018-10-19,23:00:00,41.370,47.069,54.129,42.362
4,2018-10-20,00:00:00,41.560,46.848,53.875,42.163
4,2018-10-20,01:00:00,41.230,46.662,53.661,41.996
4,2018-10-20,02:00:00,40.980,46.331,53.280,41.698
4,2018-10-20,03:00:00,40.470,46.398,53.357,41.758
4,2018-10-20,04:00:00,40.600,46.700,53.705,42.030
4,2018-10-20,05:00:00,41.160,47.620,54.763,42.858
4,2018-10-20,06:00:00,41.260,48.410,55.672,43.569
4,2018-10-20,07:00:00,41.390,49.726,57.185,44.753
4,2018-10-20,08:00:00,41.750,50.427,57.991,45.384
4,2018-10-20,09:00:00,42.430,50.036,57.541,45.032
4,2018-10-20,10:00:00,42.940,49.894,57.378,44.904
4,2018-10-20,11:00:00,42.570,50.268,57.808,45.241
4,2018-10-20,12:00:00,41.850,50.654,58.252,45.588
4,2018-10-20,13:00:00,41.530,50.771,58.387,45.694
4,2018-10-20,14:00:00,41.430,51.344,59.046,46.210
4,2018-10-20,15:00:00,41.500,51.456,59.175,46.311
4,2018-10-20,16:00:00,41.710,51.637,59.382,46.473
4,2018-10-20,17:00:00,44.370,53.048,61.005,47.743
4,2018-10-20,18:00:00,45.860,52.882,60.814,47.593
4,2018-10-20,19:00:00,45.150,51.880,59.662,46.692
4,2018-10-20,20:00:00,43.410,49.842,57.318,44.857
4,2018-10-20,21:00:00,42.990,48.799,56.119,43.919
4,2018-10-20,22:00:00,41.970,48.239,55.475,43.415
4,2018-10-20,23:00:00,40.770,46.910,53.947,42.219
4,2018-10-21,00:00:00,42.570,47.085,54.147,42.376
4,2018-10-21,01:00:00,42.110,47.364,54.469,42.628
4,2018-10-21,02:00:00,40.530,47.461,54.580,42.715
4,2018-10-21,03:00:00,39.430,47.886,55.069,43.097
4,2018-10-21,04:00:00,39.380,48.472,55.742,43.624
4,2018-10-21,05:00:00,40.000,49.601,57.041,44.641
4,2018-10-21,06:00:00,39.780,50.532,58.112,45.479
4,2018-10-21,07:00:00,39.290,51.926,59.715,46.733
4,2018-10-21,08:00:00,40.710,52.655,60.554,47.390
4,2018-10-21,09:00:00,41.950,52.256,60.094,47.030
4,2018-10-21,10:00:00,42.130,52.082,59.894,46.874
4,2018-10-21,11:00:00,42.130,52.414,60.276,47.173
4,2018-10-21,12:00:00,41.810,52.759,60.673,47.483
4,2018-10-21,13:00:00,40.710,52.845,60.771,47.560
4,2018-10-21,14:00:00,39.820,53.398,61.408,48.058
4,2018-10-21,15:00:00,39.480,53.504,61.530,48.154
4,2018-10-21,16:00:00,40.050,53.691,61.744,48.322
4,2018-10-21,17:00:00,42.070,55.119,63.386,49.607
4,2018-10-21,18:00:00,42.470,54.976,63.223,49.479
4,2018-10-21,19:00:00,42.280,54.002,62.103,48.602
4,2018-10-21,20:00:00,41.570,51.992,59.790,46.792
4,2018-10-21,21:00:00,40.400,50.974,58.621,45.877
4,2018-10-21,22:00:00,38.320,50.437,58.002,45.393
4,2018-10-21,23:00:00,35.080,49.130,56.499,44.217
4,2018-10-22,00:00:00,24.820,49.098,56.463,44.188
4,2018-10-22,01:00:00,20.990,49.167,56.542,44.250
4,2018-10-22,02:00:00,19.950,49.117,56.484,44.205
4,2018-10-22,03:00:00,21.110,49.467,56.887,44.520
4,2018-10-22,04:00:00,25.260,50.034,57.540,45.031
4,2018-10-22,05:00:00,39.170,51.186,58.864,46.067
4,2018-10-22,06:00:00,42.000,52.161,59.985,46.945
4,2018-10-22,07:00:00,43.810,53.607,61.648,48.246
4,2018-10-22,08:00:00,44.490,54.382,62.540,48.944
4,2018-10-22,09:00:00,44.320,54.015,62.118,48.614
4,2018-10-22,10:00:00,43.850,53.857,61.936,48.472
4,2018-10-22,11:00:00,43.190,54.189,62.318,48.770
4,2018-10-22,12:00:00,42.750,54.521,62.699,49.069
4,2018-10-22,13:00:00,42.230,54.585,62.773,49.127
4,2018-10-22,14:00:00,41.690,55.114,63.381,49.603
4,2018-10-22,15:00:00,41.800,55.197,63.477,49.677
4,2018-10-22,16:00:00,42.250,55.364,63.669,49.828
4,2018-10-22,17:00:00,43.450,56.778,65.294,51.100
4,2018-10-22,18:00:00,44.090,56.627,65.121,50.964
4,2018-10-22,19:00:00,43.790,55.650,63.997,50.085
4,2018-10-22,20:00:00,42.640,53.640,61.686,48.276
4,2018-10-22,21:00:00,41.540,52.627,60.521,47.365
4,2018-10-22,22:00:00,39.350,52.097,59.911,46.887
4,2018-10-22,23:00:00,34.580,50.798,58.418,45.718
4,2018-10-23,00:00:00,30.360,50.743,58.354,45.669
4,2018-10-23,01:00:00,17.380,50.767,58.382,45.690
4,2018-10-23,02:00:00,12.100,50.662,58.261,45.596
4,2018-10-23,03:00:00,12.970,50.958,58.602,45.862
4,2018-10-23,04:00:00,22.000,51.482,59.205,46.334
4,2018-10-23,05:00:00,34.800,52.606,60.497,47.346
4,2018-10-23,06:00:00,41.660,53.571,61.607,48.214
4,2018-10-23,07:00:00,44.000,55.021,63.274,49.519
4,2018-10-23,08:00:00,44.210,55.811,64.183,50.230
4,2018-10-23,09:00:00,43.570,55.465,63.784,49.918
4,2018-10-23,10:00:00,43.280,55.328,63.627,49.795
4,2018-10-23,11:00:00,42.790,55.677,64.028,50.109
4,2018-10-23,12:00:00,41.760,56.019,64.422,50.417
4,2018-10-23,13:00:00,41.320,56.086,64.498,50.477
4,2018-10-23,14:00:00,41.430,56.610,65.102,50.949
4,2018-10-23,15:00:00,40.930,56.683,65.186,51.015
4,2018-10-23,16:00:00,40.570,56.836,65.361,51.152
4,2018-10-23,17:00:00,41.550,58.233,66.968,52.410
4,2018-10-23,18:00:00,42.100,58.066,66.775,52.259
4,2018-10-23,19:00:00,41.780,57.072,65.633,51.365
4,2018-10-23,20:00:00,40.250,55.049,63.306,49.544
4,2018-10-23,21:00:00,38.290,54.024,62.127,48.621
4,2018-10-23,22:00:00,35.880,53.483,61.505,48.135
4,2018-10-23,23:00:00,30.020,52.176,60.002,46.958
4,2018-10-24,00:00:00,29.790,51.272,58.963,46.145
4,2018-10-24,01:00:00,29.780,50.278,57.820,45.251
4,2018-10-24,02:00:00,27.400,49.218,56.600,44.296
4,2018-10-24,03:00:00,29.040,48.689,55.992,43.820
4,2018-10-24,04:00:00,29.770,48.525,55.804,43.673
4,2018-10-24,05:00:00,38.340,49.085,56.447,44.176
4,2018-10-24,06:00:00,42.750,49.591,57.030,44.632
4,2018-10-24,07:00:00,45.450,50.673,58.274,45.606
4,2018-10-24,08:00:00,46.220,51.171,58.847,46.054
4,2018-10-24,09:00:00,46.750,50.594,58.183,45.535
4,2018-10-24,10:00:00,46.750,50.277,57.819,45.250
4,2018-10-24,11:00:00,46.350,50.486,58.059,45.438
4,2018-10-24,12:00:00,45.930,50.720,58.328,45.648
4,2018-10-24,13:00:00,45.670,50.701,58.306,45.631
4,2018-10-24,14:00:00,45.460,51.157,58.831,46.041
4,2018-10-24,15:00:00,45.140,51.173,58.849,46.056
4,2018-10-24,16:00:00,45.520,51.279,58.970,46.151
4,2018-10-24,17:00:00,46.100,52.636,60.531,47.372
4,2018-10-24,18:00:00,46.630,52.433,60.298,47.190
4,2018-10-24,19:00:00,46.740,51.409,59.120,46.268
4,2018-10-24,20:00:00,45.530,49.357,56.761,44.421
4,2018-10-24,21:00:00,44.400,48.306,55.552,43.476
4,2018-10-24,22:00:00,42.870,47.741,54.902,42.967
4,2018-10-24,23:00:00,41.190,46.410,53.372,41.769
4,2018-10-25,00:00:00,40.950,47.044,54.101,42.340
4,2018-10-25,01:00:00,38.540,47.801,54.971,43.021
4,2018-10-25,02:00:00,37.630,48.258,55.497,43.432
4,2018-10-25,03:00:00,37.760,48.913,56.250,44.021
4,2018-10-25,04:00:00,38.230,49.622,57.065,44.660
4,2018-10-25,05:00:00,40.970,50.803,58.423,45.722
4,2018-10-25,06:00:00,45.180,51.738,59.498,46.564
4,2018-10-25,07:00:00,47.470,53.105,61.070,47.794
4,2018-10-25,08:00:00,47.660,53.784,61.852,48.406
4,2018-10-25,09:00:00,47.530,53.316,61.313,47.984
4,2018-10-25,10:00:00,46.820,53.056,61.014,47.750
4,2018-10-25,11:00:00,46.380,53.287,61.280,47.958
4,2018-10-25,12:00:00,45.100,53.519,61.547,48.167
4,2018-10-25,13:00:00,44.600,53.483,61.506,48.135
4,2018-10-25,14:00:00,44.810,53.914,62.001,48.522
4,2018-10-25,15:00:00,45.370,53.900,61.984,48.510
4,2018-10-25,16:00:00,46.220,53.973,62.069,48.576
4,2018-10-25,17:00:00,47.060,55.298,63.593,49.768
4,2018-10-25,18:00:00,47.950,55.065,63.324,49.558
4,2018-10-25,19:00:00,47.980,54.011,62.112,48.610
4,2018-10-25,20:00:00,46.930,51.931,59.721,46.738
4,2018-10-25,21:00:00,46.250,50.854,58.482,45.768
4,2018-10-25,22:00:00,45.230,50.263,57.802,45.237
4,2018-10-25,23:00:00,44.300,48.909,56.245,44.018
5,2019-03-22,00:00:00,38.100,39.250,45.137,35.325
5,2019-03-22,01:00:00,37.060,39.295,45.189,35.365
5,2019-03-22,02:00:00,37.020,39.091,44.955,35.182
5,2019-03-22,03:00:00,37.090,39.210,45.092,35.289
5,2019-03-22,04:00:00,38.150,39.462,45.381,35.515
5,2019-03-22,05:00:00,40.400,40.519,46.597,36.467
5,2019-03-22,06:00:00,42.930,41.610,47.852,37.449
5,2019-03-22,07:00:00,49.950,43.271,49.762,38.944
5,2019-03-22,08:00:00,48.320,44.240,50.876,39.816
5,2019-03-22,09:00:00,44.150,43.881,50.463,39.493
5,2019-03-22,10:00:00,41.640,43.547,50.079,39.193
5,2019-03-22,11:00:00,40.560,43.550,50.083,39.195
5,2019-03-22,12:00:00,40.060,43.471,49.991,39.124
5,2019-03-22,13:00:00,39.410,43.105,49.571,38.795
5,2019-03-22,14:00:00,38.620,43.174,49.651,38.857
5,2019-03-22,15:00:00,38.450,42.837,49.262,38.553
5,2019-03-22,16:00:00,39.170,42.729,49.138,38.456
5,2019-03-22,17:00:00,41.290,43.920,50.509,39.528
5,2019-03-22,18:00:00,41.640,43.706,50.261,39.335
5,2019-03-22,19:00:00,40.670,42.788,49.206,38.509
5,2019-03-22,20:00:00,39.850,41.029,47.183,36.926
5,2019-03-22,21:00:00,38.970,40.375,46.432,36.338
5,2019-03-22,22:00:00,38.150,40.173,46.199,36.156
5,2019-03-22,23:00:00,36.330,39.200,45.080,35.280
5,2019-03-23,00:00:00,36.100,39.171,45.047,35.254
5,2019-03-23,01:00:00,35.450,39.098,44.962,35.188
5,2019-03-23,02:00:00,34.540,38.860,44.689,34.974
5,2019-03-23,03:00:00,34.450,38.990,44.839,35.091
5,2019-03-23,04:00:00,34.650,39.329,45.228,35.396
5,2019-03-23,05:00:00,35.030,40.281,46.323,36.253
5,2019-03-23,06:00:00,35.670,41.111,47.278,37.000
5,2019-03-23,07:00:00,37.260,42.459,48.828,38.213
5,2019-03-23,08:00:00,37.740,43.178,49.655,38.860
5,2019-03-23,09:00:00,37.770,42.779,49.196,38.501
5,2019-03-23,10:00:00,36.590,42.578,48.964,38.320
5,2019-03-23,11:00:00,35.470,42.816,49.239,38.535
5,2019-03-23,12:00:00,35.020,42.987,49.435,38.688
5,2019-03-23,13:00:00,34.710,42.826,49.250,38.543
5,2019-03-23,14:00:00,34.500,43.073,49.534,38.766
5,2019-03-23,15:00:00,34.610,42.859,49.288,38.574
5,2019-03-23,16:00:00,35.160,42.758,49.172,38.482
5,2019-03-23,17:00:00,37.290,43.914,50.501,39.522
5,2019-03-23,18:00:00,39.140,43.568,50.104,39.212
5,2019-03-23,19:00:00,39.080,42.458,48.827,38.212
5,2019-03-23,20:00:00,38.190,40.414,46.476,36.372
5,2019-03-23,21:00:00,36.830,39.454,45.372,35.508
5,2019-03-23,22:00:00,36.590,39.028,44.882,35.125
5,2019-03-23,23:00:00,36.000,37.879,43.561,34.091
5,2019-03-24,00:00:00,36.350,38.192,43.921,34.373
5,2019-03-24,01:00:00,34.850,38.575,44.361,34.717
5,2019-03-24,02:00:00,34.820,38.739,44.550,34.865
5,2019-03-24,03:00:00,34.960,39.174,45.050,35.257
5,2019-03-24,04:00:00,35.190,39.780,45.747,35.802
5,2019-03-24,05:00:00,35.520,40.915,47.052,36.823
5,2019-03-24,06:00:00,35.440,41.835,48.111,37.652
5,2019-03-24,07:00:00,36.020,43.215,49.697,38.893
5,2019-03-24,08:00:00,36.770,43.938,50.529,39.545
5,2019-03-24,09:00:00,36.570,43.580,50.117,39.222
5,2019-03-24,10:00:00,36.170,43.451,49.968,39.106
5,2019-03-24,11:00:00,35.720,43.785,50.353,39.407
5,2019-03-24,12:00:00,35.550,44.046,50.653,39.641
5,2019-03-24,13:00:00,34.990,43.988,50.586,39.589
5,2019-03-24,14:00:00,34.680,44.340,50.991,39.906
5,2019-03-24,15:00:00,35.180,44.218,50.850,39.796
5,2019-03-24,16:00:00,35.780,44.177,50.803,39.759
5,2019-03-24,17:00:00,36.650,45.426,52.239,40.883
5,2019-03-24,18:00:00,39.220,45.150,51.922,40.635
5,2019-03-24,19:00:00,40.460,44.096,50.710,39.686
5,2019-03-24,20:00:00,39.260,42.054,48.362,37.848
5,2019-03-24,21:00:00,37.800,41.025,47.178,36.922
5,2019-03-24,22:00:00,37.300,40.490,46.564,36.441
5,2019-03-24,23:00:00,37.040,39.214,45.097,35.293
5,2019-03-25,00:00:00,36.080,39.231,45.116,35.308
5,2019-03-25,01:00:00,35.710,39.332,45.231,35.399
5,2019-03-25,02:00:00,35.460,39.314,45.211,35.383
5,2019-03-25,03:00:00,35.650,39.695,45.649,35.725
5,2019-03-25,04:00:00,36.230,40.318,46.366,36.286
5,2019-03-25,05:00:00,38.150,41.578,47.815,37.420
5,2019-03-25,06:00:00,39.680,42.688,49.092,38.420
5,2019-03-25,07:00:00,40.980,44.279,50.921,39.851
5,2019-03-25,08:00:00,41.850,45.155,51.928,40.639
5,2019-03-25,09:00:00,40.960,44.853,51.581,40.367
5,2019-03-25,10:00:00,40.530,44.736,51.446,40.262
5,2019-03-25,11:00:00,40.300,45.080,51.842,40.572
5,2019-03-25,12:00:00,39.880,45.392,52.201,40.853
5,2019-03-25,13:00:00,39.620,45.411,52.222,40.870
5,2019-03-25,14:00:00,39.240,45.854,52.732,41.268
5,2019-03-25,15:00:00,39.170,45.821,52.695,41.239
5,2019-03-25,16:00:00,39.350,45.855,52.733,41.269
5,2019-03-25,17:00:00,40.140,47.119,54.187,42.407
5,2019-03-25,18:00:00,41.440,46.861,53.890,42.174
5,2019-03-25,19:00:00,43.090,45.818,52.691,41.236
5,2019-03-25,20:00:00,41.800,43.789,50.357,39.410
5,2019-03-25,21:00:00,40.290,42.764,49.179,38.488
5,2019-03-25,22:00:00,40.180,42.217,48.550,37.996
5,2019-03-25,23:00:00,38.550,40.900,47.035,36.810
5,2019-03-26,00:00:00,37.220,40.894,47.028,36.804
5,2019-03-26,01:00:00,36.960,40.984,47.131,36.885
5,2019-03-26,02:00:00,36.930,40.951,47.093,36.855
5,2019-03-26,03:00:00,37.010,41.312,47.508,37.181
5,2019-03-26,04:00:00,36.890,41.899,48.184,37.709
5,2019-03-26,05:00:00,37.750,43.103,49.569,38.793
5,2019-03-26,06:00:00,39.780,44.198,50.828,39.778
5,2019-03-26,07:00:00,42.130,45.877,52.759,41.290
5,2019-03-26,08:00:00,41.930,46.957,54.001,42.261
5,2019-03-26,09:00:00,40.580,46.795,53.814,42.115
5,2019-03-26,10:00:00,40.610,46.723,53.732,42.051
5,2019-03-26,11:00:00,40.300,47.059,54.117,42.353
5,2019-03-26,12:00:00,40.130,47.344,54.445,42.609
5,2019-03-26,13:00:00,40.160,47.333,54.433,42.600
5,2019-03-26,14:00:00,40.090,47.759,54.923,42.983
5,2019-03-26,15:00:00,40.190,47.729,54.889,42.956
5,2019-03-26,16:00:00,40.280,47.791,54.960,43.012
5,2019-03-26,17:00:00,41.170,49.161,56.536,44.245
5,2019-03-26,18:00:00,44.190,49.114,56.481,44.203
5,2019-03-26,19:00:00,45.830,48.374,55.630,43.536
5,2019-03-26,20:00:00,43.430,46.469,53.439,41.822
5,2019-03-26,21:00:00,42.000,45.410,52.221,40.869
5,2019-03-26,22:00:00,40.930,44.766,51.481,40.289
5,2019-03-26,23:00:00,39.220,43.340,49.841,39.006
5,2019-03-27,00:00:00,37.890,42.388,48.746,38.149
5,2019-03-27,01:00:00,37.170,41.372,47.577,37.235
5,2019-03-27,02:00:00,37.040,40.298,46.343,36.268
5,2019-03-27,03:00:00,37.010,39.776,45.742,35.798
5,2019-03-27,04:00:00,36.910,39.646,45.593,35.681
5,2019-03-27,05:00:00,38.670,40.290,46.333,36.261
5,2019-03-27,06:00:00,40.570,40.923,47.062,36.831
5,2019-03-27,07:00:00,43.590,42.159,48.483,37.943
5,2019-03-27,08:00:00,45.250,42.809,49.231,38.529
5,2019-03-27,09:00:00,42.900,42.372,48.728,38.135
5,2019-03-27,10:00:00,41.420,42.168,48.493,37.951
5,2019-03-27,11:00:00,40.580,42.447,48.814,38.202
5,2019-03-27,12:00:00,39.970,42.706,49.112,38.436
5,2019-03-27,13:00:00,39.540,42.685,49.088,38.416
5,2019-03-27,14:00:00,39.190,43.112,49.579,38.801
5,2019-03-27,15:00:00,39.450,43.095,49.559,38.785
5,2019-03-27,16:00:00,39.660,43.175,49.651,38.857
5,2019-03-27,17:00:00,40.670,44.513,51.190,40.062
5,2019-03-27,18:00:00,42.100,44.331,50.981,39.898
5,2019-03-27,19:00:00,42.900,43.365,49.870,39.029
5,2019-03-27,20:00:00,41.070,41.417,47.630,37.276
5,2019-03-27,21:00:00,40.350,40.479,46.550,36.431
5,2019-03-27,22:00:00,40.030,39.994,45.993,35.995
5,2019-03-27,23:00:00,37.860,38.712,44.518,34.840
5,2019-03-28,00:00:00,36.290,39.274,45.165,35.346
5,2019-03-28,01:00:00,36.470,39.895,45.880,35.906
5,2019-03-28,02:00:00,36.410,40.201,46.231,36.181
5,2019-03-28,03:00:00,36.260,40.707,46.813,36.636
5,2019-03-28,04:00:00,36.320,41.270,47.460,37.143
5,2019-03-28,05:00:00,37.520,42.375,48.732,38.138
5,2019-03-28,06:00:00,39.870,43.304,49.799,38.973
5,2019-03-28,07:00:00,41.390,44.708,51.415,40.238
5,2019-03-28,08:00:00,41.810,45.449,52.266,40.904
5,2019-03-28,09:00:00,41.060,45.018,51.771,40.516
5,2019-03-28,10:00:00,40.800,44.768,51.483,40.291
5,2019-03-28,11:00:00,40.470,44.984,51.731,40.485
5,2019-03-28,12:00:00,39.940,45.186,51.964,40.668
5,2019-03-28,13:00:00,39.660,45.115,51.882,40.604
5,2019-03-28,14:00:00,39.290,45.498,52.323,40.949
5,2019-03-28,15:00:00,39.100,45.436,52.251,40.892
5,2019-03-28,16:00:00,39.290,45.484,52.306,40.935
5,2019-03-28,17:00:00,39.440,46.792,53.811,42.113
5,2019-03-28,18:00:00,39.830,46.573,53.559,41.915
5,2019-03-28,19:00:00,39.540,45.566,52.400,41.009
5,2019-03-28,20:00:00,38.950,43.576,50.112,39.218
5,2019-03-28,21:00:00,38.870,42.616,49.009,38.355
5,2019-03-28,22:00:00,37.760,42.142,48.463,37.928
5,2019-03-28,23:00:00,36.470,40.899,47.034,36.809
5,2019-03-29,00:00:00,34.330,40.738,46.849,36.664
5,2019-03-29,01:00:00,31.750,40.660,46.759,36.594
5,2019-03-29,02:00:00,31.840,40.491,46.564,36.442
5,2019-03-29,03:00:00,31.940,40.747,46.860,36.673
5,2019-03-29,04:00:00,32.810,41.236,47.421,37.112
5,2019-03-29,05:00:00,36.790,42.321,48.669,38.089
5,2019-03-29,06:00:00,38.870,43.247,49.734,38.923
5,2019-03-29,07:00:00,39.920,44.664,51.363,40.198
5,2019-03-29,08:00:00,39.930,45.428,52.242,40.885
5,2019-03-29,09:00:00,39.480,45.055,51.813,40.549
5,2019-03-29,10:00:00,38.100,44.883,51.615,40.394
5,2019-03-29,11:00:00,36.500,45.181,51.958,40.663
5,2019-03-29,12:00:00,35.200,45.453,52.272,40.908
5,2019-03-29,13:00:00,34.750,45.433,52.248,40.889
5,2019-03-29,14:00:00,34.640,45.853,52.731,41.267
5,2019-03-29,15:00:00,34.720,45.807,52.678,41.226
5,2019-03-29,16:00:00,35.710,45.837,52.713,41.253
5,2019-03-29,17:00:00,37.580,47.113,54.180,42.402
5,2019-03-29,18:00:00,38.960,46.834,53.859,42.151
5,2019-03-29,19:00:00,38.410,45.747,52.609,41.172
5,2019-03-29,20:00:00,37.620,43.654,50.202,39.289
5,2019-03-29,21:00:00,37.300,42.590,48.979,38.331
5,2019-03-29,22:00:00,36.170,42.037,48.342,37.833
5,2019-03-29,23:00:00,35.420,40.739,46.850,36.665
5,2019-03-30,00:00:00,36.090,40.545,46.627,36.491
5,2019-03-30,01:00:00,34.020,40.398,46.458,36.358
5,2019-03-30,02:00:00,33.070,40.129,46.148,36.116
5,2019-03-30,03:00:00,33.800,40.279,46.321,36.251
5,2019-03-30,04:00:00,35.540,40.676,46.777,36.608
5,2019-03-30,05:00:00,35.110,41.688,47.941,37.519
5,2019-03-30,06:00:00,35.330,42.555,48.938,38.299
5,2019-03-30,07:00:00,35.940,43.920,50.508,39.528
5,2019-03-30,08:00:00,36.340,44.640,51.336,40.176
5,2019-03-30,09:00:00,36.240,44.236,50.871,39.812
5,2019-03-30,10:00:00,36.090,44.050,50.658,39.645
5,2019-03-30,11:00:00,35.550,44.354,51.007,39.919
5,2019-03-30,12:00:00,33.930,44.649,51.346,40.184
5,2019-03-30,13:00:00,32.890,44.661,51.360,40.195
5,2019-03-30,14:00:00,32.440,45.119,51.887,40.607
5,2019-03-30,15:00:00,33.960,45.112,51.879,40.601
5,2019-03-30,16:00:00,35.690,45.174,51.950,40.656
5,2019-03-30,17:00:00,37.010,46.471,53.441,41.824
5,2019-03-30,18:00:00,38.610,46.198,53.128,41.578
5,2019-03-30,19:00:00,38.610,45.099,51.864,40.589
5,2019-03-30,20:00:00,37.750,42.975,49.421,38.678
5,2019-03-30,21:00:00,36.850,41.861,48.140,37.675
5,2019-03-30,22:00:00,35.820,41.247,47.434,37.122
5,2019-03-30,23:00:00,33.860,39.885,45.868,35.896
5,2019-03-31,00:00:00,35.260,40.058,46.066,36.052
5,2019-03-31,01:00:00,33.910,40.356,46.410,36.321
5,2019-03-31,02:00:00,34.020,40.490,46.564,36.441
5,2019-03-31,03:00:00,34.120,40.970,47.116,36.873
5,2019-03-31,04:00:00,33.250,41.626,47.870,37.463
5,2019-03-31,05:00:00,33.340,42.837,49.263,38.553
5,2019-03-31,06:00:00,33.480,43.854,50.432,39.468
5,2019-03-31,07:00:00,34.770,45.330,52.129,40.797
5,2019-03-31,08:00:00,35.320,46.130,53.049,41.517
5,2019-03-31,09:00:00,35.400,45.783,52.651,41.205
5,2019-03-31,10:00:00,35.090,45.643,52.489,41.078
5,2019-03-31,11:00:00,34.950,45.985,52.882,41.386
5,2019-03-31,12:00:00,35.050,46.315,53.263,41.684
5,2019-03-31,13:00:00,33.740,46.363,53.318,41.727
5,2019-03-31,14:00:00,32.560,46.859,53.888,42.173
5,2019-03-31,15:00:00,31.080,46.891,53.924,42.202
5,2019-03-31,16:00:00,32.130,46.990,54.038,42.291
5,2019-03-31,17:00:00,33.750,48.323,55.571,43.490
5,2019-03-31,18:00:00,36.480,48.082,55.294,43.274
5,2019-03-31,19:00:00,38.650,47.008,54.060,42.308
5,2019-03-31,20:00:00,39.350,44.901,51.636,40.411
5,2019-03-31,21:00:00,38.640,43.790,50.359,39.411
5,2019-03-31,22:00:00,38.360,43.167,49.642,38.850
5,2019-03-31,23:00:00,37.360,41.783,48.050,37.605
5,2019-04-01,00:00:00,36.510,41.702,47.958,37.532
5,2019-04-01,01:00:00,36.000,41.745,48.006,37.570
5,2019-04-01,02:00:00,36.260,41.688,47.941,37.519
5,2019-04-01,03:00:00,36.180,42.052,48.359,37.847
5,2019-04-01,04:00:00,35.300,42.653,49.051,38.388
5,2019-04-01,05:00:00,38.310,43.857,50.435,39.471
5,2019-04-01,06:00:00,41.690,44.898,51.633,40.409
5,2019-04-01,07:00:00,45.160,46.420,53.383,41.778
5,2019-04-01,08:00:00,49.050,47.276,54.368,42.549
5,2019-04-01,09:00:00,44.640,46.988,54.037,42.289
5,2019-04-01,10:00:00,41.690,46.903,53.938,42.212
5,2019-04-01,11:00:00,40.130,47.295,54.389,42.566
5,2019-04-01,12:00:00,39.250,47.673,54.824,42.905
5,2019-04-01,13:00:00,38.950,47.766,54.930,42.989
5,2019-04-01,14:00:00,37.500,48.305,55.551,43.475
5,2019-04-01,15:00:00,37.230,48.381,55.638,43.543
5,2019-04-01,16:00:00,37.770,48.523,55.801,43.671
5,2019-04-01,17:00:00,38.400,49.897,57.381,44.907
5,2019-04-01,18:00:00,40.560,49.694,57.148,44.725
5,2019-04-01,19:00:00,41.290,48.656,55.954,43.790
5,2019-04-01,20:00:00,40.920,46.578,53.565,41.920
5,2019-04-01,21:00:00,39.380,45.493,52.317,40.943
5,2019-04-01,22:00:00,37.450,44.887,51.620,40.398
5,2019-04-01,23:00:00,36.560,43.513,50.039,39.161
5,2019-04-02,00:00:00,34.960,43.414,49.926,39.073
5,2019-04-02,01:00:00,34.360,43.414,49.926,39.073
5,2019-04-02,02:00:00,33.830,43.300,49.795,38.970
5,2019-04-02,03:00:00,33.810,43.602,50.142,39.242
5,2019-04-02,04:00:00,33.270,44.146,50.768,39.731
5,2019-04-02,05:00:00,35.270,45.301,52.097,40.771
5,2019-04-02,06:00:00,39.670,46.308,53.254,41.677
5,2019-04-02,07:00:00,42.300,47.811,54.983,43.030
5,2019-04-02,08:00:00,42.350,48.667,55.967,43.800
5,2019-04-02,09:00:00,40.530,48.393,55.652,43.554
5,2019-04-02,10:00:00,39.230,48.331,55.580,43.498
5,2019-04-02,11:00:00,38.510,48.751,56.064,43.876
5,2019-04-02,12:00:00,37.980,49.159,56.532,44.243
5,2019-04-02,13:00:00,37.700,49.282,56.674,44.354
5,2019-04-02,14:00:00,36.710,49.852,57.330,44.867
5,2019-04-02,15:00:00,36.570,49.958,57.452,44.962
5,2019-04-02,16:00:00,36.510,50.133,57.652,45.119
5,2019-04-02,17:00:00,37.000,51.541,59.272,46.387
5,2019-04-02,18:00:00,38.980,51.377,59.084,46.240
5,2019-04-02,19:00:00,39.540,50.384,57.941,45.345
5,2019-04-02,20:00:00,39.000,48.353,55.606,43.518
5,2019-04-02,21:00:00,37.790,47.310,54.406,42.579
5,2019-04-02,22:00:00,36.170,46.738,53.749,42.065
5,2019-04-02,23:00:00,34.890,45.390,52.199,40.851
5,2019-04-03,00:00:00,35.720,44.469,51.139,40.022
5,2019-04-03,01:00:00,35.690,43.464,49.984,39.118
5,2019-04-03,02:00:00,35.610,42.395,48.754,38.155
5,2019-04-03,03:00:00,35.520,41.860,48.139,37.674
5,2019-04-03,04:00:00,35.420,41.695,47.950,37.526
5,2019-04-03,05:00:00,36.830,42.261,48.601,38.035
5,2019-04-03,06:00:00,40.920,42.782,49.200,38.504
5,2019-04-03,07:00:00,44.090,43.886,50.469,39.498
5,2019-04-03,08:00:00,47.560,44.415,51.078,39.974
5,2019-04-03,09:00:00,45.990,43.877,50.459,39.489
5,2019-04-03,10:00:00,45.290,43.605,50.146,39.245
5,2019-04-03,11:00:00,44.040,43.864,50.443,39.477
5,2019-04-03,12:00:00,42.400,44.149,50.771,39.734
5,2019-04-03,13:00:00,41.740,44.181,50.808,39.763
5,2019-04-03,14:00:00,40.770,44.685,51.388,40.217
5,2019-04-03,15:00:00,40.480,44.747,51.459,40.272
5,2019-04-03,16:00:00,40.730,44.892,51.626,40.403
5,2019-04-03,17:00:00,41.090,46.283,53.226,41.655
5,2019-04-03,18:00:00,41.310,46.110,53.026,41.499
5,2019-04-03,19:00:00,41.990,45.110,51.876,40.599
5,2019-04-03,20:00:00,41.320,43.078,49.540,38.770
5,2019-04-03,21:00:00,40.230,42.043,48.349,37.838
5,2019-04-03,22:00:00,38.490,41.487,47.710,37.339
5,2019-04-03,23:00:00,37.210,40.162,46.186,36.145
5,2019-04-04,00:00:00,36.380,40.770,46.886,36.693
5,2019-04-04,01:00:00,36.230,41.496,47.721,37.346
5,2019-04-04,02:00:00,36.270,41.927,48.216,37.734
5,2019-04-04,03:00:00,36.120,42.562,48.946,38.306
5,2019-04-04,04:00:00,36.060,43.256,49.744,38.930
5,2019-04-04,05:00:00,37.810,44.423,51.086,39.981
5,2019-04-04,06:00:00,40.680,45.345,52.147,40.811
5,2019-04-04,07:00:00,44.510,46.701,53.706,42.031
5,2019-04-04,08:00:00,45.910,47.373,54.479,42.636
5,2019-04-04,09:00:00,43.970,46.902,53.937,42.212
5,2019-04-04,10:00:00,42.550,46.644,53.640,41.979
5,2019-04-04,11:00:00,41.510,46.882,53.914,42.193
5,2019-04-04,12:00:00,40.750,47.126,54.195,42.413
5,2019-04-04,13:00:00,40.340,47.108,54.174,42.397
5,2019-04-04,14:00:00,38.730,47.559,54.693,42.803
5,2019-04-04,15:00:00,38.370,47.568,54.704,42.812
5,2019-04-04,16:00:00,39.040,47.667,54.817,42.900
5,2019-04-04,17:00:00,39.860,49.017,56.369,44.115
5,2019-04-04,18:00:00,40.790,48.808,56.130,43.927
5,2019-04-04,19:00:00,40.980,47.779,54.946,43.001
5,2019-04-04,20:00:00,40.440,45.723,52.581,41.150
5,2019-04-04,21:00:00,39.670,44.669,51.369,40.202
5,2019-04-04,22:00:00,38.340,44.102,50.717,39.691
5,2019-04-04,23:00:00,36.700,42.770,49.186,38.493
