Date,From demand,From temp,Diff,Weekend,Factor
2014-07-01,851125,12.4,6.1,0,0.946929
2014-07-02,858537,13.2,8.7,0,0.917893
2014-07-03,844448,12.6,9.42,0,0.945135
2014-07-04,831838,13.56,5.64,0,0.952264
2014-07-05,731227,17.14,2.08,1,0.99193
2014-07-06,684868,18.28,1.08,1,0.981363
2014-07-07,819338,18.64,0.62,0,0.970436
2014-07-08,805955,18.5,-0.76,0,0.996665
2014-07-09,788045,21.9,-5.9,0,1.03794
2014-07-10,798117,22.02,-6.44,0,1.0189
2014-07-11,792129,19.2,-4.22,0,1.01201
2014-07-12,725326,19.22,-1.82,1,0.972335
2014-07-13,672104,19.36,1.02,1,0.986219
2014-07-14,795115,19.26,2.16,0,0.952995
2014-07-15,803267,17.74,3.24,0,0.951413
2014-07-16,817944,16,4.38,0,0.940819
2014-07-17,813204,15.58,4.34,0,0.942969
2014-07-18,801646,14.98,4.42,0,0.952016
2014-07-19,705260,17.4,2.18,1,1.00551
2014-07-20,662842,20.38,-0.8,1,1.00928
2014-07-21,757741,21.42,-4.2,0,1.03718
2014-07-22,764239,20.98,-4,0,1.01998
2014-07-23,769537,20.38,-4.5,0,1.0043
2014-07-24,766826,19.92,-4.64,0,1.00214
2014-07-25,763180,19.4,-4.12,0,0.993469
2014-07-26,709147,19.58,-2.38,1,0.925213
2014-07-27,668990,19.58,-0.38,1,0.982604
2014-07-28,785914,17.22,1.68,0,0.98332
2014-07-29,779512,16.98,0.04,0,1.01292
2014-07-30,772843,15.88,0.6,0,1.01736
2014-07-31,768466,15.28,1.52,0,1.03004
2014-08-01,758196,15.28,0.32,0,1.0301
2014-08-02,656112,17.2,-0.84,1,1.02683
2014-08-03,657352,19.2,-2.78,1,1.00666
2014-08-04,772805,18.9,-2.82,0,0.975536
2014-08-05,789582,17.02,-2.16,0,0.992879
2014-08-06,786262,16.48,-3.28,0,1.01689
2014-08-07,791553,16.8,-3.68,0,1.0031
2014-08-08,781020,15.6,-3.18,0,1.00797
2014-08-09,673713,16.36,-5.18,1,1.02829
2014-08-10,661728,16.42,-5.28,1,1.02107
2014-08-11,753899,16.08,-4.56,0,1.04508
2014-08-12,783959,14.86,-2.28,0,0.998898
2014-08-13,799544,13.2,-1.38,0,0.984736
2014-08-14,794007,13.12,-2,0,1.0035
2014-08-15,787245,12.42,-1.56,0,1.01476
2014-08-16,692771,11.18,0.14,1,1.04012
2014-08-17,675673,11.14,1.16,1,1.03549
2014-08-18,787883,11.52,0.96,0,1.05434
2014-08-19,783095,12.58,-0.34,0,1.05922
2014-08-20,787340,11.82,0.42,0,1.03626
2014-08-21,796783,11.12,0.5,0,1.02047
2014-08-22,798865,10.86,1.56,0,1.01478
2014-08-23,720562,11.32,1.92,1,0.986376
2014-08-24,699653,12.3,1.9,1,1.00963
2014-08-25,830695,12.48,0.9,0,0.996351
2014-08-26,829466,12.24,1,0,1.00129
2014-08-27,815889,12.24,1.02,0,1.00776
2014-08-28,813096,11.62,1.46,0,1.01022
2014-08-29,810672,12.42,-0.12,0,1.02369
2014-08-30,710745,13.24,-0.7,1,1.03286
2014-08-31,706392,14.2,-0.92,1,1.02566
2014-09-01,827664,13.38,-1.06,0,1.01244
2014-09-02,830540,13.24,-0.7,0,0.999562
2014-09-03,822218,13.26,-0.94,0,1.01529
2014-09-04,821407,13.08,-1.14,0,1.00294
2014-09-05,829876,12.3,-0.98,0,0.992731
2014-09-06,734099,12.54,-1.56,1,1.00937
2014-09-07,724515,13.28,-2.5,1,0.988667
2014-09-08,837963,12.32,-1.12,0,1.00826
2014-09-09,830176,12.54,-1.32,0,1.01822
2014-09-10,834790,12.32,-1.7,0,1.00988
2014-09-11,823819,11.94,-2.6,0,1.03569
2014-09-12,823844,11.32,-1.78,0,1.03414
2014-09-13,740981,10.98,-1.56,1,1.03737
2014-09-14,716304,10.78,-2.42,1,1.01732
2014-09-15,844882,11.2,-5.2,0,0.991061
2014-09-16,845304,11.22,-5.6,0,1.06957
2014-09-17,843038,10.62,-4.64,0,1.08043
2014-09-18,853222,9.34,-2.6,0,1.04076
2014-09-19,851971,9.54,0.04,0,0.984375
2014-09-20,768673,9.42,0.66,1,0.959015
2014-09-21,728708,8.36,1.82,1,1.01302
2014-09-22,837330,6,2.3,0,1.05177
2014-09-23,904113,5.62,2.22,0,1.0102
2014-09-24,910841,5.98,4.94,0,1.02143
2014-09-25,888001,6.74,2.36,0,1.05467
2014-09-26,838659,9.58,1.3,0,1.06207
2014-09-27,737169,10.08,2.7,1,1.03526
2014-09-28,738197,10.18,2.34,1,1.04638
2014-09-29,880675,8.3,3.04,0,0.990611
2014-09-30,913339,7.84,0.44,0,0.950892
2014-10-01,930364,10.92,-3.3,0,0.976338
2014-10-02,936547,9.1,-1.8,0,0.975058
2014-10-03,890713,10.88,-3.54,0,1.00182
2014-10-04,763160,12.78,-6.48,1,1.08378
2014-10-05,772431,12.52,-6.2,1,1.04018
2014-10-06,872406,11.34,-6.34,0,1.09326
2014-10-07,868487,8.28,-3.86,0,1.11252
2014-10-08,908350,7.62,-3.16,0,1.07055
2014-10-09,913188,7.3,-4.22,0,1.08725
2014-10-10,892338,7.34,-3.96,0,1.12483
2014-10-11,827101,6.3,-1.3,1,1.05161
2014-10-12,803470,6.32,0.76,1,0.978481
2014-10-13,953767,5,0.88,0,0.963973
2014-10-14,966205,4.42,1.06,0,0.982785
2014-10-15,972431,4.46,-0.34,0,0.997275
2014-10-16,992861,3.08,2,0,1.00901
2014-10-17,1.00373e+06,3.38,4.64,0,0.956682
2014-10-18,869787,5,2.98,1,1.00071
2014-10-19,786180,7.08,1.86,1,1.06586
2014-10-20,919406,5.88,2.5,0,0.993102
2014-10-21,949572,5.48,3.26,0,0.955657
2014-10-22,969781,4.12,0.88,0,1.00292
2014-10-23,1.00181e+06,5.08,-2.22,0,1.02366
2014-10-24,960250,8.02,-4.8,0,1.0592
2014-10-25,870407,7.98,-2.22,1,1.03264
2014-10-26,837957,8.94,-1.38,1,1.00113
2014-10-27,913064,8.38,-2.18,0,1.02105
2014-10-28,907465,8.74,-6.34,0,1.08003
2014-10-29,972608,5,-4.76,0,1.06757
2014-10-30,1.02551e+06,2.86,-1.72,0,1.0545
2014-10-31,1.0171e+06,3.22,-0.96,0,1.03826
2014-11-01,898813,5.76,-0.54,1,1.03296
2014-11-02,838903,7.56,-1.7,1,1.03728
2014-11-03,932282,6.2,-1.86,0,1.08789
2014-11-04,980093,2.4,0.36,0,1.0405
2014-11-05,1.03833e+06,0.24,3.12,0,0.977656
2014-11-06,1.0814e+06,1.14,2.94,0,0.97199
2014-11-07,1.05601e+06,2.26,2.24,0,0.964252
2014-11-08,928438,5.22,-0.66,1,0.983236
2014-11-09,870180,5.86,-1.82,1,1.02009
2014-11-10,1.01422e+06,4.34,-0.14,0,1.04317
2014-11-11,1.01979e+06,2.76,0.14,0,1.06359
2014-11-12,1.01513e+06,3.36,-1.08,0,1.10694
2014-11-13,1.05111e+06,4.08,-3.08,0,1.09058
2014-11-14,1.01826e+06,4.5,-3.4,0,1.11608
2014-11-15,912874,4.56,-3.78,1,1.12766
2014-11-16,887665,4.04,-0.68,1,1.05037
2014-11-17,1.058e+06,4.2,-0.88,0,1.00276
2014-11-18,1.08464e+06,2.9,-0.3,0,1.04368
2014-11-19,1.12369e+06,2.28,-0.84,0,1.00929
2014-11-20,1.14632e+06,1,0.12,0,0.979918
2014-11-21,1.13646e+06,1.1,0.1,0,0.96131
2014-11-22,1.02941e+06,0.78,-0.54,1,0.993161
2014-11-23,932376,3.36,-2.98,1,1.09218
2014-11-24,1.06092e+06,3.32,-2.74,0,1.09165
2014-11-25,1.13202e+06,2.6,-2,0,1.03155
2014-11-26,1.13413e+06,1.44,0.28,0,1.04188
2014-11-27,1.1233e+06,1.12,1.44,0,1.05135
2014-11-28,1.09249e+06,1.2,1.16,0,1.05721
2014-11-29,1.02237e+06,0.24,-0.38,1,1.03375
2014-11-30,1.01832e+06,0.38,1.74,1,0.937632
2014-12-01,1.15815e+06,0.58,-0.8,0,0.968864
2014-12-02,1.16773e+06,0.6,-1.24,0,0.992901
2014-12-03,1.18163e+06,1.72,-0.02,0,0.919899
2014-12-04,1.18098e+06,2.56,-1.18,0,0.924597
2014-12-05,1.15499e+06,2.36,-1.98,0,0.949186
2014-12-06,1.05688e+06,-0.14,-1.78,1,0.970905
2014-12-07,954809,2.12,-1.54,1,1.05542
2014-12-08,1.12209e+06,-0.22,0.58,0,0.976838
2014-12-09,1.15944e+06,-0.64,-1.16,0,0.971555
2014-12-10,1.08698e+06,1.7,-5.32,0,1.05763
2014-12-11,1.09193e+06,1.38,-1.54,0,1.03423
2014-12-12,1.0963e+06,0.38,-1.52,0,0.983864
2014-12-13,1.02613e+06,-1.92,-0.56,1,0.96015
2014-12-14,1.00772e+06,0.58,-2.16,1,0.971068
2014-12-15,1.0961e+06,0.36,-1.14,0,0.947623
2014-12-16,1.12646e+06,-1.8,-0.86,0,0.926984
2014-12-17,1.14962e+06,-3.62,-3.86,0,0.865174
2014-12-18,1.12931e+06,-0.16,-9.36,0,1.02514
2014-12-19,1.07861e+06,-1.14,-5.46,0,1.15107
2014-12-20,985239,-2.48,-5.76,1,1.14042
2014-12-21,978565,-1.58,-7.26,1,1.19824
2014-12-22,1.03869e+06,-0.78,-2.58,0,1.1931
2014-12-23,1.04421e+06,-2.66,3.76,0,1.12355
2014-12-24,994621,-7.48,9.8,0,1.04703
2014-12-25,1.1577e+06,-9.52,13.22,0,0.888052
2014-12-26,1.24155e+06,-6.6,9.32,0,0.797974
2014-12-27,1.12359e+06,-8.24,8.52,1,0.890334
2014-12-28,1.17256e+06,-8.84,6.02,1,0.873627
2014-12-29,1.23926e+06,-3.36,0.38,0,0.972363
2014-12-30,1.17322e+06,1.1,0.1,0,0.993104
2014-12-31,1.0414e+06,2.32,-0.18,0,1.14638
2015-01-01,1.02809e+06,3.7,-1.62,0,1.11842
2015-01-02,990727,2.72,-4.38,0,1.16209
2015-01-03,1.00037e+06,0.28,-2.94,1,1.04887
2015-01-04,1.02438e+06,-2.82,-2.16,1,1.02102
2015-01-05,1.20501e+06,-2.98,-1.6,0,1.0297
2015-01-06,1.16513e+06,1.2,-2.8,0,1.01352
2015-01-07,1.19384e+06,2.14,-4.78,0,0.995535
2015-01-08,1.14984e+06,2.08,-1.64,0,1.00636
2015-01-09,1.15131e+06,-1.66,3.02,0,0.987067
2015-01-10,1.04926e+06,-2.66,2.32,1,1.03835
2015-01-11,1.04591e+06,-4.98,1.94,1,1.03206
2015-01-12,1.2408e+06,-4.58,0.62,0,1.02358
2015-01-13,1.18088e+06,-1.6,-0.6,0,1.10213
2015-01-14,1.18851e+06,-2.64,1.22,0,1.09809
2015-01-15,1.15715e+06,0.44,-3.96,0,1.14046
2015-01-16,1.13642e+06,1.36,-5.86,0,1.16026
2015-01-17,1.0895e+06,-0.34,-1.84,1,1.05042
2015-01-18,1.07944e+06,-3.04,0.92,1,1.05236
2015-01-19,1.27006e+06,-3.96,4.82,0,0.958522
2015-01-20,1.30148e+06,-2.2,1.22,0,0.939999
2015-01-21,1.30509e+06,-1.42,2.24,0,0.882
2015-01-22,1.31968e+06,-3.52,2.9,0,0.877508
2015-01-23,1.31854e+06,-4.5,2.76,0,0.91659
2015-01-24,1.14443e+06,-2.18,-0.18,1,0.955812
2015-01-25,1.13596e+06,-2.12,-2.24,1,0.937621
2015-01-26,1.21738e+06,0.86,-6.72,0,1.03073
2015-01-27,1.22339e+06,-0.98,-6.02,0,1.05983
2015-01-28,1.15109e+06,0.82,-8.38,0,1.15421
2015-01-29,1.15803e+06,-0.62,-3.8,0,1.13258
2015-01-30,1.20856e+06,-1.74,0.6,0,1.02803
2015-01-31,1.09386e+06,-2.36,1.96,1,0.97528
2015-02-01,1.0651e+06,-4.36,3,1,0.988705
2015-02-02,1.25479e+06,-5.86,8.2,0,0.943082
2015-02-03,1.29658e+06,-7,9.44,0,0.901965
2015-02-04,1.3286e+06,-7.56,9.02,0,0.903681
2015-02-05,1.31156e+06,-4.42,3.62,0,0.921978
2015-02-06,1.24243e+06,-1.14,-0.46,0,0.968618
2015-02-07,1.06682e+06,-0.4,-2.06,1,1.02926
2015-02-08,1.05307e+06,-1.36,1.82,1,1.01161
2015-02-09,1.18337e+06,2.34,-1.26,0,1.02584
2015-02-10,1.16947e+06,2.44,-0.48,0,1.03246
2015-02-11,1.20063e+06,1.46,0.08,0,0.96212
2015-02-12,1.20923e+06,-0.8,4.2,0,0.92052
2015-02-13,1.20344e+06,-1.6,4.12,0,0.918367
2015-02-14,1.09803e+06,-2.46,2.5,1,0.966403
2015-02-15,1.0653e+06,0.46,-1.8,1,0.991439
2015-02-16,1.21395e+06,1.08,-0.96,0,0.937287
2015-02-17,1.20743e+06,1.96,-0.2,0,0.94263
2015-02-18,1.15515e+06,1.54,0.78,0,0.998009
2015-02-19,1.11312e+06,3.4,-2,0,1.02356
2015-02-20,1.1052e+06,2.52,-0.02,0,1.02614
2015-02-21,1.06114e+06,0.04,2.24,1,0.986138
2015-02-22,1.05618e+06,-1.34,4.2,1,0.894747
2015-02-23,1.13782e+06,0.12,2.06,0,0.968352
2015-02-24,1.13816e+06,1.76,-1.06,0,0.972921
2015-02-25,1.15285e+06,2.32,-3.12,0,0.98083
2015-02-26,1.13934e+06,1.4,-1.1,0,1.02241
2015-02-27,1.13409e+06,2.5,-0.02,0,0.98322
2015-02-28,1.04643e+06,2.28,1.9,1,0.935808
2015-03-01,945014,2.86,0.72,1,0.954603
2015-03-02,1.10181e+06,2.18,-0.12,0,1.00222
2015-03-03,1.10734e+06,0.7,2.78,0,0.959398
2015-03-04,1.13075e+06,-0.8,3.12,0,0.972275
2015-03-05,1.16487e+06,0.3,2.8,0,0.982608
2015-03-06,1.11506e+06,2.48,1.06,0,0.992754
2015-03-07,979258,4.18,-2.06,1,1.0409
2015-03-08,902113,3.58,-0.48,1,1.08997
2015-03-09,1.10426e+06,2.06,2.3,0,0.962518
2015-03-10,1.06238e+06,3.48,0.74,0,1.01719
2015-03-11,1.0994e+06,2.32,0.88,0,0.998208
2015-03-12,1.14461e+06,3.1,-0.9,0,0.960572
2015-03-13,1.10698e+06,3.54,-3.26,0,0.998762
2015-03-14,1.01931e+06,2.12,-3.54,1,0.981576
2015-03-15,983279,3.1,-3.08,1,1.01293
2015-03-16,1.06287e+06,4.36,-2.3,0,1.03769
2015-03-17,1.08064e+06,4.22,-3.38,0,1.0494
2015-03-18,1.09743e+06,3.2,-3.32,0,1.0301
2015-03-19,1.09948e+06,2.2,-2.56,0,1.01745
2015-03-20,1.10561e+06,0.28,0.62,0,1.01369
2015-03-21,1.00053e+06,-1.42,3.24,1,1.00434
2015-03-22,995992,0.02,2.52,1,0.923843
2015-03-23,1.10293e+06,2.06,-0.18,0,0.943578
2015-03-24,1.13402e+06,0.84,-0.58,0,0.909464
2015-03-25,1.13046e+06,-0.12,0.96,0,0.908674
2015-03-26,1.11867e+06,-0.36,2.1,0,0.995552
2015-03-27,1.12075e+06,0.9,0.74,0,0.916651
2015-03-28,1.00487e+06,1.82,-1.08,1,0.961188
2015-03-29,920140,2.54,-1.52,1,0.989635
2015-03-30,1.0407e+06,1.88,1.26,0,0.98283
2015-03-31,1.03135e+06,0.26,5.1,0,1.01423
2015-04-01,1.02722e+06,0.84,3.94,0,1.01708
2015-04-02,1.11369e+06,1.74,2.1,0,0.943356
2015-04-03,1.02734e+06,1.64,2.54,0,1.00313
2015-04-04,965869,0.74,3.18,1,0.901577
2015-04-05,910603,1.02,2.94,1,0.905402
2015-04-06,1.02283e+06,3.14,-0.72,0,0.949642
2015-04-07,1.04603e+06,5.36,-3.04,0,0.961617
2015-04-08,1.04477e+06,4.78,-0.92,0,0.932767
2015-04-09,1.05061e+06,3.84,0.34,0,0.945375
2015-04-10,1.03055e+06,4.18,0.92,0,0.960967
2015-04-11,870805,3.92,0.92,1,1.01763
2015-04-12,824462,3.96,2.46,1,1.02137
2015-04-13,971324,2.42,5.14,0,0.984382
2015-04-14,1.00588e+06,2.32,3.94,0,0.932302
2015-04-15,974527,3.86,2.3,0,0.961602
2015-04-16,993220,4.18,0.48,0,0.924788
2015-04-17,990325,5.1,-2.22,0,0.966425
2015-04-18,886154,4.84,-1.58,1,0.968079
2015-04-19,842084,6.42,-2.9,1,0.978223
2015-04-20,956154,7.56,-4.72,0,1.03107
2015-04-21,937784,6.26,-3.62,0,1.06159
2015-04-22,937107,6.16,-3,0,1.0456
2015-04-23,918518,4.66,-1.1,0,1.06325
2015-04-24,957075,2.88,0.9,0,0.970434
2015-04-25,857867,3.26,0.76,1,0.966789
2015-04-26,823746,3.52,0.7,1,0.970979
2015-04-27,985857,2.84,2.24,0,0.946861
2015-04-28,995546,2.64,4.7,0,0.901714
2015-04-29,979841,3.16,5.32,0,0.88514
2015-04-30,976613,3.56,4.04,0,0.900633
2015-05-01,928778,3.78,2.56,0,0.979343
2015-05-02,829376,4.02,1.6,1,0.961136
2015-05-03,799840,4.22,1.98,1,0.98358
2015-05-04,933470,5.08,1.64,0,0.958452
2015-05-05,897698,7.34,0.32,0,0.993341
2015-05-06,867296,8.48,-0.56,0,1.01057
2015-05-07,879570,7.6,-1.66,0,1.01579
2015-05-08,909592,6.34,-0.68,0,0.9801
2015-05-09,797143,5.62,0.12,1,1.01624
2015-05-10,786707,6.2,-1.44,1,0.991152
2015-05-11,894686,6.72,0.16,0,1.05186
2015-05-12,891720,7.66,-0.64,0,1.03925
2015-05-13,876464,7.92,-0.56,0,1.07127
2015-05-14,893459,5.94,1.2,0,1.04086
2015-05-15,891491,5.66,1.5,0,1.00659
2015-05-16,810087,5.74,0.8,1,0.989454
2015-05-17,779746,4.76,0.88,1,0.993816
2015-05-18,941083,6.88,-0.2,0,0.991793
2015-05-19,926721,7.02,0.84,0,0.981017
2015-05-20,938929,7.36,1.2,0,0.956968
2015-05-21,929968,7.14,0.26,0,0.968578
2015-05-22,897369,7.16,0.5,0,0.987668
2015-05-23,801544,6.54,1.82,1,0.996532
2015-05-24,774924,5.64,3.44,1,0.989245
2015-05-25,933359,6.68,1.42,0,0.95623
2015-05-26,909129,7.86,-0.12,0,0.954252
2015-05-27,898525,8.56,-0.22,0,0.968029
2015-05-28,900747,7.4,0.24,0,0.987416
2015-05-29,886303,7.66,1.3,0,0.979094
2015-05-30,798764,8.36,0.76,1,0.969871
2015-05-31,766590,9.08,-0.72,1,1.00809
2015-06-01,892506,8.1,0.04,0,0.996468
2015-06-02,867538,7.74,1.02,0,1.03513
2015-06-03,869798,8.34,1.28,0,1.02596
2015-06-04,889412,7.64,1.94,0,1.00347
2015-06-05,867774,8.96,0.72,0,1.0183
2015-06-06,774698,9.12,-0.26,1,1.04101
2015-06-07,772790,8.36,-0.22,1,1.03133
2015-06-08,889354,8.14,-0.04,0,1.01861
2015-06-09,898016,8.76,-0.44,0,1.01393
2015-06-10,892377,9.62,-1.24,0,1.01893
2015-06-11,892496,9.58,0.82,0,0.994204
2015-06-12,883657,9.68,0.86,0,0.942769
2015-06-13,806465,8.86,2.4,1,0.999916
2015-06-14,797001,8.14,3.4,1,1.03187
2015-06-15,905909,8.1,4.78,0,0.999181
2015-06-16,910524,8.32,3.34,0,0.983799
2015-06-17,909274,8.38,3.16,0,0.973015
2015-06-18,887323,10.4,-0.86,0,1.00605
2015-06-19,833084,10.54,-1,0,1.07727
2015-06-20,806397,11.26,-0.04,1,1.00398
2015-06-21,822398,11.54,0.16,1,0.976318
2015-06-22,905167,12.88,-1.66,0,0.98362
2015-06-23,895773,11.66,0.28,0,1.00649
2015-06-24,884737,11.54,3,0,1.00066
2015-06-25,892689,9.54,7.72,0,0.930744
2015-06-26,897454,9.54,5.02,0,0.934375
2015-06-27,809610,11.22,2,1,0.969467
2015-06-28,802922,11.7,3.12,1,0.961578
2015-06-29,890340,11.22,1.3,0,0.928019
2015-06-30,901588,11.94,-0.9,0,0.929762
2015-07-01,885320,14.54,-4,0,0.949661
2015-07-02,830865,17.26,-5.98,0,0.989524
2015-07-03,838559,14.56,-3.18,0,0.973369
2015-07-04,784890,13.22,-1.48,1,1.02748
2015-07-05,772072,14.82,-1.14,1,1.00879
2015-07-06,826252,12.52,1.96,0,1.02689
2015-07-07,838262,11.04,2.1,0,1.02381
2015-07-08,840754,10.54,1.66,0,1.01162
2015-07-09,822161,11.28,-0.22,0,1.0434
2015-07-10,816227,11.38,0.58,0,1.00831
2015-07-11,806456,11.74,0.9,1,0.912354
2015-07-12,778861,13.68,-0.8,1,0.962884
2015-07-13,848467,14.48,-1.74,0,0.958393
2015-07-14,858219,13.14,-1.22,0,0.94165
2015-07-15,850521,12.2,0.64,0,0.969802
2015-07-16,857843,11.06,1.38,0,0.9524
2015-07-17,823006,11.96,-1,0,1.00173
2015-07-18,735773,12.64,-1.86,1,1.02168
2015-07-19,749953,12.88,-1.14,1,0.95475
2015-07-20,813165,12.74,-0.4,0,1.01062
2015-07-21,808142,11.92,2.08,0,1.0244
2015-07-22,824837,12.84,1.32,0,0.992749
2015-07-23,817010,12.44,0.7,0,1.01165
2015-07-24,824429,10.96,1.1,0,0.992389
2015-07-25,751726,10.78,0.62,1,1.04928
2015-07-26,716018,11.74,0,1,1.08455
2015-07-27,821798,12.34,-0.2,0,1.03862
2015-07-28,827864,14,-0.06,0,1.03901
2015-07-29,818856,14.16,1.06,0,1.07697
2015-07-30,826532,13.14,2.02,0,1.05206
2015-07-31,818154,12.06,2.38,0,1.05215
2015-08-01,788773,11.4,2.28,1,0.97794
2015-08-02,776555,11.74,1.12,1,0.999974
2015-08-03,853536,12.14,3.02,0,1.02753
2015-08-04,860156,13.94,0.98,0,1.01304
2015-08-05,881880,15.22,-2.86,0,0.995061
2015-08-06,869561,15.16,-3.12,0,1.004
2015-08-07,860822,14.44,-0.16,0,0.982722
2015-08-08,771373,13.68,2.56,1,0.891532
2015-08-09,776535,12.86,3.34,1,0.934053
2015-08-10,877033,15.16,1.9,0,0.977764
2015-08-11,871371,14.92,1.52,0,0.9817
2015-08-12,877524,12.36,5.4,0,0.991527
2015-08-13,873041,12.04,4.66,0,1.00348
2015-08-14,845949,14.28,2.52,0,1.02629
2015-08-15,687704,16.24,0.44,1,1.13113
2015-08-16,725325,16.2,0.96,1,1.02253
2015-08-17,857531,17.06,-0.28,0,1.01129
2015-08-18,855425,16.44,-0.18,0,0.991248
2015-08-19,870089,17.76,-2.86,0,0.978299
2015-08-20,876079,16.7,-2.04,0,0.97602
2015-08-21,868188,16.8,-3.48,0,0.988174
2015-08-22,777880,16.68,-3.8,1,1.01049
2015-08-23,741668,17.16,-3.78,1,1.05043
2015-08-24,867210,16.78,-4.8,0,0.994515
2015-08-25,847938,16.26,-5.66,0,1.0084
2015-08-26,851207,14.9,-4.22,0,1.01702
2015-08-27,855071,14.66,-3.36,0,1.00796
2015-08-28,857921,13.32,-3.42,0,1.00591
2015-08-29,786041,12.88,-2.98,1,0.966937
2015-08-30,779069,13.38,-3.94,1,0.941743
2015-08-31,862453,11.98,-2.18,0,1.03495
2015-09-01,855058,10.6,0.2,0,1.05884
2015-09-02,865692,10.68,0.38,0,1.04726
2015-09-03,861880,11.3,-0.04,0,1.05229
2015-09-04,862993,9.9,3.56,0,1.03386
2015-09-05,760052,9.9,4.94,1,1.05351
2015-09-06,733683,9.44,4.32,1,1.07842
2015-09-07,892598,9.8,4.76,0,0.973929
2015-09-08,905369,10.8,2.52,0,0.972053
2015-09-09,906602,11.06,1.12,0,0.969499
2015-09-10,906948,11.26,1.46,0,0.954854
2015-09-11,892215,13.46,-1.2,0,0.940652
2015-09-12,800724,14.84,-4.3,1,0.989109
2015-09-13,791221,13.76,-4.38,1,0.986302
2015-09-14,869327,14.56,-4.86,0,1.04359
2015-09-15,880067,13.32,-2.54,0,1.03229
2015-09-16,878950,12.18,-0.82,0,1.04431
2015-09-17,866003,12.72,-1.24,0,1.04705
2015-09-18,839264,12.26,-2.26,0,1.05424
2015-09-19,792003,10.54,-1.72,1,1.03947
2015-09-20,780383,9.38,-0.3,1,1.05447
2015-09-21,907222,9.7,-1,0,1.03185
2015-09-22,908488,10.78,-0.68,0,1.03185
2015-09-23,917893,11.36,-2.34,0,1.00939
2015-09-24,906746,11.48,-2.52,0,1.01011
2015-09-25,884784,10,-1.08,0,1.01828
2015-09-26,823264,8.82,-2.56,1,1.0384
2015-09-27,822892,9.08,-3.08,1,1.06529
2015-09-28,936121,8.7,-2.76,0,1.04119
2015-09-29,937419,10.1,-2.24,0,1.01909
2015-09-30,926513,9.02,-2.1,0,1.05292
2015-10-01,915909,8.96,-2.46,0,1.09888
2015-10-02,900962,8.92,-2.56,0,1.12736
2015-10-03,854877,6.26,0.4,1,1.09879
2015-10-04,876618,6,0.62,1,1.00937
2015-10-05,974681,5.94,0.1,0,1.05335
2015-10-06,955310,7.86,-2.6,0,1.07451
2015-10-07,975545,6.92,-2.16,0,1.04898
2015-10-08,1.00647e+06,6.5,-1.28,0,1.01468
2015-10-09,1.01571e+06,6.36,-1.62,0,1.00378
2015-10-10,939329,6.66,-1.3,1,1.01405
2015-10-11,884833,6.62,-1.3,1,1.06884
2015-10-12,1.02668e+06,6.04,-1.3,0,1.04199
2015-10-13,1.02649e+06,5.26,-0.02,0,1.05342
2015-10-14,1.02333e+06,4.76,1.78,0,1.00877
2015-10-15,1.02125e+06,5.22,2.72,0,0.970216
2015-10-16,1.01955e+06,4.74,2.48,0,0.957616
2015-10-17,952529,5.36,2.02,1,0.962831
2015-10-18,945748,5.32,0.76,1,0.942548
2015-10-19,1.06979e+06,4.74,-0.1,0,0.973443
2015-10-20,1.08132e+06,5.24,-1.9,0,0.975928
2015-10-21,1.0323e+06,6.54,-2.82,0,1.03104
2015-10-22,990833,7.94,-4.24,0,1.09418
2015-10-23,976337,7.22,-1.16,0,1.09096
2015-10-24,917124,7.38,0.34,1,1.01802
2015-10-25,891413,6.08,1.84,1,1.03309
2015-10-26,1.04138e+06,4.64,3.44,0,0.98404
2015-10-27,1.05529e+06,3.34,3.54,0,0.975116
2015-10-28,1.06434e+06,3.72,1.26,0,0.984328
2015-10-29,1.08415e+06,3.7,0.3,0,0.985168
2015-10-30,1.06514e+06,6.06,-0.5,0,0.98864
2015-10-31,933655,7.72,-1.44,1,0.987483
2015-11-01,920912,7.92,-1.92,1,0.990221
2015-11-02,1.02476e+06,8.08,-2.18,0,0.98423
2015-11-03,1.02903e+06,6.88,-2.32,0,0.975171
2015-11-04,1.04766e+06,4.98,-0.86,0,0.988966
2015-11-05,1.06807e+06,4,-0.58,0,0.98501
2015-11-06,1.05304e+06,5.56,-2.02,0,0.984939
2015-11-07,921968,6.28,-3.76,1,1.00203
2015-11-08,911906,6,-3.74,1,1.04125
2015-11-09,1.0086e+06,5.9,-3.56,0,1.07281
2015-11-10,1.00348e+06,4.56,-2.02,0,1.08417
2015-11-11,1.0361e+06,4.12,-2.48,0,1.04237
2015-11-12,1.05206e+06,3.42,-4.04,0,1.04108
2015-11-13,1.03718e+06,3.54,-6.26,0,1.10511
2015-11-14,923842,2.52,-6.54,1,1.1683
2015-11-15,949522,2.26,-7.02,1,1.10834
2015-11-16,1.08204e+06,2.34,-3.68,0,1.11927
2015-11-17,1.08794e+06,2.54,-0.34,0,1.06632
2015-11-18,1.08e+06,1.64,-0.4,0,1.07819
2015-11-19,1.09528e+06,-0.62,1.78,0,1.06955
2015-11-20,1.1462e+06,-2.72,8.2,0,0.944259
2015-11-21,1.07932e+06,-4.02,6.26,1,1.00277
2015-11-22,1.05239e+06,-4.76,6.06,1,0.889703
2015-11-23,1.2111e+06,-1.34,1.54,0,0.920163
2015-11-24,1.16009e+06,2.2,-2.24,0,0.975735
2015-11-25,1.16445e+06,1.24,0.76,0,0.978608
2015-11-26,1.17146e+06,1.16,0.56,0,0.97107
2015-11-27,1.08231e+06,5.48,-3.5,0,1.00328
2015-11-28,1.08231e+06,2.24,2.48,1,0.893518
2015-11-29,936315,1.3,2.68,1,0.990019
2015-11-30,1.11441e+06,0.2,2.18,0,1.00706
2015-12-01,1.13194e+06,-0.04,3.62,0,0.998251
2015-12-02,1.13954e+06,2,2.26,0,0.95765
2015-12-03,1.13757e+06,1.72,2.16,0,0.949621
2015-12-04,1.08586e+06,1.98,-1.48,0,1.01726
2015-12-05,967064,4.72,-5.72,1,1.08235
2015-12-06,926970,3.98,-6.78,1,1.18467
2015-12-07,1.12228e+06,2.38,-5.9,0,1.11617
2015-12-08,1.12996e+06,3.58,-7.08,0,1.12352
2015-12-09,1.09128e+06,4.26,-5.54,0,1.12936
2015-12-10,1.08026e+06,3.88,-3.54,0,1.11049
2015-12-11,1.1046e+06,0.5,3.02,0,1.01038
2015-12-12,1.0467e+06,-1,4.9,1,0.953456
2015-12-13,1.09815e+06,-2.8,8.1,1,0.85892
2015-12-14,1.25266e+06,-3.52,7.88,0,0.828573
2015-12-15,1.26953e+06,-3.5,6.6,0,0.813726
2015-12-16,1.23245e+06,-1.28,3.68,0,0.816601
2015-12-17,1.19962e+06,0.34,4.72,0,0.780101
2015-12-18,1.11607e+06,3.52,-0.12,0,0.920424
2015-12-19,997982,3.9,-6.64,1,1.06963
2015-12-20,943223,5.3,-10.16,1,1.09617
2015-12-21,1.03792e+06,4.36,-8.48,0,1.16169
2015-12-22,1.03305e+06,3.1,-0.92,0,1.1402
2015-12-23,1.00642e+06,2.4,1.88,0,1.12755
2015-12-24,935825,5.06,-1.84,0,1.12652
2015-12-25,1.02726e+06,3.4,-1.24,0,1.13277
2015-12-26,1.06747e+06,-2.74,2.82,1,1.01349
2015-12-27,1.03393e+06,-4.86,0.74,1,1.09202
2015-12-28,1.20574e+06,-4.12,-3.08,0,1.06972
2015-12-29,1.17788e+06,2.18,-9.78,0,1.12478
2015-12-30,1.13479e+06,4.28,-14.62,0,1.17202
2015-12-31,1.05423e+06,3.22,-15.4,0,1.31394
2016-01-01,1.16364e+06,2.16,-12.64,0,1.16743
2016-01-02,1.08187e+06,0.08,-9.54,1,1.19298
2016-01-03,1.12907e+06,-4.12,-0.38,1,1.06447
2016-01-04,1.28981e+06,-7.2,3.72,0,1.00768
2016-01-05,1.32485e+06,-7.6,1.86,0,0.979832
2016-01-06,1.33e+06,-10.34,3.02,0,0.995248
2016-01-07,1.38519e+06,-12.18,3.74,0,0.999538
2016-01-08,1.35847e+06,-10.48,0.96,0,1.03399
2016-01-09,1.29065e+06,-9.46,-0.82,1,1.04361
2016-01-10,1.20186e+06,-4.5,-5.62,1,1.08563
2016-01-11,1.29971e+06,-3.48,-4.88,0,1.06098
2016-01-12,1.29813e+06,-5.74,-3.84,0,1.08104
2016-01-13,1.32368e+06,-7.32,-2.6,0,1.08314
2016-01-14,1.38455e+06,-8.44,-0.44,0,1.05346
2016-01-15,1.40464e+06,-9.52,5.56,0,1.01744
2016-01-16,1.34693e+06,-10.28,8.28,1,0.978573
2016-01-17,1.30478e+06,-10.12,8.58,1,0.955425
2016-01-18,1.37897e+06,-8.36,9.28,0,0.946199
2016-01-19,1.40333e+06,-9.58,10.66,0,0.867928
2016-01-20,1.43373e+06,-9.92,11.5,0,0.826913
2016-01-21,1.45857e+06,-8.88,10.1,0,0.809656
2016-01-22,1.42913e+06,-3.96,6.52,0,0.818008
2016-01-23,1.31807e+06,-2,3.04,1,0.79822
2016-01-24,1.24662e+06,-1.54,0.5,1,0.877701
2016-01-25,1.30478e+06,0.92,-1.54,0,0.946497
2016-01-26,1.21799e+06,1.08,-3.06,0,0.974975
2016-01-27,1.18557e+06,1.58,-3.52,0,1.04232
2016-01-28,1.18094e+06,1.22,-3.58,0,1.06425
2016-01-29,1.16904e+06,2.56,-3.88,0,1.10324
2016-01-30,1.05211e+06,1.04,-0.26,1,1.04166
2016-01-31,1.09416e+06,-1.04,3.22,1,0.934607
2016-02-01,1.23497e+06,-0.62,2.56,0,0.917229
2016-02-02,1.18751e+06,-1.98,3.58,0,0.99563
2016-02-03,1.23574e+06,-1.94,1.44,0,0.98986
2016-02-04,1.25682e+06,-2.36,0.78,0,0.993961
2016-02-05,1.28973e+06,-1.32,-4.14,0,0.999581
2016-02-06,1.09594e+06,0.78,-6.78,1,1.11283
2016-02-07,1.02261e+06,2.18,-9.66,1,1.13311
2016-02-08,1.13275e+06,1.94,-7.74,0,1.15386
2016-02-09,1.18232e+06,1.6,-5.06,0,1.13523
2016-02-10,1.22321e+06,-0.5,1.26,0,1.0597
2016-02-11,1.24923e+06,-1.58,0.1,0,1.06033
2016-02-12,1.28919e+06,-5.46,4.42,0,1.00679
2016-02-13,1.2196e+06,-6,6.3,1,0.898409
2016-02-14,1.15873e+06,-7.48,6.38,1,0.90342
2016-02-15,1.30703e+06,-5.8,4.78,0,0.940208
2016-02-16,1.3422e+06,-3.46,1.22,0,0.930226
2016-02-17,1.29623e+06,0.76,-2.9,0,0.967459
2016-02-18,1.3246e+06,-1.48,-1.46,0,0.970119
2016-02-19,1.29795e+06,-1.04,-2.48,0,0.989568
2016-02-20,1.0957e+06,0.3,-3.26,1,1.09582
2016-02-21,1.04682e+06,-1.1,-1.2,1,1.07956
2016-02-22,1.22888e+06,-1.02,-1.68,0,1.05014
2016-02-23,1.24855e+06,-2.24,0.84,0,1.02379
2016-02-24,1.25405e+06,-2.14,0.98,0,1.01829
2016-02-25,1.28502e+06,-2.94,1.9,0,0.998887
2016-02-26,1.28441e+06,-3.52,3.6,0,0.978317
2016-02-27,1.20069e+06,-2.96,2.78,1,0.972757
2016-02-28,1.1301e+06,-2.3,1.66,1,0.986461
2016-02-29,1.2905e+06,-2.7,2.24,0,0.981798
2016-03-01,1.27825e+06,-1.4,0.24,0,1.00169
2016-03-02,1.27699e+06,-1.16,1.24,0,0.983492
2016-03-03,1.28359e+06,-1.04,2.02,0,0.967949
2016-03-04,1.25656e+06,0.08,0.36,0,0.980725
2016-03-05,1.16798e+06,-0.18,1,1,0.983245
2016-03-06,1.1148e+06,-0.64,2.72,1,0.961536
2016-03-07,1.26701e+06,-0.46,4.14,0,0.940111
2016-03-08,1.28041e+06,-1.16,4.8,0,0.930444
2016-03-09,1.25591e+06,0.08,1.88,0,0.922773
2016-03-10,1.24245e+06,0.98,0.2,0,0.940505
2016-03-11,1.23234e+06,0.44,0.56,0,0.949908
2016-03-12,1.14841e+06,0.82,0.62,1,0.971169
2016-03-13,1.07192e+06,2.08,-0.82,1,0.957161
2016-03-14,1.19113e+06,3.68,-3.2,0,0.972178
2016-03-15,1.19135e+06,3.64,-3.26,0,0.97183
2016-03-16,1.15892e+06,1.96,-1.6,0,0.996074
2016-03-17,1.16853e+06,1.18,-1.34,0,1.05187
2016-03-18,1.17061e+06,1,0.32,0,0.972022
2016-03-19,1.1153e+06,1.44,1.66,1,0.858453
2016-03-20,1.026e+06,1.26,4.16,1,0.853912
2016-03-21,1.15799e+06,0.48,5.1,0,0.846504
2016-03-22,1.15779e+06,0.38,4.34,0,0.903065
2016-03-23,1.15437e+06,0.36,2.24,0,0.95867
2016-03-24,1.22914e+06,-0.16,1.16,0,0.92979
2016-03-25,1.13786e+06,1.32,0.28,0,0.989218
2016-03-26,957433,3.1,-0.38,1,1.03069
2016-03-27,876114,5.42,-2.14,1,1.07681
2016-03-28,980243,5.58,-1.36,0,1.09896
2016-03-29,1.04556e+06,4.72,-0.86,0,1.03224
2016-03-30,1.10666e+06,2.6,0.72,0,0.940379
2016-03-31,1.14284e+06,1,2.2,0,0.902471
2016-04-01,1.12559e+06,1.6,1.28,0,0.936096
2016-04-02,986814,2.72,0.12,1,1.00532
2016-04-03,943405,3.28,-0.12,1,0.980653
2016-04-04,1.07725e+06,4.22,-0.44,0,0.978621
2016-04-05,1.07927e+06,3.86,-0.7,0,0.974297
2016-04-06,1.04068e+06,3.32,-1.08,0,1.02358
2016-04-07,1.03138e+06,3.2,-1,0,1.03984
2016-04-08,1.05366e+06,2.88,0.1,0,0.986172
2016-04-09,992066,2.84,0.14,1,0.918777
2016-04-10,925153,3.16,0.46,1,0.958071
2016-04-11,1.05422e+06,3.78,0.06,0,0.955616
2016-04-12,1.05153e+06,3.16,0.98,0,0.941541
2016-04-13,1.06522e+06,2.24,1.24,0,0.948687
2016-04-14,1.07247e+06,2.2,1.7,0,0.949863
2016-04-15,1.03909e+06,2.98,0.04,0,0.977278
2016-04-16,911487,2.98,-1.74,1,1.04227
2016-04-17,886362,3.62,-2.38,1,1.04774
2016-04-18,1.00743e+06,3.84,-2.08,0,1.05923
2016-04-19,990059,4.14,-1.16,0,1.07246
2016-04-20,1.01056e+06,3.48,0.74,0,1.04103
2016-04-21,1.0187e+06,3.9,1.22,0,1.04022
2016-04-22,1.01548e+06,3.02,3,0,0.987513
2016-04-23,950016,1.24,5.32,1,0.994984
2016-04-24,928678,1.24,5.18,1,0.947257
2016-04-25,1.0671e+06,1.76,5.32,0,0.942245
2016-04-26,1.0618e+06,2.98,4.88,0,0.949265
2016-04-27,1.05202e+06,4.22,3.3,0,0.944081
2016-04-28,1.05967e+06,5.12,3.52,0,0.885827
2016-04-29,1.0028e+06,6.02,3.56,0,0.886976
2016-04-30,945251,6.56,4.78,1,0.849975
2016-05-01,879697,6.42,5.46,1,0.855418
2016-05-02,1.00547e+06,7.08,4.4,0,0.887395
2016-05-03,1.00793e+06,7.86,1.98,0,0.905658
2016-05-04,993192,7.52,1.9,0,0.909931
2016-05-05,938685,8.64,-0.64,0,0.976717
2016-05-06,889460,9.58,-3.52,0,1.0455
2016-05-07,803440,11.34,-4.86,1,0.986097
2016-05-08,752509,11.88,-5.02,1,1.03608
2016-05-09,892249,11.48,-4.2,0,1.06741
2016-05-10,912840,9.84,-3.44,0,1.13874
2016-05-11,903736,9.42,-3.22,0,1.06509
2016-05-12,916829,8,-1.14,0,1.05367
2016-05-13,929934,6.06,1.8,0,0.995409
2016-05-14,792270,6.48,3.34,1,1.01588
2016-05-15,779662,6.86,4.9,1,0.987405
2016-05-16,952398,7.28,2.94,0,0.94584
2016-05-17,1.03949e+06,6.4,2.76,0,0.872605
2016-05-18,962561,6.2,3.62,0,0.957003
2016-05-19,966032,6.86,3.5,0,0.963532
2016-05-20,925665,7.86,5.52,0,1.00894
2016-05-21,804855,9.82,3.08,1,1.00365
2016-05-22,769842,11.76,2.54,1,0.959255
2016-05-23,900816,10.22,4.94,0,0.962804
2016-05-24,907065,9.16,6.86,0,0.963451
2016-05-25,921174,9.82,3.82,0,0.945474
2016-05-26,930803,10.36,3.96,0,0.91767
2016-05-27,933937,13.38,0,0,0.911022
2016-05-28,807791,12.9,-1.84,1,0.952184
2016-05-29,738475,14.3,-2.98,1,1.01717
2016-05-30,867309,15.16,-2.18,0,0.985002
2016-05-31,873913,16.02,-4.34,0,1.00231
2016-06-01,870946,13.64,-3.98,0,1.01549
2016-06-02,854170,14.32,-6.06,0,1.03788
2016-06-03,850837,13.38,-4.28,0,1.01707
2016-06-04,769166,11.06,-0.7,1,1.02114
2016-06-05,751151,11.32,-0.5,1,1.02265
2016-06-06,854301,12.98,-1.76,0,1.02972
2016-06-07,875929,11.68,0.52,0,0.973521
2016-06-08,884438,9.66,2.82,0,0.963012
2016-06-09,886530,8.26,5.62,0,0.967075
2016-06-10,865360,9.1,4.56,0,0.966735
2016-06-11,785430,10.36,1.04,1,0.934171
2016-06-12,768164,10.82,-0.82,1,0.941393
2016-06-13,879692,11.22,-0.74,0,0.973965
2016-06-14,852735,12.2,1.02,0,0.991433
2016-06-15,851724,12.48,0.56,0,0.9839
2016-06-16,857341,13.88,0.34,0,0.973763
2016-06-17,836574,13.66,0.84,0,0.952996
2016-06-18,733726,11.4,2.76,1,1.01089
2016-06-19,723144,10,4.76,1,0.972102
2016-06-20,856789,10.48,4.4,0,0.985719
2016-06-21,845430,13.22,0.04,0,0.986353
2016-06-22,838011,13.04,0.76,0,1.01971
2016-06-23,834847,14.22,1.04,0,1.03463
2016-06-24,797252,14.5,-0.14,0,1.05031
2016-06-25,741717,14.16,-0.22,1,0.986347
2016-06-26,702970,14.76,-1.72,1,1.0346
2016-06-27,844553,14.88,-1.96,0,1.0198
2016-06-28,833892,13.26,-1.32,0,1.0072
2016-06-29,854531,13.8,-1.36,0,0.940216
2016-06-30,863757,15.26,-3.98,0,0.980308
2016-07-01,837364,14.36,-1.74,0,0.996487
2016-07-02,731590,13.94,-1.7,1,0.998054
2016-07-03,727293,13.04,-0.3,1,0.987382
2016-07-04,861279,12.92,1.64,0,0.932
2016-07-05,839894,11.94,3.24,0,0.975358
2016-07-06,803444,12.44,1.14,0,1.02444
2016-07-07,846748,11.28,1.8,0,0.939265
2016-07-08,834422,12.62,0.9,0,0.961216
2016-07-09,730166,12.24,1.24,1,0.989478
2016-07-10,718116,12.74,0.02,1,0.972933
2016-07-11,802712,14.56,-2.3,0,1.0036
2016-07-12,819197,15.18,-2.04,0,1.0026
2016-07-13,823083,13.58,1.96,0,0.98119
2016-07-14,795321,13.08,5.4,0,1.04649
2016-07-15,802060,13.52,5.76,0,1.03287
2016-07-16,722483,13.48,4.84,1,1.0526
2016-07-17,698679,12.76,4.56,1,1.0542
2016-07-18,805603,12.26,5.06,0,1.04822
2016-07-19,821328,13.14,2.86,0,1.01647
2016-07-20,807601,15.54,-0.38,0,1.04447
2016-07-21,832295,18.48,-3.5,0,0.995819
2016-07-22,828421,19.28,-4.62,0,0.966458
2016-07-23,760482,18.32,-4.72,1,0.963823
2016-07-24,736544,17.32,-4.78,1,0.964973
2016-07-25,844448,17.32,-5.22,0,0.960013
2016-07-26,834855,16,-3.7,0,1.00343
2016-07-27,843518,15.16,-1.92,0,0.948442
2016-07-28,828815,14.98,-0.14,0,0.960681
2016-07-29,800634,14.66,-0.22,0,1.015
2016-07-30,732970,13.6,-0.32,1,0.996979
2016-07-31,710745,12.54,0.18,1,0.991299
2016-08-01,810681,12.1,1.06,0,0.961357
2016-08-02,837715,12.3,-1.5,0,0.97182
2016-08-03,800028,13.24,-3.86,0,1.04999
2016-08-04,796227,14.84,-5.86,0,1.07088
2016-08-05,812644,14.44,-4.28,0,1.02431
2016-08-06,730756,13.28,-1.56,1,1.01048
2016-08-07,704561,12.72,-0.84,1,1.04708
2016-08-08,779354,13.16,-0.94,0,1.07603
2016-08-09,814108,10.8,2.2,0,1.03596
2016-08-10,840019,9.38,4.92,0,1.0159
2016-08-11,852665,8.98,7.22,0,1.00677
2016-08-12,832397,10.16,4.98,0,1.04
2016-08-13,738416,11.72,3.92,1,1.03533
2016-08-14,737730,11.88,3.28,1,1.00624
2016-08-15,838611,12.22,2.22,0,1.04225
2016-08-16,843383,13,-0.14,0,1.03496
2016-08-17,853377,14.3,-1.52,0,1.01388
2016-08-18,858440,16.2,-2.78,0,1.00809
2016-08-19,865692,15.14,-2.1,0,0.98246
2016-08-20,764503,15.64,-4.12,1,1.00582
2016-08-21,742336,15.16,-4.88,1,1.02468
2016-08-22,874040,14.44,-2.88,0,1.01137
2016-08-23,872864,12.86,-1.2,0,1.01194
2016-08-24,865222,12.78,0.64,0,1.00997
2016-08-25,865388,13.42,-0.08,0,1.03621
2016-08-26,850508,13.04,-1.88,0,1.04238
2016-08-27,768954,11.52,-0.52,1,1.0636
2016-08-28,760658,10.28,-0.02,1,1.01737
2016-08-29,883981,11.56,-1.66,0,1.01739
2016-08-30,883289,11.66,0.46,0,1.01481
2016-08-31,873850,13.42,-0.46,0,1.01548
2016-09-01,896726,13.34,0.22,0,0.996595
2016-09-02,886555,11.16,3.18,0,1.00729
2016-09-03,817856,11,3.02,1,0.989613
2016-09-04,773870,10.26,2.82,1,1.02844
2016-09-05,899352,9.9,2.16,0,1.00507
2016-09-06,896370,12.12,2.56,0,1.00622
2016-09-07,887374,12.96,1.84,0,1.03407
2016-09-08,893673,13.56,-0.22,0,1.01865
2016-09-09,893017,14.34,-0.32,0,1.02028
2016-09-10,809361,14.02,-0.36,1,1.03971
2016-09-11,795875,13.08,0.74,1,1.0207
2016-09-12,903908,12.06,0.82,0,1.03352
2016-09-13,901946,14.68,-2.24,0,1.02432
2016-09-14,917610,14.8,-1.46,0,0.992298
2016-09-15,910341,13.34,0.82,0,1.0031
2016-09-16,911126,14.02,-2.12,0,0.998508
2016-09-17,841500,13.66,-2.52,1,0.995655
2016-09-18,812349,13.82,0.16,1,0.965015
2016-09-19,934203,12.88,-0.1,0,0.996773
2016-09-20,923878,12.44,-1.1,0,0.992864
2016-09-21,910543,13.34,-1.96,0,0.954413
2016-09-22,913161,14.16,-3.74,0,0.940679
2016-09-23,909767,11.9,-3.54,0,0.9717
2016-09-24,837844,11.14,-3.62,1,1.02441
2016-09-25,783929,13.98,-7.7,1,1.07541
2016-09-26,931188,12.78,-7.22,0,1.02508
2016-09-27,917285,11.34,-5.24,0,1.04555
2016-09-28,869034,11.38,-5.82,0,1.11065
2016-09-29,858991,10.42,-4.56,0,1.1241
2016-09-30,884021,8.36,-1.28,0,1.09495
2016-10-01,858299,7.52,-1.54,1,1.06158
2016-10-02,843046,6.28,0.56,1,1.04199
2016-10-03,954545,5.56,0.88,0,1.06047
2016-10-04,959069,6.1,-2.02,0,1.05662
2016-10-05,965196,5.56,-2.1,0,1.05934
2016-10-06,965592,5.86,-2.5,0,1.07989
2016-10-07,967959,7.08,-3.84,0,1.05585
2016-10-08,911157,5.98,-0.88,1,1.02562
2016-10-09,878447,6.84,-0.88,1,1.0519
2016-10-10,1.01227e+06,6.44,0.96,0,1.03207
2016-10-11,1.01337e+06,4.08,3.24,0,1.01882
2016-10-12,1.02247e+06,3.46,2.62,0,1.00577
2016-10-13,1.04273e+06,3.36,2.54,0,1.00555
2016-10-14,1.02202e+06,3.24,1.56,0,1.0148
2016-10-15,934502,5.1,-1.46,1,1.04279
2016-10-16,924039,5.96,-2.72,1,1.01634
2016-10-17,1.04473e+06,7.4,-2.72,0,1.03015
2016-10-18,1.03244e+06,7.32,-3.52,0,1.05793
2016-10-19,1.02837e+06,6.08,-1.76,0,1.05726
2016-10-20,1.04852e+06,5.9,-0.04,0,0.993724
2016-10-21,1.03715e+06,4.8,1.16,0,0.953193
2016-10-22,974494,3.64,1.3,1,0.927193
2016-10-23,939135,3.24,0.74,1,0.999717
2016-10-24,1.07623e+06,4.68,-0.06,0,0.998653
2016-10-25,1.09225e+06,3.8,-0.68,0,0.941561
2016-10-26,1.08725e+06,4.32,-3.14,0,0.97719
2016-10-27,1.04194e+06,5.86,-6.42,0,1.08554
2016-10-28,988604,5.96,-6.76,0,1.1463
2016-10-29,903544,4.94,-5.68,1,1.14324
2016-10-30,938869,3.98,-6.88,1,1.08576
2016-10-31,1.07478e+06,4.62,-9.74,0,1.08911
2016-11-01,1.02842e+06,3.12,-7.84,0,1.17825
2016-11-02,1.06245e+06,1.18,-4,0,1.13976
2016-11-03,1.13107e+06,-0.56,-2.44,0,1.07571
2016-11-04,1.13324e+06,-0.8,-2.18,0,1.06955
2016-11-05,1.03297e+06,-0.74,0.66,1,1.074
2016-11-06,1.01939e+06,-2.9,4.9,1,1.04598
2016-11-07,1.17055e+06,-5.12,9.06,0,0.979053
2016-11-08,1.21174e+06,-4.72,9.28,0,0.914173
2016-11-09,1.21094e+06,-2.82,6.7,0,0.918716
2016-11-10,1.2167e+06,-3,4.24,0,0.908729
2016-11-11,1.21206e+06,-2.98,4.48,0,0.892811
2016-11-12,1.10941e+06,-0.08,1.28,1,0.915198
2016-11-13,1.06626e+06,2,-0.64,1,0.936779
2016-11-14,1.14603e+06,3.94,-2.6,0,0.951764
2016-11-15,1.10774e+06,4.56,-2.02,0,0.992715
2016-11-16,1.11251e+06,3.88,-1.04,0,0.984414
2016-11-17,1.10565e+06,1.24,0.44,0,1.02182
2016-11-18,1.08214e+06,1.5,0.88,0,1.0506
2016-11-19,1.01533e+06,1.2,1.22,1,0.990299
2016-11-20,998850,1.36,-1.08,1,1.00774
2016-11-21,1.09075e+06,1.34,-1.98,0,1.09953
2016-11-22,1.09967e+06,2.54,-0.86,0,1.0753
2016-11-23,1.09517e+06,2.84,-2.32,0,1.04308
2016-11-24,1.12978e+06,1.68,-1.04,0,1.02514
2016-11-25,1.1369e+06,2.38,-3.3,0,1.03656
2016-11-26,1.00548e+06,2.42,-4.22,1,1.14463
2016-11-27,1.00658e+06,0.28,1.06,1,1.10643
2016-11-28,1.19931e+06,-0.64,2.12,0,0.970033
2016-11-29,1.18247e+06,1.68,-2.76,0,1.04585
2016-11-30,1.14235e+06,0.52,1.2,0,1.02989
2016-12-01,1.15818e+06,0.64,2.54,0,0.968088
2016-12-02,1.17847e+06,-0.92,2.1,0,0.957139
2016-12-03,1.1509e+06,-1.8,2.74,1,0.938466
2016-12-04,1.11371e+06,1.34,-2.14,1,0.969902
2016-12-05,1.16337e+06,1.48,-5.1,0,1.09112
2016-12-06,1.23669e+06,-1.08,0.84,0,1.01201
2016-12-07,1.1765e+06,1.72,-3.76,0,1.08432
2016-12-08,1.12122e+06,3.18,-3.56,0,1.14221
2016-12-09,1.12796e+06,1.18,-0.86,0,1.12515
2016-12-10,1.08008e+06,0.94,0.4,1,1.0911
2016-12-11,1.08019e+06,-0.8,1.72,1,1.05094
2016-12-12,1.26938e+06,-3.62,7.68,0,0.97706
2016-12-13,1.25154e+06,-0.24,3.2,0,0.964883
2016-12-14,1.2757e+06,-2.04,5.82,0,0.923642
2016-12-15,1.28067e+06,-0.38,3.48,0,0.917926
2016-12-16,1.26912e+06,0.32,1.48,0,0.883006
2016-12-17,1.17847e+06,1.34,-0.16,1,0.80549
2016-12-18,1.13522e+06,0.92,1.16,1,0.823915
2016-12-19,1.24026e+06,4.06,-2.54,0,0.833085
2016-12-20,1.20759e+06,2.96,-1.36,0,0.868946
2016-12-21,1.17829e+06,3.78,-2.72,0,0.991191
2016-12-22,1.17556e+06,3.1,-1.5,0,0.979993
2016-12-23,1.12064e+06,1.8,1.76,0,0.964663
2016-12-24,949246,1.18,1.7,1,1.02909
2016-12-25,935325,2.08,-2.42,1,1.05648
2016-12-26,1.03324e+06,1.52,-4.74,0,1.19754
2016-12-27,1.04933e+06,1.6,-4.82,0,1.19741
2016-12-28,1.16791e+06,1.06,-6.42,0,1.07365
2016-12-29,1.15204e+06,1.6,-9.86,0,1.20197
2016-12-30,1.08104e+06,3.56,-5.78,0,1.25052
2016-12-31,976861,2.88,-3.66,1,1.25835
2017-01-01,988148,-0.34,0.34,1,1.22616
2017-01-02,1.23735e+06,-3.22,3.98,0,1.01428
2017-01-03,1.25648e+06,-3.22,4.14,0,0.969773
2017-01-04,1.25393e+06,-5.36,6.96,0,0.934295
2017-01-05,1.38472e+06,-8.26,7.48,0,0.871996
2017-01-06,1.35186e+06,-2.22,-0.94,0,0.94188
2017-01-07,1.22923e+06,-0.78,-3.02,1,0.968948
2017-01-08,1.21163e+06,0,-5.02,1,1.00908
2017-01-09,1.25502e+06,0.76,-5.84,0,1.09246
2017-01-10,1.2185e+06,0.92,-2.04,0,1.10391
2017-01-11,1.17154e+06,1.6,-0.64,0,1.0638
2017-01-12,1.20747e+06,-0.78,1.9,0,0.990103
2017-01-13,1.27329e+06,-3.16,3.84,0,0.931265
2017-01-14,1.19106e+06,-3.8,3.24,1,0.963579
2017-01-15,1.22263e+06,-5.02,4.66,1,0.931345
2017-01-16,1.37106e+06,-5.08,4.04,0,0.901645
2017-01-17,1.34512e+06,-1.12,-0.38,0,0.956725
2017-01-18,1.24628e+06,0.96,1.02,0,1.00818
2017-01-19,1.19552e+06,1.12,0.76,0,1.03513
2017-01-20,1.18577e+06,0.68,-0.5,0,1.0389
2017-01-21,1.14768e+06,-0.56,1.38,1,1.01218
2017-01-22,1.13869e+06,-0.36,2.04,1,0.979213
2017-01-23,1.23621e+06,-1.04,0.08,0,1.00199
2017-01-24,1.28691e+06,-1.5,-1.04,0,0.98292
2017-01-25,1.25647e+06,1.98,-4.7,0,1.00404
2017-01-26,1.23752e+06,1.88,-1.34,0,1.01859
2017-01-27,1.2319e+06,0.18,1.44,0,1.01806
2017-01-28,1.16166e+06,0.82,0.22,1,1.00646
2017-01-29,1.11502e+06,1.68,-1.5,1,1.02767
2017-01-30,1.23867e+06,-0.96,1.12,0,1.03664
2017-01-31,1.26493e+06,-2.54,-0.78,0,1.05663
2017-02-01,1.26154e+06,-2.72,-2.7,0,1.07238
2017-02-02,1.26053e+06,0.54,-6.34,0,1.07857
2017-02-03,1.25415e+06,1.62,-5.12,0,1.05925
2017-02-04,1.16917e+06,1.04,-5.06,1,1.04998
2017-02-05,1.14587e+06,0.18,-2.78,1,1.03358
2017-02-06,1.28405e+06,0.16,-1.36,0,0.990226
2017-02-07,1.33656e+06,-3.32,0.94,0,0.948569
2017-02-08,1.35285e+06,-5.42,3.54,0,0.956048
2017-02-09,1.35957e+06,-5.8,5.7,0,0.907964
2017-02-10,1.32846e+06,-3.5,2.8,0,0.911725
2017-02-11,1.22761e+06,-4.02,2.64,1,0.916203
2017-02-12,1.18435e+06,-2.6,2.16,1,0.887305
2017-02-13,1.2715e+06,-1.2,1.46,0,0.903689
2017-02-14,1.26782e+06,-2.38,1.18,0,0.937002
2017-02-15,1.29339e+06,-1.88,0.78,0,0.898352
2017-02-16,1.23444e+06,-0.1,-3.26,0,0.96349
2017-02-17,1.21119e+06,-0.7,-3.38,0,1.0255
2017-02-18,1.12474e+06,-1.38,-1.66,1,1.02192
2017-02-19,1.05088e+06,-0.44,-0.5,1,1.02243
2017-02-20,1.14904e+06,0.26,-0.18,0,1.03127
2017-02-21,1.18795e+06,-1.2,1.18,0,0.977811
2017-02-22,1.16192e+06,-1.1,0.82,0,1.02197
2017-02-23,1.18937e+06,-3.36,1.04,0,0.978804
2017-02-24,1.24208e+06,-4.08,2.44,0,0.974358
2017-02-25,1.14939e+06,-3.04,1.16,1,0.983426
2017-02-26,1.07445e+06,-0.94,-0.68,1,1.00395
2017-02-27,1.18497e+06,0.08,-2.64,0,1.05612
2017-02-28,1.16159e+06,-0.02,-3.22,0,1.11598
2017-03-01,1.18745e+06,-0.28,-3.02,0,1.06218
2017-03-02,1.16416e+06,-2.32,0.78,0,1.03382
2017-03-03,1.21023e+06,-1.64,1.48,0,0.97127
2017-03-04,1.13034e+06,-1.88,1.12,1,0.983633
2017-03-05,1.07869e+06,-1.62,2.72,1,0.950978
2017-03-06,1.25147e+06,-2.56,4.14,0,0.936579
2017-03-07,1.29631e+06,-3.24,6.74,0,0.855513
2017-03-08,1.26128e+06,-3.3,6.96,0,0.864035
2017-03-09,1.20353e+06,-1.54,3.56,0,0.929084
2017-03-10,1.17546e+06,-0.16,1.98,0,0.900056
2017-03-11,1.11184e+06,-0.76,-0.1,1,0.909429
2017-03-12,1.02581e+06,1.1,-2.38,1,0.99458
2017-03-13,1.1721e+06,1.58,0,0,0.967673
2017-03-14,1.10901e+06,3.5,-1.32,0,0.971605
2017-03-15,1.08979e+06,3.66,-3.06,0,1.02121
2017-03-16,1.11818e+06,2.02,-2.38,0,1.02275
2017-03-17,1.05798e+06,1.82,-1.18,0,1.05918
2017-03-18,1.01114e+06,-0.86,4.3,1,0.972013
2017-03-19,1.02025e+06,-1.28,5.58,1,0.906597
2017-03-20,1.13421e+06,1.58,2.14,0,0.933346
2017-03-21,1.07752e+06,2.18,-1,0,0.996214
2017-03-22,1.1129e+06,0.6,-0.34,0,0.971767
2017-03-23,1.14362e+06,-0.36,0.48,0,0.952764
2017-03-24,1.12059e+06,0.64,1.22,0,0.94801
2017-03-25,982841,3.44,-0.1,1,0.98604
2017-03-26,924956,4.3,-1.62,1,1.023
2017-03-27,1.05861e+06,3.72,0.3,0,1.03786
2017-03-28,1.07344e+06,1.18,3.32,0,0.997326
2017-03-29,1.08148e+06,0.26,3.76,0,0.972667
2017-03-30,1.0896e+06,0.12,2.64,0,0.978267
2017-03-31,1.06233e+06,1.86,1.6,0,0.991707
2017-04-01,969121,3.34,-0.66,1,1.03357
2017-04-02,946226,2.68,0.54,1,0.97043
2017-04-03,1.09869e+06,4.02,-0.78,0,0.889941
2017-04-04,1.07057e+06,4.5,-2.96,0,0.93005
2017-04-05,1.05192e+06,4.02,-2.26,0,0.968515
2017-04-06,1.06592e+06,2.76,-1.82,0,1.05741
2017-04-07,1.05352e+06,3.46,-3.14,0,1.02773
2017-04-08,1.00165e+06,2.68,-2.58,1,0.940818
2017-04-09,918246,3.22,-3.04,1,1.05372
2017-04-10,977769,3.24,-2.9,0,1.10424
2017-04-11,995684,1.54,-1.02,0,1.09698
2017-04-12,1.0188e+06,1.76,0.1,0,1.08662
2017-04-13,1.12712e+06,0.94,3.42,0,0.96807
2017-04-14,1.08273e+06,0.32,3.1,0,0.933805
2017-04-15,942370,0.1,2.86,1,0.959331
2017-04-16,967576,0.18,0.7,1,0.956663
2017-04-17,1.07969e+06,0.34,0.26,0,0.980704
2017-04-18,1.09225e+06,0.52,1.04,0,0.974621
2017-04-19,1.10705e+06,1.86,-0.16,0,0.969505
2017-04-20,1.09113e+06,4.36,-2.6,0,0.987792
2017-04-21,1.01106e+06,3.42,-0.56,0,1.05883
2017-04-22,904045,2.96,1.38,1,1.03943
2017-04-23,925644,0.88,2.82,1,0.954987
2017-04-24,1.05886e+06,0.6,4.6,0,0.910168
2017-04-25,1.06453e+06,1.56,4.7,0,0.91015
2017-04-26,1.07329e+06,1.7,4.64,0,0.89468
2017-04-27,1.07781e+06,1.76,5.46,0,0.872306
2017-04-28,1.07054e+06,2.86,5.68,0,0.881806
2017-04-29,939695,4.34,3.44,1,0.911679
2017-04-30,883978,3.7,1.46,1,0.939949
2017-05-01,963741,5.2,-1.72,0,1.02754
2017-05-02,968882,6.26,-3.08,0,1.06663
2017-05-03,960251,6.34,-3.74,0,1.07376
2017-05-04,940180,7.22,-4.1,0,1.06085
2017-05-05,944009,8.54,-3.06,0,1.05492
2017-05-06,856700,7.78,-1.72,1,1.03728
2017-05-07,830894,5.16,1.12,1,1.01253
2017-05-08,990284,3.48,3.54,0,0.981338
2017-05-09,1.03344e+06,3.18,5.1,0,0.928808
2017-05-10,1.03108e+06,2.6,7.26,0,1.00368
2017-05-11,997389,3.12,7.1,0,0.956207
2017-05-12,995852,5.48,4.24,0,0.933578
2017-05-13,888635,6.06,3.78,1,0.944871
2017-05-14,841303,6.28,2.72,1,0.974031
2017-05-15,971803,7.02,0.84,0,0.993775
2017-05-16,959867,8.28,-0.28,0,1.00023
2017-05-17,1.03487e+06,9.86,-0.46,0,0.941391
2017-05-18,953710,10.22,-0.88,0,0.996515
2017-05-19,929706,9.72,0.38,0,0.979561
2017-05-20,839645,9.84,1.26,1,0.985231
2017-05-21,819455,9,1.42,1,0.936405
2017-05-22,965754,7.86,0.84,0,0.951316
2017-05-23,960086,8,0,0,0.963979
2017-05-24,974220,9.4,-2,0,0.955225
2017-05-25,950387,9.34,-2.16,0,1.00607
2017-05-26,910704,10.1,-2.34,0,1.02023
2017-05-27,827244,11.1,-1.68,1,1.00858
2017-05-28,767342,10.42,-0.62,1,1.01866
2017-05-29,918737,8.7,0.4,0,1.01319
2017-05-30,925503,8,3.96,0,0.902297
2017-05-31,930599,7.4,6.76,0,0.891965
2017-06-01,956159,7.18,5.58,0,0.933945
2017-06-02,929126,7.76,6.06,0,0.966267
2017-06-03,834345,9.42,4.3,1,0.997706
2017-06-04,781660,9.8,2.86,1,0.994312
2017-06-05,930854,9.1,3.24,0,0.933569
2017-06-06,835079,11.96,0.6,0,1.07724
2017-06-07,830062,14.16,-1.48,0,1.07145
2017-06-08,893000,12.76,0.74,0,0.9933
2017-06-09,897784,13.82,-0.1,0,0.951555
2017-06-10,832431,13.72,-1.3,1,0.917702
2017-06-11,777214,12.66,-0.24,1,0.976032
2017-06-12,869016,12.34,-1.32,0,1.00173
2017-06-13,899583,12.56,-2.3,0,0.996823
2017-06-14,889372,12.68,-3.36,0,1.01784
2017-06-15,887017,13.5,-3.38,0,1.02033
2017-06-16,854291,13.72,-2.32,0,0.972097
2017-06-17,763924,12.42,-0.98,1,0.985567
2017-06-18,758586,12.42,-2.18,1,0.964678
2017-06-19,870522,11.02,-0.38,0,1.02504
2017-06-20,896725,10.26,-0.18,0,1.00912
2017-06-21,905237,9.32,2.5,0,0.986251
2017-06-22,905053,10.12,3.72,0,1.0031
2017-06-23,830454,11.4,4.78,0,1.05926
2017-06-24,752898,11.44,4.46,1,1.05982
2017-06-25,731791,10.24,3.32,1,1.02656
2017-06-26,892321,10.64,0.34,0,0.979654
2017-06-27,904903,10.08,0.92,0,0.989472
2017-06-28,892791,11.82,-1.06,0,1.00666
2017-06-29,907856,13.84,-2.92,0,0.969883
2017-06-30,879669,16.18,-3.9,0,0.975681
2017-07-01,797940,15.9,-2.98,1,1.02566
2017-07-02,751231,13.56,-0.02,1,1.04714
2017-07-03,874166,10.98,2.74,0,0.982593
2017-07-04,895376,11,1.7,0,0.964214
2017-07-05,898737,10.76,1.04,0,0.955579
2017-07-06,880514,10.92,0.12,0,0.979471
2017-07-07,858276,12.28,-0.7,0,1.00243
2017-07-08,818419,12.92,0.64,1,1.00872
2017-07-09,786647,13.54,0.24,1,1.00724
2017-07-10,858949,13.72,-2.12,0,0.986341
2017-07-11,863334,12.7,-0.4,0,0.988642
2017-07-12,858814,11.8,0.78,0,0.984856
2017-07-13,862438,11.04,3.22,0,0.987266
2017-07-14,860361,11.58,3.36,0,0.992514
2017-07-15,825559,13.56,2.24,1,0.969593
2017-07-16,792344,13.78,2.7,1,0.943357
2017-07-17,847217,11.6,4.36,0,1.01182
2017-07-18,853528,12.3,4.96,0,0.987163
2017-07-19,845808,12.58,4.26,0,0.96917
2017-07-20,851456,14.26,2.42,0,0.980277
2017-07-21,853920,14.94,1.6,0,0.960497
2017-07-22,800456,15.8,-0.74,1,0.900825
2017-07-23,747463,16.48,-2.5,1,0.939911
2017-07-24,857232,15.96,-2.22,0,0.960343
2017-07-25,842571,17.26,-2.56,0,0.996377
2017-07-26,819732,16.84,-3.3,0,1.04028
2017-07-27,834663,16.68,-2.66,0,0.99547
2017-07-28,820188,16.54,-1.72,0,0.97266
2017-07-29,721071,15.06,-0.24,1,1.06571
2017-07-30,702549,13.98,-0.18,1,1.02232
2017-07-31,823237,13.74,-0.56,0,1.0477
2017-08-01,839518,14.7,-0.96,0,1.02129
2017-08-02,852750,13.54,-0.28,0,1.00271
2017-08-03,830882,14.02,0.48,0,1.05207
2017-08-04,797764,14.82,-0.96,0,1.0854
2017-08-05,768451,14.82,-1.2,1,0.960269
2017-08-06,718229,13.8,-2.14,1,1.01774
2017-08-07,862509,13.18,-1.8,0,1.02969
2017-08-08,857392,13.74,-1.14,0,1.01901
2017-08-09,855062,13.26,0.36,0,1.03974
2017-08-10,874148,14.5,-0.56,0,1.02811
2017-08-11,865892,13.86,0.96,0,1.00914
2017-08-12,737920,13.62,0.44,1,0.99103
2017-08-13,730970,11.66,1.16,1,0.97789
2017-08-14,888116,11.38,0.28,0,1.00099
2017-08-15,873690,12.6,-1.98,0,1.04445
2017-08-16,889044,13.62,-2.82,0,1.01389
2017-08-17,898723,13.94,-2.94,0,1.00601
2017-08-18,873806,14.82,-4.38,0,1.03635
2017-08-19,731301,14.06,-3.58,1,1.12574
2017-08-20,714808,12.82,-1.82,1,1.10468
2017-08-21,888995,11.66,1.38,0,1.01997
2017-08-22,912526,10.62,2.64,0,0.962954
2017-08-23,901389,10.8,0.9,0,0.985704
2017-08-24,904125,11,-0.3,0,0.993079
2017-08-25,905566,10.44,-0.48,0,1.00758
2017-08-26,823252,10.48,0,1,0.996097
2017-08-27,789634,11,0.8,1,0.99681
2017-08-28,906745,13.04,-0.28,0,0.984106
2017-08-29,878721,13.26,-0.96,0,1.01387
2017-08-30,888503,11.7,0.74,0,1.01127
2017-08-31,897868,10.7,0.88,0,1.0079
2017-09-01,912429,9.96,1.1,0,0.987279
2017-09-02,820039,10.48,0,1,1.0032
2017-09-03,787115,11.8,-0.9,1,0.992523
2017-09-04,892333,12.76,-0.64,0,0.995273
2017-09-05,890911,12.3,0.3,0,0.998691
2017-09-06,898517,12.44,-1.54,0,0.983521
2017-09-07,904958,11.58,-1.32,0,0.987743
2017-09-08,900822,11.06,-1.42,0,1.01788
2017-09-09,822663,10.48,-0.7,1,1.05586
2017-09-10,781230,10.9,-1.18,1,1.06612
2017-09-11,888115,12.12,-1.76,0,1.06832
2017-09-12,889745,12.6,-3.3,0,1.08124
2017-09-13,883710,10.9,-2.42,0,1.0827
2017-09-14,893866,10.26,-1.4,0,1.0721
2017-09-15,916928,9.64,1.48,0,1.03676
2017-09-16,868616,9.78,1.98,1,1.0091
2017-09-17,832886,9.72,3.18,1,1.02243
2017-09-18,948793,10.36,2.9,0,0.991544
2017-09-19,962028,9.3,3.82,0,0.966805
2017-09-20,956792,8.48,4.98,0,0.981012
2017-09-21,958317,8.86,4.74,0,0.986973
2017-09-22,950635,11.12,2.22,0,0.979519
2017-09-23,876522,11.76,1.28,1,1.00007
2017-09-24,851569,12.9,-0.88,1,0.984305
2017-09-25,940770,13.26,-2.96,0,0.966252
2017-09-26,930093,13.12,-3.4,0,0.994529
2017-09-27,938624,13.46,-5.96,0,0.986969
2017-09-28,945833,13.6,-6.24,0,0.995759
2017-09-29,931165,13.34,-5.52,0,1.04041
2017-09-30,876584,13.04,-7.12,1,0.995388
2017-10-01,838204,12.02,-6.22,1,1.04657
2017-10-02,909021,10.3,-5.04,0,1.13686
2017-10-03,925004,9.72,-4.64,0,1.07766
2017-10-04,926393,7.5,-1.3,0,1.06036
2017-10-05,941822,7.36,-0.94,0,1.01966
2017-10-06,968789,7.82,-1.06,0,1.01023
2017-10-07,872541,5.92,2.5,1,0.998527
2017-10-08,877240,5.8,2.76,1,0.968152
2017-10-09,1.03343e+06,5.26,3.08,0,0.923834
2017-10-10,996837,5.08,2.1,0,0.965721
2017-10-11,982309,6.2,-0.48,0,1.04221
2017-10-12,960337,6.42,-2.52,0,1.11858
2017-10-13,978697,6.76,-0.68,0,1.07946
2017-10-14,871256,8.42,-1.16,1,1.10686
2017-10-15,849302,8.56,-2.64,1,1.0763
2017-10-16,954718,8.34,-3.52,0,1.1134
2017-10-17,962666,7.18,-1.86,0,1.12215
2017-10-18,1.02377e+06,5.72,-0.28,0,1.01017
2017-10-19,1.07421e+06,3.9,1.02,0,0.995075
2017-10-20,1.05646e+06,6.08,-0.94,0,0.981495
2017-10-21,964357,7.26,-2.08,1,0.938593
2017-10-22,914104,5.92,-2.98,1,0.976248
2017-10-23,1.06298e+06,4.82,-3.5,0,1.02453
2017-10-24,1.08026e+06,5.32,-2.68,0,1.0607
2017-10-25,1.03418e+06,5.44,-0.78,0,1.04491
2017-10-26,1.06892e+06,4.92,-0.72,0,1.01749
2017-10-27,1.03691e+06,5.14,-1.52,0,1.06705
2017-10-28,905139,5.18,-0.66,1,1.09069
2017-10-29,892392,2.94,0.94,1,1.06838
2017-10-30,1.08905e+06,1.32,0.86,0,1.03968
2017-10-31,1.14583e+06,2.64,0.92,0,1.00379
2017-11-01,1.08063e+06,4.66,0.1,0,1.07185
2017-11-02,1.08762e+06,4.2,1.06,0,1.00798
2017-11-03,1.10643e+06,3.62,-1.6,0,0.980839
2017-11-04,987226,4.52,-3.5,1,0.986873
2017-11-05,953412,3.88,-3.2,1,1.09589
2017-11-06,1.13226e+06,2.18,-1.44,0,1.07374
2017-11-07,1.15017e+06,3.56,-3.2,0,1.04559
2017-11-08,1.15827e+06,4.76,-3.28,0,1.01617
2017-11-09,1.0963e+06,5.26,-3.94,0,1.07071
2017-11-10,1.08523e+06,2.02,-0.02,0,1.02
2017-11-11,974267,1.02,-0.76,1,1.03942
2017-11-12,1.04483e+06,0.68,-2.02,1,0.97591
2017-11-13,1.21575e+06,0.74,-6.12,0,1.00834
2017-11-14,1.20261e+06,0.36,-6.52,0,1.04485
2017-11-15,1.177e+06,1.48,-3.7,0,1.01917
2017-11-16,1.17382e+06,1.32,1.66,0,0.946653
2017-11-17,1.10694e+06,2,-0.74,0,1.05012
2017-11-18,1.01267e+06,0.26,0.5,1,1.10573
2017-11-19,1.01966e+06,-1.34,2.08,1,1.00702
2017-11-20,1.22589e+06,-5.38,3.56,0,0.967901
2017-11-21,1.25655e+06,-6.16,4.14,0,0.96753
2017-11-22,1.19956e+06,-2.22,-0.58,0,1.05789
2017-11-23,1.1112e+06,2.98,-7.12,0,1.16519
2017-11-24,1.16242e+06,1.26,-5.58,0,1.11227
2017-11-25,1.11974e+06,0.76,-0.74,1,1.04761
2017-11-26,1.02682e+06,0.74,-1.2,1,1.07068
2017-11-27,1.18654e+06,-1.82,-0.18,0,1.05462
2017-11-28,1.21575e+06,-2.02,2.5,0,1.01935
2017-11-29,1.269e+06,-2.8,3.88,0,0.966036
2017-11-30,1.29476e+06,-4.14,6.46,0,0.909759
2017-12-01,1.29292e+06,-4.32,5.12,0,0.898083
2017-12-02,1.17305e+06,0.02,-0.74,1,0.91326
2017-12-03,1.0994e+06,-0.46,-1.88,1,0.988194
2017-12-04,1.25135e+06,-2,-0.64,0,1.03085
2017-12-05,1.23927e+06,0.48,-5.66,0,1.0411
2017-12-06,1.2259e+06,1.08,-4.18,0,1.01006
2017-12-07,1.17792e+06,2.32,-4.74,0,1.06165
2017-12-08,1.16115e+06,0.8,-6.38,0,1.11797
2017-12-09,1.0713e+06,-0.72,-4.64,1,1.14817
2017-12-10,1.08642e+06,-2.34,-2.3,1,1.13183
2017-12-11,1.28995e+06,-2.64,1.36,0,1.02096
2017-12-12,1.2902e+06,-5.18,5.92,0,1.02366
2017-12-13,1.23823e+06,-3.1,5.12,0,1.03075
2017-12-14,1.25054e+06,-2.42,3.08,0,0.994218
2017-12-15,1.29813e+06,-5.58,5.24,0,0.954149
2017-12-16,1.23003e+06,-5.36,7.02,1,0.836858
2017-12-17,1.22964e+06,-4.64,4.2,1,0.812462
2017-12-18,1.31699e+06,-1.28,0.36,0,0.837583
2017-12-19,1.32072e+06,0.74,-1.74,0,0.841282
2017-12-20,1.2763e+06,2.02,-3.4,0,0.925848
2017-12-21,1.24331e+06,0.66,-2.7,0,0.958224
2017-12-22,1.23861e+06,-0.34,-1.9,0,0.923333
2017-12-23,1.02936e+06,1.66,-5.42,1,1.03792
2017-12-24,999036,-0.44,-2.02,1,1.04493
2017-12-25,1.10309e+06,-0.92,2.02,0,1.01936
2017-12-26,1.1111e+06,-1,-0.26,0,1.09807
2017-12-27,1.18166e+06,-1.38,-1.04,0,0.999018
2017-12-28,1.19137e+06,-2.04,0.62,0,1.03975
2017-12-29,1.14365e+06,-2.24,-1.16,0,1.09756
2017-12-30,1.06839e+06,-3.76,-1.82,1,1.14174
2017-12-31,1.04392e+06,-2.46,-2.16,1,1.10276
2018-01-01,1.12444e+06,1.1,-3.14,0,1.15003
2018-01-02,1.22006e+06,-1.26,-0.9,0,1.05275
2018-01-03,1.1805e+06,-2.42,-0.4,0,1.10549
2018-01-04,1.23873e+06,-1.42,0.32,0,1.07345
2018-01-05,1.25522e+06,-3.4,1.72,0,1.05235
2018-01-06,1.21982e+06,-5.58,4.28,1,1.01341
2018-01-07,1.15119e+06,-4.62,2.64,1,1.02922
2018-01-08,1.29315e+06,-2.04,0.82,0,0.962905
2018-01-09,1.28442e+06,-2.16,1.02,0,0.979033
2018-01-10,1.30503e+06,-2.82,0.34,0,0.973801
2018-01-11,1.32972e+06,-1.1,-3.9,0,0.966023
2018-01-12,1.32093e+06,-1.68,-2.66,0,0.996192
2018-01-13,1.23618e+06,-1.3,-2.62,1,1.01191
2018-01-14,1.18483e+06,-1.98,-4.84,1,1.04776
2018-01-15,1.24518e+06,-1.22,-4.28,0,1.06788
2018-01-16,1.25749e+06,-1.14,-1.2,0,1.06701
2018-01-17,1.27084e+06,-2.48,2.4,0,0.959043
2018-01-18,1.28454e+06,-5,5.52,0,0.951695
2018-01-19,1.3159e+06,-4.34,3.04,0,0.98281
2018-01-20,1.2509e+06,-3.92,0.46,1,0.984243
2018-01-21,1.24142e+06,-6.82,6.94,1,0.871454
2018-01-22,1.3297e+06,-5.5,4.4,0,0.930082
2018-01-23,1.34175e+06,-2.34,0.18,0,0.962847
2018-01-24,1.21879e+06,-0.08,-1.2,0,1.03298
2018-01-25,1.22249e+06,0.52,-2.96,0,1.04296
2018-01-26,1.29328e+06,-1.3,-5.7,0,1.02849
2018-01-27,1.23119e+06,-3.46,-3.82,1,1.0591
2018-01-28,1.08184e+06,0.12,-8.08,1,1.16504
2018-01-29,1.23673e+06,-1.1,-3.06,0,1.12284
2018-01-30,1.2919e+06,-2.16,-1.82,0,1.07414
2018-01-31,1.25898e+06,-1.28,-3.94,0,1.10593
2018-02-01,1.27501e+06,-2.44,0.2,0,1.07284
2018-02-02,1.33012e+06,-7,6.32,0,0.995023
2018-02-03,1.30395e+06,-7.28,6.78,1,0.976234
2018-02-04,1.26039e+06,-7.96,6.6,1,0.911757
2018-02-05,1.38865e+06,-4.16,1.82,0,0.929565
2018-02-06,1.38768e+06,-3.98,0.88,0,0.938502
2018-02-07,1.39234e+06,-5.22,4.78,0,0.937788
2018-02-08,1.36788e+06,-2.24,1.9,0,0.934219
2018-02-09,1.3235e+06,-0.68,-0.24,0,0.98062
2018-02-10,1.27296e+06,-0.5,-1.82,1,0.990605
2018-02-11,1.14917e+06,-1.36,-1.12,1,1.05802
2018-02-12,1.29084e+06,-2.34,-1.48,0,1.03344
2018-02-13,1.30234e+06,-3.1,-1.82,0,1.03278
2018-02-14,1.30572e+06,-0.44,-3.58,0,1.02432
2018-02-15,1.2779e+06,-0.34,-4.64,0,1.04756
2018-02-16,1.29785e+06,-0.92,-3.62,0,1.02247
2018-02-17,1.261e+06,-2.32,-2.54,1,0.970325
2018-02-18,1.21584e+06,-2.48,-4.02,1,1.00751
2018-02-19,1.33401e+06,-3.82,-5.26,0,1.02124
2018-02-20,1.34503e+06,-4.92,-3.42,0,1.04997
2018-02-21,1.33747e+06,-4.02,-6.52,0,1.04004
2018-02-22,1.33868e+06,-4.98,-7.24,0,1.0452
2018-02-23,1.32701e+06,-4.54,-6.02,0,1.03243
2018-02-24,1.22358e+06,-4.86,-2.52,1,1.03325
2018-02-25,1.22497e+06,-6.5,-0.52,1,1.00776
2018-02-26,1.36234e+06,-9.08,3.32,0,0.989026
2018-02-27,1.41224e+06,-8.34,2.8,0,0.933397
2018-02-28,1.39102e+06,-10.54,6.02,0,0.951539
2018-03-01,1.39919e+06,-12.22,8.18,0,0.915101
2018-03-02,1.37005e+06,-10.56,6.04,0,0.939097
2018-03-03,1.26427e+06,-7.38,2.64,1,0.915896
2018-03-04,1.23447e+06,-7.02,2.4,1,0.90229
2018-03-05,1.34739e+06,-5.76,3.38,0,0.921545
2018-03-06,1.31818e+06,-5.54,2.4,0,0.939538
2018-03-07,1.32361e+06,-4.52,-0.78,0,0.955244
2018-03-08,1.2804e+06,-4.04,-1.18,0,0.982263
2018-03-09,1.28661e+06,-4.52,-1.58,0,0.972229
2018-03-10,1.15794e+06,-4.74,-1.92,1,1.01838
2018-03-11,1.11385e+06,-4.62,0.14,1,1.02545
2018-03-12,1.24168e+06,-2.38,-0.06,0,1.01035
2018-03-13,1.23848e+06,-3.14,1.56,0,0.99719
2018-03-14,1.26437e+06,-5.3,5.46,0,0.988643
2018-03-15,1.25769e+06,-5.22,4.32,0,0.949304
2018-03-16,1.25088e+06,-6.1,5.88,0,0.981517
2018-03-17,1.17922e+06,-6.66,7.68,1,0.905158
2018-03-18,1.1422e+06,-4.48,3.82,1,0.905524
2018-03-19,1.25453e+06,-2.44,-0.32,0,0.950404
2018-03-20,1.235e+06,-1.58,-2.12,0,0.969482
2018-03-21,1.25001e+06,0.16,-3.66,0,0.959032
2018-03-22,1.19393e+06,-0.9,-3.26,0,1.05208
2018-03-23,1.22776e+06,-0.22,-4.04,0,0.969457
2018-03-24,1.06738e+06,1.02,-5.1,1,0.989338
2018-03-25,1.03429e+06,-0.66,-3.04,1,1.00322
2018-03-26,1.19231e+06,-2.76,0.08,0,0.967982
2018-03-27,1.19731e+06,-3.7,1.16,0,0.96417
2018-03-28,1.1988e+06,-3.5,3.98,0,0.924224
2018-03-29,1.25611e+06,-4.16,4.98,0,0.87291
2018-03-30,1.19026e+06,-4.26,5.66,0,0.891023
2018-03-31,1.056e+06,-4.08,5.68,1,0.928509
2018-04-01,1.03762e+06,-3.7,4.8,1,0.937643
2018-04-02,1.15414e+06,-2.68,4,0,0.914867
2018-04-03,1.15441e+06,-2.54,4.58,0,0.907771
2018-04-04,1.10796e+06,0.48,2.12,0,0.943157
2018-04-05,1.09647e+06,0.82,3.2,0,0.941987
2018-04-06,1.06055e+06,1.4,5.36,0,0.946763
2018-04-07,980506,1.6,4.12,1,0.915356
2018-04-08,972917,1.1,4.74,1,0.923042
2018-04-09,1.05588e+06,1.32,4.34,0,0.956397
2018-04-10,1.04794e+06,2.04,3.82,0,0.935291
2018-04-11,1.04498e+06,2.6,3.42,0,0.914631
2018-04-12,1.03286e+06,4.02,2.64,0,0.916747
2018-04-13,1.00409e+06,6.76,-0.94,0,0.91015
2018-04-14,897512,5.72,0.3,1,0.920173
2018-04-15,898043,5.84,-1.08,1,0.944957
2018-04-16,1.00984e+06,5.66,-0.48,0,0.938602
2018-04-17,980129,5.86,-0.98,0,0.943689
2018-04-18,955771,6.02,-1.74,0,0.978845
2018-04-19,946871,6.66,-2.12,0,0.999021
2018-04-20,913873,5.82,-1.36,0,1.04598
2018-04-21,825866,6.02,-2.48,1,1.07392
2018-04-22,848612,4.76,-1.22,1,1.01386
2018-04-23,947838,5.18,-0.36,0,0.943836
2018-04-24,924937,4.88,-0.5,0,0.996957
2018-04-25,935552,4.28,2.32,0,1.03771
2018-04-26,945944,4.54,1.38,0,1.03295
2018-04-27,955897,4.46,1.74,0,0.999674
2018-04-28,886911,3.54,5.04,1,0.949208
2018-04-29,860377,3.54,5.54,1,0.929376
2018-04-30,894604,4.82,3.7,0,1.00882
2018-05-01,922122,4.38,7.14,0,0.96123
2018-05-02,970827,6.6,7.64,0,0.92522
2018-05-03,977114,5.92,8.16,0,0.941708
2018-05-04,955585,6.2,4.06,0,0.930276
2018-05-05,841863,8.58,1.98,1,0.991389
2018-05-06,799614,9.08,4.54,1,0.968196
2018-05-07,902491,8.52,7.2,0,0.984083
2018-05-08,886371,11.52,3.38,0,0.999919
2018-05-09,898229,14.24,-2.28,0,1.00594
2018-05-10,920156,14.08,-5.02,0,1.05502
2018-05-11,888958,10.26,-0.8,0,1.01332
2018-05-12,834614,10.56,-0.18,1,0.988802
2018-05-13,774183,13.62,-1.34,1,0.983239
2018-05-14,888126,15.72,-3.2,0,1.01813
2018-05-15,886299,14.9,-3.6,0,1.01663
2018-05-16,903561,11.96,-1.72,0,1.00437
2018-05-17,970785,9.06,3.38,0,0.906848
2018-05-18,900801,9.46,5.36,0,0.976965
2018-05-19,825268,10.38,3.04,1,0.961397
2018-05-20,761207,12.28,3.08,1,0.980995
2018-05-21,904224,12.52,4.64,0,0.973602
2018-05-22,901041,11.3,3.66,0,0.95172
2018-05-23,907514,10.24,6.04,0,0.951009
2018-05-24,880354,12.44,6.44,0,0.969253
2018-05-25,880051,14.82,1.26,0,0.975587
2018-05-26,793410,13.42,2.04,1,0.969538
2018-05-27,746740,15.36,-0.88,1,0.994709
2018-05-28,880354,17.16,-5.94,0,1.00022
2018-05-29,857539,14.96,-5.86,0,1.04315
2018-05-30,863054,16.28,-6.46,0,1.00616
2018-05-31,853286,18.88,-7.12,0,1.04657
2018-06-01,858566,16.08,-3.56,0,1.03347
2018-06-02,769241,15.46,-1.26,1,1.00796
2018-06-03,742789,14.48,-1.74,1,1.02846
2018-06-04,880545,11.22,-1.06,0,1.01322
2018-06-05,894539,9.1,0.54,0,0.963497
2018-06-06,868368,9.82,0.34,0,1.02047
2018-06-07,893023,11.76,0.38,0,0.969946
2018-06-08,887298,12.52,-0.4,0,0.949999
2018-06-09,775363,14.2,-1.92,1,0.971011
2018-06-10,763930,12.74,-0.76,1,0.979149
2018-06-11,892190,10.16,2.4,0,0.95572
2018-06-12,861886,9.64,1.64,0,0.980297
2018-06-13,886142,10.16,-1,0,0.969122
2018-06-14,866184,12.14,-3.04,0,0.977517
2018-06-15,842932,12.12,-2.3,0,0.901317
2018-06-16,752886,12.28,-1.34,1,0.983296
2018-06-17,748001,11.98,-0.22,1,0.974997
2018-06-18,852684,12.56,1.46,0,1.02097
2018-06-19,844904,11.28,2.74,0,1.0205
2018-06-20,858780,9.16,4.7,0,1.00478
2018-06-21,846710,9.1,3.66,0,0.997145
2018-06-22,759749,9.82,1.6,0,1.0808
2018-06-23,740310,10.94,0.98,1,0.994217
2018-06-24,729299,11.76,3.9,1,0.993433
2018-06-25,870568,14.02,3.1,0,0.977608
2018-06-26,862228,14.02,1,0,0.998513
2018-06-27,862883,13.86,0.12,0,1.00369
2018-06-28,844293,12.76,3.18,0,1.00769
2018-06-29,821138,11.42,3.72,0,0.9858
2018-06-30,736029,11.92,1.76,1,0.962485
2018-07-01,724510,15.66,-0.98,1,0.986222
2018-07-02,851074,17.12,-2.68,0,0.943399
2018-07-03,860946,15.02,2.06,0,0.975404
2018-07-04,866069,13.98,4.12,0,0.95993
2018-07-05,850785,15.94,0.82,0,0.983362
2018-07-06,809478,15.14,-0.14,0,1.00177
2018-07-07,708417,13.68,0.76,1,1.01119
2018-07-08,714528,14.68,1.18,1,0.998843
2018-07-09,802902,14.44,4.08,0,1.02413
2018-07-10,839770,17.08,3.58,0,0.944
2018-07-11,831366,18.1,1.9,0,0.943688
2018-07-12,836630,16.76,0.82,0,0.950145
2018-07-13,810912,15,1.96,0,0.975018
2018-07-14,716346,14.44,2.84,1,0.986238
2018-07-15,713701,15.86,0.64,1,0.974386
2018-07-16,822279,18.52,-2.32,0,0.960222
2018-07-17,792743,20.66,-3.34,0,1.00696
2018-07-18,784550,20,-2.82,0,1.0176
2018-07-19,794920,17.58,-0.42,0,0.992481
2018-07-20,790654,16.96,4.96,0,0.974938
2018-07-21,706488,17.28,5.64,1,0.955839
2018-07-22,695420,16.5,4.08,1,0.987863
2018-07-23,789570,16.2,4.18,0,1.00156
2018-07-24,798262,17.32,3.8,0,1.0066
2018-07-25,798355,17.18,2.56,0,1.0066
2018-07-26,788943,17.16,-0.74,0,1.02103
2018-07-27,770839,21.92,-6.12,0,1.04564
2018-07-28,675289,22.92,-7.34,1,1.08526
2018-07-29,686980,20.58,-6.62,1,1.03862
2018-07-30,790804,20.38,-8.02,0,1.05603
2018-07-31,803531,21.12,-6.24,0,1.06085
2018-08-01,803626,19.74,-3.28,0,1.03044
2018-08-02,805538,16.42,-0.36,0,1.02009
2018-08-03,806018,15.8,-1.96,0,0.994356
2018-08-04,732863,15.58,-2.38,1,0.993437
2018-08-05,713514,13.96,-2.3,1,1.01878
2018-08-06,835111,12.36,-0.72,0,1.00675
2018-08-07,852425,14.88,-2.68,0,1.01488
2018-08-08,828090,16.46,-2.68,0,1.04787
2018-08-09,821720,16.06,-0.94,0,1.0454
2018-08-10,801469,13.84,0.52,0,1.05618
2018-08-11,728053,13.2,0.3,1,1.0385
2018-08-12,726917,11.66,0.88,1,1.01813
2018-08-13,840751,11.64,-0.56,0,1.028
2018-08-14,865113,12.2,-1.44,0,1.01367
2018-08-15,867732,13.78,-1.08,0,1.00622
2018-08-16,859026,15.12,-2.82,0,1.01176
2018-08-17,846495,14.36,-2.62,0,0.988669
2018-08-18,756086,13.5,-2.86,1,1.03151
2018-08-19,740099,12.54,-1.88,1,1.02677
2018-08-20,864296,11.08,-0.04,0,0.968682
2018-08-21,876939,10.76,1.52,0,1.00175
2018-08-22,873133,12.7,0.78,0,0.994458
2018-08-23,869132,12.3,0.22,0,0.995513
2018-08-24,836903,11.74,-0.94,0,1.05062
2018-08-25,779913,10.64,1.54,1,1.03682
2018-08-26,759909,10.66,3.52,1,1.01225
2018-08-27,837228,11.04,3.22,0,1.04585
2018-08-28,878473,12.28,0.04,0,1.00672
2018-08-29,868294,13.48,-0.64,0,1.02328
2018-08-30,865232,12.52,1.18,0,1.03276
2018-08-31,879265,10.8,3.98,0,0.988618
2018-09-01,808630,12.18,1.76,1,0.946872
2018-09-02,769219,14.18,0.12,1,0.970341
2018-09-03,875617,14.26,-0.32,0,0.985996
2018-09-04,884373,12.32,-0.38,0,0.963484
2018-09-05,888507,12.84,-2.1,0,0.974582
2018-09-06,893581,13.7,-3.26,0,1.00995
2018-09-07,869257,14.78,-4.62,0,1.03943
2018-09-08,765669,13.94,-4.56,1,1.02456
2018-09-09,746405,14.3,-5.38,1,1.03794
2018-09-10,863355,13.94,-4.04,0,1.04041
2018-09-11,852079,11.94,0.34,0,1.04795
2018-09-12,865923,10.74,2.32,0,1.02277
2018-09-13,902474,10.44,0.92,0,0.980077
2018-09-14,903536,10.16,-0.4,0,0.947468
2018-09-15,784474,9.38,-0.14,1,1.03221
2018-09-16,774720,8.92,-1.84,1,1.06298
2018-09-17,898247,9.9,-5.22,0,1.00836
2018-09-18,892937,12.28,-5.68,0,1.07108
2018-09-19,885641,13.06,-4.18,0,1.03047
2018-09-20,884494,11.36,-5.56,0,1.07569
2018-09-21,856071,9.76,-5.26,0,1.13203
2018-09-22,809743,9.24,-2.79,1,1.12181
2018-09-23,823513,7.08,-0.08,1,1.04017
2018-09-24,905757,4.68,0.06,0,1.10929
2018-09-25,956408,6.6,-2.42,0,1.0168
2018-09-26,912629,8.88,-4.24,0,1.04934
2018-09-27,951439,5.8,-0.96,0,1.05727
2018-09-28,969101,4.5,1.82,0,1.00722
2018-09-29,908374,6.45,-2.03,1,1.03103
2018-09-30,856592,7,-3.34,1,1.08643
2018-10-01,1.00475e+06,4.74,2.78,0,0.976192
2018-10-02,972474,4.18,4.76,0,1.0008
2018-10-03,957657,4.64,4.42,0,1.02429
2018-10-04,1.00593e+06,4.84,5.24,0,0.969352
2018-10-05,976097,6.32,4.36,0,1.01466
2018-10-06,936558,4.42,8.6,1,0.944439
2018-10-07,930623,3.66,8.82,1,0.91867
2018-10-08,980829,7.52,0.02,0,0.994516
2018-10-09,973252,8.94,-2.46,0,1.04606
2018-10-10,980914,9.06,-0.16,0,1.02452
2018-10-11,975100,10.08,-3.5,0,1.05929
2018-10-12,990403,10.68,-5.08,0,1.04778
2018-10-13,884522,13.02,-6.82,1,1.12841
2018-10-14,854935,12.48,-4.92,1,1.10497
2018-10-15,975450,7.54,-2.08,0,1.02934
2018-10-16,1.01808e+06,6.48,-1.94,0,0.966824
2018-10-17,1.00497e+06,8.9,-5.22,0,1.03505
2018-10-18,1.03291e+06,6.58,-3.24,0,1.02834
2018-10-19,1.03772e+06,5.6,-4.68,0,1.0756
2018-10-20,998105,6.2,-6.38,1,1.02104
2018-10-21,944676,7.56,-9.36,1,1.04961
2018-10-22,1.00407e+06,5.46,-5.6,0,1.11756
2018-10-23,984304,4.54,-3.7,0,1.03823
2018-10-24,1.04019e+06,3.68,0.62,0,0.98782
2018-10-25,1.06218e+06,3.34,2.04,0,0.980907
2018-10-26,1.11617e+06,0.92,4.74,0,0.935028
2018-10-27,1.01911e+06,-0.18,4.46,1,0.972609
2018-10-28,991546,-1.8,9.1,1,0.955495
2018-10-29,1.12211e+06,-0.14,6.64,0,0.939863
2018-10-30,1.02193e+06,0.84,4.54,0,1.0311
2018-10-31,1.02752e+06,4.3,1.98,0,1.03475
2018-11-01,1.0419e+06,5.38,1.6,0,1.04525
2018-11-02,1.04365e+06,5.66,-0.38,0,1.05028
2018-11-03,991196,4.28,2.86,1,0.966163
2018-11-04,947417,7.3,0.3,1,0.943683
2018-11-05,1.05463e+06,6.5,0.54,0,1.00414
2018-11-06,1.05371e+06,5.38,0.2,0,1.01764
2018-11-07,1.06323e+06,6.28,-0.7,0,1.04105
2018-11-08,1.08905e+06,6.98,0.4,0,0.997365
2018-11-09,1.09612e+06,5.28,1.72,0,0.987839
2018-11-10,957657,7.14,-1.7,1,1.03644
2018-11-11,894061,7.6,-4.32,1,1.12573
2018-11-12,1.059e+06,7.04,-6.18,0,1.05778
2018-11-13,1.0723e+06,5.58,-6.64,0,1.05819
2018-11-14,1.10688e+06,5.58,-6.34,0,1.06124
2018-11-15,1.08618e+06,7.38,-9.08,0,1.13466
2018-11-16,1.08279e+06,7,-8.62,0,1.14631
2018-11-17,992558,5.44,-7.52,1,1.16814
2018-11-18,1.00647e+06,3.28,-5.08,1,1.14189
2018-11-19,1.12019e+06,0.86,-4.52,0,1.11763
2018-11-20,1.1347e+06,-1.06,-2.12,0,1.13134
2018-11-21,1.17466e+06,-0.76,-1.22,0,1.07045
2018-11-22,1.23244e+06,-1.7,4.56,0,0.949953
2018-11-23,1.24121e+06,-1.62,7.48,0,0.921867
2018-11-24,1.15945e+06,-2.08,6.4,1,0.919013
2018-11-25,1.14928e+06,-1.8,5.1,1,0.871006
2018-11-26,1.25196e+06,-3.66,6.98,0,0.914286
2018-11-27,1.28373e+06,-3.18,4.14,0,0.877965
2018-11-28,1.25742e+06,-1.98,1.22,0,0.974002
2018-11-29,1.17076e+06,2.86,-4.16,0,1.0523
2018-11-30,1.14423e+06,5.86,-6.52,0,1.01515
2018-12-01,1.06555e+06,4.32,-4.16,1,0.969865
2018-12-02,1.00103e+06,3.3,-4.4,1,1.0114
2018-12-03,1.14465e+06,3.32,-3.04,0,1.0217
2018-12-04,1.12707e+06,0.96,-2.04,0,1.09666
2018-12-05,1.22473e+06,-0.76,-3.86,0,1.06503
2018-12-06,1.23199e+06,-1.3,-3.74,0,1.07205
2018-12-07,1.16157e+06,-0.66,-6.22,0,1.14715
2018-12-08,1.03344e+06,0.16,-5.34,1,1.19677
2018-12-09,1.01244e+06,-1.1,0.52,1,1.14542
2018-12-10,1.16949e+06,0.28,-2.36,0,1.12507
2018-12-11,1.23601e+06,-1.08,-1.98,0,1.06194
2018-12-12,1.30437e+06,-4.62,5.2,0,0.97963
2018-12-13,1.32076e+06,-5.04,6.86,0,0.951066
2018-12-14,1.3325e+06,-6.88,6.98,0,0.928698
2018-12-15,1.23679e+06,-5.18,2.2,1,0.947946
2018-12-16,1.15967e+06,-0.58,-4.7,1,1.05089
2018-12-17,1.31576e+06,-2.08,-1.06,0,0.85888
2018-12-18,1.31257e+06,-3.06,3.94,0,0.848526
2018-12-19,1.2778e+06,0.58,0.28,0,0.906737
2018-12-20,1.25613e+06,1.82,-0.54,0,0.922699
2018-12-21,1.23749e+06,0.1,0.72,0,0.950844
2018-12-22,1.17241e+06,-2.98,3.48,1,0.908351
2018-12-23,1.21868e+06,-5.28,3.28,1,0.888822
2018-12-24,1.13008e+06,-3.14,4.56,0,0.96302
2018-12-25,1.11375e+06,0.88,-0.02,0,0.950838
2018-12-26,1.15863e+06,0.86,-2.22,0,0.99446
2018-12-27,1.15903e+06,1.28,-1.4,0,1.08421
2018-12-28,1.17666e+06,0.82,1.9,0,0.98777
2018-12-29,1.06496e+06,0.5,1.76,1,1.04156
2018-12-30,1.08319e+06,-2,3.86,1,1.03953
2018-12-31,1.08829e+06,1.42,-1.4,0,1.11114
2019-01-01,1.059e+06,0.86,-0.26,0,1.09353
2019-01-02,1.15221e+06,-1.36,0.64,0,1.0362
2019-01-03,1.25663e+06,-0.12,0.18,0,1.01512
2019-01-04,1.16227e+06,2.72,-2.12,0,0.99328
2019-01-05,1.10922e+06,2.26,-4.24,1,0.995555
2019-01-06,1.12601e+06,1.86,-4.12,1,0.985373
2019-01-07,1.20924e+06,0.02,-2.98,0,0.981079
2019-01-08,1.15804e+06,0.6,-3.94,0,1.06545
2019-01-09,1.19392e+06,-0.72,-3.5,0,1.03972
2019-01-10,1.27563e+06,0.06,-6.32,0,0.978466
2019-01-11,1.15446e+06,0.6,-6.16,0,1.15331
2019-01-12,1.10429e+06,-1.98,-2.82,1,1.12409
2019-01-13,1.10954e+06,-2.26,-3.86,1,1.10356
2019-01-14,1.18636e+06,-2.96,-2.74,0,1.13725
2019-01-15,1.23383e+06,-3.34,-0.88,0,1.07989
2019-01-16,1.24134e+06,-4.22,-1.26,0,1.08128
2019-01-17,1.24816e+06,-6.26,2.54,0,1.09242
2019-01-18,1.33145e+06,-5.56,1.72,0,1.00011
2019-01-19,1.24132e+06,-4.8,-0.36,1,0.982309
2019-01-20,1.22444e+06,-6.12,-1.16,1,0.970272
2019-01-21,1.34919e+06,-5.7,-0.98,0,0.972369
2019-01-22,1.3324e+06,-4.22,-4.36,0,1.0023
2019-01-23,1.34224e+06,-5.48,-0.58,0,0.983885
2019-01-24,1.36351e+06,-3.72,-0.06,0,0.980029
2019-01-25,1.3316e+06,-3.84,1.56,0,0.97093
2019-01-26,1.21936e+06,-5.16,0.22,1,0.965982
2019-01-27,1.18804e+06,-7.28,0.4,1,0.98447
2019-01-28,1.31191e+06,-6.68,0.14,0,0.989062
2019-01-29,1.33546e+06,-8.58,1.66,0,0.966873
2019-01-30,1.32061e+06,-6.06,1.74,0,0.992413
2019-01-31,1.33628e+06,-3.78,1.22,0,0.937057
2019-02-01,1.29289e+06,-2.28,0.38,0,0.921138
2019-02-02,1.17788e+06,-4.94,5.12,1,0.897035
2019-02-03,1.16959e+06,-6.88,6.28,1,0.890774
2019-02-04,1.29756e+06,-6.54,5.02,0,0.901307
2019-02-05,1.29122e+06,-6.92,5.52,0,0.950915
2019-02-06,1.31059e+06,-4.32,5.6,0,0.894238
2019-02-07,1.25217e+06,-2.56,5.54,0,0.942763
2019-02-08,1.19093e+06,-1.9,4,0,0.95475
2019-02-09,1.0566e+06,0.18,1.38,1,0.951079
2019-02-10,1.04184e+06,-0.6,1.9,1,0.982992
2019-02-11,1.1695e+06,-1.52,2.82,0,0.979453
2019-02-12,1.22784e+06,-1.4,1.52,0,0.900972
2019-02-13,1.17198e+06,1.28,-2.72,0,0.999462
2019-02-14,1.1805e+06,2.98,-3.72,0,1.02318
2019-02-15,1.13704e+06,2.1,-0.36,0,1.07123
2019-02-16,1.00491e+06,1.56,2.18,1,1.03403
2019-02-17,1.02412e+06,1.3,2.22,1,0.961035
2019-02-18,1.14547e+06,1.3,1.3,0,0.981815
2019-02-19,1.10625e+06,0.12,2.52,0,1.02287
2019-02-20,1.17135e+06,-1.44,3.56,0,0.959218
2019-02-21,1.20786e+06,-0.74,0.56,0,0.925505
2019-02-22,1.21803e+06,1.74,-3.04,0,0.994499
2019-02-23,1.03911e+06,3.74,-5.8,1,1.02397
2019-02-24,984215,3.52,-4.24,1,1.01748
2019-02-25,1.12464e+06,2.6,-4.84,0,0.982225
2019-02-26,1.13155e+06,2.64,-6.56,0,1.03303
2019-02-27,1.12358e+06,2.12,-5.46,0,1.04033
2019-02-28,1.11788e+06,-0.18,-1.96,0,1.00551
2019-03-01,1.21133e+06,-1.3,-1.06,0,0.883178
2019-03-02,1.06402e+06,-2.06,-2.04,1,0.951843
2019-03-03,1.00142e+06,-0.72,-4.72,1,1.03378
2019-03-04,1.10465e+06,-2.24,-2.26,0,1.08053
2019-03-05,1.16893e+06,-3.92,0.34,0,0.997878
2019-03-06,1.16889e+06,-3.34,2.18,0,0.954872
2019-03-07,1.12404e+06,-2.14,0.52,0,0.990685
2019-03-08,1.06982e+06,-2.36,1.86,0,1.02899
2019-03-09,1.01278e+06,-4.1,3.96,1,0.985537
2019-03-10,1.03525e+06,-5.44,5.58,1,0.921373
2019-03-11,1.19361e+06,-4.5,4.84,0,0.893902
2019-03-12,1.16645e+06,-3.58,4,0,0.960247
2019-03-13,1.11614e+06,-1.16,4.48,0,0.962827
2019-03-14,1.11357e+06,-1.62,5.36,0,0.935559
2019-03-15,1.10083e+06,-0.5,2.48,0,0.961629
2019-03-16,998132,-0.14,3.86,1,0.930025
2019-03-17,953851,0.14,1.92,1,0.965017
2019-03-18,1.06697e+06,0.34,0.2,0,0.978144
2019-03-19,1.12008e+06,0.42,0.72,0,0.960342
2019-03-20,1.07465e+06,3.32,-0.04,0,1.00758
2019-03-21,1.04181e+06,3.74,1.18,0,1.00805
2019-03-22,1.05859e+06,1.98,2.44,0,0.935832
2019-03-23,928288,3.72,-1.26,1,0.990528
2019-03-24,920482,2.06,-1.62,1,1.00304
2019-03-25,1.04365e+06,0.54,0.06,0,1.00497
2019-03-26,1.07566e+06,1.14,1.54,0,0.94819
2019-03-27,1.0828e+06,3.28,-0.78,0,0.961572
2019-03-28,1.0502e+06,4.92,-1.44,0,0.952933
2019-03-29,990662,4.42,-0.32,0,1.00947
2019-03-30,919495,2.46,0.48,1,0.985302
2019-03-31,923284,0.44,1.66,1,0.975062
2019-04-01,1.04884e+06,0.6,0.68,0,0.974677
2019-04-02,1.01993e+06,2.68,-3.1,0,1.01524
2019-04-03,1.04119e+06,2.5,-2.72,0,1.01565
2019-04-04,1.00077e+06,3.48,-3.2,0,1.0741
2019-04-05,1.00004e+06,4.1,-3.3,0,1.05676
2019-04-06,905980,2.94,-1.04,1,1.04878
2019-04-07,900259,2.1,0.74,1,1.00783
2019-04-08,1.02228e+06,1.28,2.06,0,0.990492
2019-04-09,1.03547e+06,-0.42,4.86,0,0.96162
2019-04-10,1.05748e+06,-0.22,5.56,0,0.910028
2019-04-11,1.07493e+06,0.28,6.28,0,0.942639
2019-04-12,1.0568e+06,0.8,6.54,0,0.860948
2019-04-13,950177,1.9,6.72,1,0.856363
2019-04-14,907312,2.84,5.18,1,0.872346
2019-04-15,1.01256e+06,3.34,5.46,0,0.85306
2019-04-16,995729,4.44,5.76,0,0.866177
2019-04-17,962336,5.34,5.44,0,0.895917
2019-04-18,1.01327e+06,6.56,4.84,0,0.878209
2019-04-19,909850,7.34,4.04,0,1.00651
2019-04-20,813696,8.62,0.54,1,0.986261
2019-04-21,791490,8.02,2.42,1,1.03098
2019-04-22,863775,8.8,0.96,0,1.07309
2019-04-23,862478,10.2,-2.08,0,1.04392
2019-04-24,862173,10.78,-4.64,0,1.04273
2019-04-25,889864,11.4,-8.48,0,1.03068
2019-04-26,915772,11.38,-10.14,0,1.03296
2019-04-27,802517,9.16,-6.26,1,1.1059
2019-04-28,816014,10.44,-7.84,1,1.02772
2019-04-29,926911,9.76,-7.72,0,1.02347
2019-04-30,900357,8.12,-4.96,0,1.07292
2019-05-01,899012,6.14,-3.2,0,1.01886
2019-05-02,917162,2.92,1.98,0,0.997658
2019-05-03,945953,1.24,6,0,0.96769
2019-05-04,887501,2.9,4.08,1,0.910485
2019-05-05,838630,2.6,3.44,1,0.91731
2019-05-06,948666,2.04,2.7,0,0.94189
2019-05-07,966015,3.16,3,0,0.944488
2019-05-08,915967,2.94,5.24,0,0.97103
2019-05-09,915014,4.9,5.34,0,0.937858
2019-05-10,915389,7.24,5.7,0,1.02253
2019-05-11,808056,6.98,5.28,1,0.955544
2019-05-12,769284,6.04,5.66,1,1.00054
2019-05-13,893539,4.74,7.86,0,0.984621
2019-05-14,912390,6.16,7.42,0,0.948834
2019-05-15,889431,8.18,3.64,0,0.974746
2019-05-16,858153,10.24,-1.7,0,1.04218
2019-05-17,936009,12.94,-4.3,0,0.954114
2019-05-18,772133,12.26,-4.24,1,1.05082
2019-05-19,769702,11.7,-5.1,1,1.00944
2019-05-20,879797,12.6,-5.9,0,1.03496
2019-05-21,865707,13.58,-6.44,0,1.083
2019-05-22,866969,11.82,-5.4,0,1.0608
2019-05-23,894351,8.54,-1.66,0,1.01888
2019-05-24,893059,8.64,-0.82,0,0.957802
2019-05-25,811376,8.02,-0.28,1,1.0239
2019-05-26,776969,6.6,2.54,1,1.0117
2019-05-27,910553,6.7,4.38,0,0.966275
2019-05-28,937560,7.14,4.34,0,0.942931
2019-05-29,919682,6.42,4.96,0,0.97758
2019-05-30,911235,6.88,8.26,0,0.928507
2019-05-31,855374,7.82,6.82,0,1.01656
2019-06-01,830768,7.74,5.22,1,0.938817
2019-06-02,786059,9.14,2.28,1,1.03209
2019-06-03,879845,11.08,-1.32,0,1.07703
2019-06-04,884054,11.48,-0.12,0,1.03072
2019-06-05,899063,11.38,0.1,0,1.01886
2019-06-06,846088,15.14,-3.66,0,1.0638
2019-06-07,869537,14.64,-1.96,0,1.05175
2019-06-08,779939,12.96,1.9,1,1.07139
2019-06-09,811281,11.42,2.04,1,0.98734
2019-06-10,947621,9.76,3.16,0,0.945883
2019-06-11,911216,11.36,1.3,0,0.975206
2019-06-12,916016,11.48,0.96,0,0.977493
2019-06-13,900071,11.48,1.68,0,0.994374
2019-06-14,914536,12.68,-0.58,0,0.931658
2019-06-15,835615,14.86,-3.42,1,0.95063
2019-06-16,801010,13.46,-2.32,1,0.945666
2019-06-17,896338,12.92,-0.6,0,0.975795
2019-06-18,888623,12.66,0.12,0,1.01118
2019-06-19,895399,12.44,-0.32,0,1.00912
2019-06-20,895007,13.16,-1.7,0,1.00025
2019-06-21,852035,12.1,0,0,1.06688
2019-06-22,794361,11.44,0.42,1,1.05236
2019-06-23,757488,11.14,1.12,1,0.99257
2019-06-24,874642,12.32,-0.94,0,1.01426
2019-06-25,898554,12.78,-3.34,0,1.00463
2019-06-26,903561,12.12,-3.26,0,1.02447
2019-06-27,895234,11.46,-2,0,1.01209
2019-06-28,909020,12.1,-1.2,0,0.971912
2019-06-29,835950,11.86,-1.3,1,0.968501
2019-06-30,751860,12.26,0.4,1,1.00145
2019-07-01,887117,11.38,1.98,0,0.995811
2019-07-02,902715,9.44,4.78,0,0.987441
2019-07-03,925668,8.86,4.9,0,0.953369
2019-07-04,906054,9.46,4.6,0,0.974339
2019-07-05,883487,10.9,3.4,0,0.990391
2019-07-06,809618,10.56,3.28,1,0.974145
2019-07-07,752952,12.66,-0.42,1,0.974648
2019-07-08,883401,13.36,-1.44,0,0.981869
2019-07-09,891378,14.22,-1.5,0,0.954584
2019-07-10,882503,13.76,-0.86,0,0.98107
2019-07-11,882804,14.06,0.8,0,0.972545
2019-07-12,874998,14.3,1.78,0,0.963128
2019-07-13,788685,13.84,2.7,1,0.920438
2019-07-14,733863,12.24,4.5,1,0.942875
2019-07-15,867384,11.92,4.22,0,0.918808
2019-07-16,850895,12.72,5.1,0,0.921355
2019-07-17,865797,12.9,5.32,0,0.909032
2019-07-18,858567,14.86,5.18,0,0.932606
2019-07-19,842735,16.08,5.66,0,0.927188
2019-07-20,725936,16.54,5.58,1,0.946674
2019-07-21,691941,16.74,4.3,1,0.967098
2019-07-22,796959,16.14,2.32,0,0.994794
2019-07-23,783976,17.82,-3.86,0,1.01754
2019-07-24,787037,18.22,-4.6,0,1.03672
2019-07-25,800705,20.04,-5.18,0,1.01805
2019-07-26,781374,21.74,-6.58,0,1.04788
2019-07-27,687225,22.12,-7.2,1,1.04833
2019-07-28,669175,21.04,-6.66,1,1.07442
2019-07-29,792810,18.46,-5.22,0,1.04139
2019-07-30,797727,13.96,0.14,0,1.01842
2019-07-31,815935,13.62,1.18,0,1.00883
2019-08-01,815159,14.86,-0.56,0,1.00969
2019-08-02,818789,15.16,-0.4,0,0.987434
2019-08-03,720441,14.92,0.3,1,0.965599
2019-08-04,718974,14.38,2.02,1,0.973352
2019-08-05,825626,13.24,1.92,0,0.967069
2019-08-06,812419,14.1,-1.26,0,0.997724
2019-08-07,823138,14.8,-2.78,0,0.989843
2019-08-08,823057,14.3,-1.82,0,0.98004
2019-08-09,808500,14.76,-1.28,0,1.00476
2019-08-10,695657,15.22,-0.74,1,1.02537
2019-08-11,699815,16.4,-1.52,1,1.02743
2019-08-12,798437,15.16,-0.88,0,1.00004
2019-08-13,810570,12.84,0.64,0,1.02956
2019-08-14,814777,12.02,0.78,0,1.02377
2019-08-15,806629,12.48,-0.88,0,1.02228
2019-08-16,812350,13.48,-0.55,0,1.00093
2019-08-17,713305,14.48,-2.1,1,1.05696
2019-08-18,719010,14.88,-0.58,1,1.02445
2019-08-19,798466,14.28,1.1,0,1.05743
2019-08-20,834530,13.48,3.47,0,1.01965
2019-08-21,834144,12.8,5.28,0,1.01316
2019-08-22,824603,11.6,5.24,0,1.02614
2019-08-23,813103,12.93,1.99,0,1.03514
2019-08-24,753934,12.38,3.5,1,0.989673
2019-08-25,736590,14.3,0.22,1,0.992163
2019-08-26,844322,15.38,-4.68,0,0.995053
2019-08-27,850926,16.95,-6.41,0,1.01355
2019-08-28,845118,18.08,-7.9,0,1.04223
2019-08-29,846155,16.84,-7.36,0,0.993366
2019-08-30,841673,14.92,-5.96,0,1.03898
2019-08-31,746148,15.88,-6.46,1,1.07288
2019-09-01,730817,14.52,-5,1,1.08267
2019-09-02,840145,10.7,1.14,0,1.04583
2019-09-03,862454,10.54,3.28,0,0.990616
2019-09-04,880811,10.18,3.52,0,0.969536
2019-09-05,840542,9.48,2.26,0,1.02874
2019-09-06,874485,8.96,0.54,0,1.00301
2019-09-07,800530,9.42,-0.2,1,1.02804
2019-09-08,791231,9.52,-0.06,1,1.01364
2019-09-09,878649,11.84,-3.44,0,1.05713
2019-09-10,854361,13.82,-6.42,0,1.08495
2019-09-11,853978,13.7,-6.48,0,1.08222
2019-09-12,864701,11.74,-6.18,0,1.07737
2019-09-13,877116,9.5,-1.42,0,1.08419
2019-09-14,822979,9.22,-0.12,1,0.993307
2019-09-15,802020,9.46,-0.88,1,0.999136
2019-09-16,928847,8.4,0.08,0,0.998828
2019-09-17,926936,7.4,0.98,0,0.995199
2019-09-18,924190,7.22,2.02,0,1.00059
2019-09-19,931599,5.56,4.42,0,0.994764
2019-09-20,950959,8.08,2.66,0,0.937305
2019-09-21,817471,9.1,1.48,1,0.971035
2019-09-22,801327,8.58,-0.38,1,0.977776
2019-09-23,927758,8.48,-3.56,0,0.969039
2019-09-24,922486,8.38,-3.98,0,1.0008
2019-09-25,924734,9.24,-3.7,0,1.0439
2019-09-26,926721,9.98,-5.38,0,1.0148
2019-09-27,891339,10.74,-7.72,0,1.10106
2019-09-28,793793,10.58,-8.56,1,1.17821
2019-09-29,783518,8.2,-6.2,1,1.15531
2019-09-30,899034,4.92,-2.2,0,1.14284
2019-10-01,923227,4.4,-0.16,0,1.09278
2019-10-02,965332,5.54,-0.06,0,1.03103
2019-10-03,940441,4.6,0.54,0,1.00826
2019-10-04,981422,3.02,1.68,0,0.914221
2019-10-05,935252,2.02,3.1,1,0.916276
2019-10-06,905205,2,1.88,1,0.930927
2019-10-07,1.02745e+06,2.72,1.54,0,0.926292
2019-10-08,1.00888e+06,4.24,-0.12,0,0.944828
2019-10-09,995289,5.48,-0.44,0,0.954781
2019-10-10,948213,5.14,0.44,0,1.00948
2019-10-11,897237,4.7,0.82,0,1.04522
2019-10-12,856949,5.12,-0.7,1,0.996084
2019-10-13,842680,3.88,-0.7,1,1.01244
2019-10-14,951719,4.26,-1.56,0,1.04163
2019-10-15,953218,4.12,1.9,0,1.01006
2019-10-16,950283,5.04,1.1,0,1.01347
2019-10-17,957202,5.58,0.42,0,0.989971
2019-10-18,937806,5.52,-0.16,0,1.02144
2019-10-19,853593,4.42,-2.1,1,1.01135
2019-10-20,853167,3.18,-1.6,1,1.06431
2019-10-21,991342,2.7,-1.58,0,1.07986
2019-10-22,962804,6.02,-5.18,0,1.11755
2019-10-23,963084,6.14,-5.1,0,1.13506
2019-10-24,947602,6,-4.3,0,1.12203
2019-10-25,957917,5.36,-4.2,0,1.07185
2019-10-26,863278,2.32,-2.08,1,1.088
2019-10-27,908036,1.58,-2.94,1,1.04312
2019-10-28,1.07051e+06,1.12,-4.06,0,1.00945
2019-10-29,1.07598e+06,0.84,-4.78,0,1.03407
2019-10-30,1.09316e+06,1.04,-4.66,0,1.04181
2019-10-31,1.06324e+06,1.7,-4.46,0,1.08286
2019-11-01,1.02674e+06,1.16,-4.9,0,1.10642
2019-11-02,939245,0.24,-4.14,1,1.09647
2019-11-03,947186,-1.36,-2.2,1,1.10168
2019-11-04,1.08063e+06,-2.94,-0.36,0,1.05478
2019-11-05,1.11264e+06,-3.94,4.36,0,0.99512
2019-11-06,1.13886e+06,-3.62,4.8,0,0.979286
2019-11-07,1.15134e+06,-2.76,2.6,0,0.955843
2019-11-08,1.13601e+06,-3.74,4.58,0,0.953205
2019-11-09,1.02985e+06,-3.9,4.78,1,0.958692
2019-11-10,1.0435e+06,-3.56,4.5,1,0.928373
2019-11-11,1.13983e+06,-3.3,4.66,0,0.955125
2019-11-12,1.10721e+06,0.42,1.96,0,0.976075
2019-11-13,1.11527e+06,1.18,-0.42,0,0.986712
2019-11-14,1.1005e+06,-0.16,3.16,0,0.978646
2019-11-15,1.08285e+06,0.84,3.94,0,0.993942
2019-11-16,987309,0.88,3.44,1,0.983242
2019-11-17,968757,0.94,1.84,1,1.03747
2019-11-18,1.08868e+06,1.36,0.34,0,1.04408
2019-11-19,1.08072e+06,2.38,-1.74,0,1.05436
2019-11-20,1.10045e+06,0.76,-1.2,0,1.01589
2019-11-21,1.077e+06,3,-4.56,0,1.00163
2019-11-22,1.07629e+06,4.78,-7.34,0,1.0641
2019-11-23,970764,4.32,-7.88,1,1.14209
2019-11-24,1.00506e+06,2.78,-5.26,1,1.12235
2019-11-25,1.13667e+06,1.7,-4.48,0,1.09164
2019-11-26,1.13947e+06,0.64,0.1,0,1.06734
2019-11-27,1.11794e+06,-0.44,3.8,0,1.0381
2019-11-28,1.07876e+06,-1.56,5.56,0,1.03741
2019-11-29,1.14528e+06,-2.56,4.74,0,0.896252
2019-11-30,1.1087e+06,-3.56,2.92,1,0.888284
2019-12-01,1.12803e+06,-2.48,2.36,1,0.871312
2019-12-02,1.24084e+06,-2.78,1.14,0,0.884586
2019-12-03,1.2162e+06,0.74,-3.12,0,0.963098
2019-12-04,1.16053e+06,3.36,-1.36,0,1.00694
2019-12-05,1.11912e+06,4,-1.36,0,1.03757
2019-12-06,1.02646e+06,2.18,-0.9,0,1.11426
2019-12-07,984840,-0.64,2.38,1,1.02931
2019-12-08,982866,-0.12,1.66,1,1.01094
2019-12-09,1.09763e+06,-1.64,2.36,0,1.07497
2019-12-10,1.17132e+06,-2.38,1.66,0,0.974883
2019-12-11,1.16858e+06,2,-4.46,0,1.00353
2019-12-12,1.16116e+06,2.64,-4.04,0,0.992482
2019-12-13,1.14374e+06,1.28,0.5,0,0.943895
2019-12-14,1.01371e+06,1.74,0.96,1,0.980151
2019-12-15,993617,1.54,-0.18,1,1.00387
2019-12-16,1.17992e+06,0.72,0.02,0,0.88256
2019-12-17,1.1419e+06,-0.72,1.2,0,0.871756
2019-12-18,1.17271e+06,-2.46,1.26,0,0.934259
2019-12-19,1.15243e+06,-1.4,-1.74,0,1.00081
2019-12-20,1.07957e+06,1.78,-5,0,1.06072
2019-12-21,993589,2.7,-2.36,1,1.12374
2019-12-22,997462,1.36,2.74,1,1.00541
2019-12-23,1.04135e+06,0.74,3.06,0,0.971057
2019-12-24,995458,0.48,0.58,0,1.04078
