ARIMA,AIC 2014-10-03 00:00:00,AIC 2017-03-11 00:00:00,AIC 2018-10-02 00:00:00,AIC 2018-07-02 00:00:00,AIC 2018-04-14 00:00:00,AIC 2014-05-10 00:00:00,AIC 2015-06-07 00:00:00,AIC 2014-08-30 00:00:00,AIC 2016-10-11 00:00:00,AIC 2018-04-08 00:00:00,AIC 2016-07-09 00:00:00,AIC 2016-08-25 00:00:00,Median AIC
"(0, 0, 0)",4602.755052048283,3714.0104052506413,4644.3979769907455,4575.0785047887675,3612.4168298297554,3565.716853888248,3648.1636292658804,4585.217291376442,4679.75181680258,3618.2142774123618,4612.13733049672,4665.235024973112,4580.147898082605
"(0, 0, 1)",3734.0080222622855,3652.359369948427,3794.7925741205945,3719.446016372527,3559.9019609592033,3477.6338483932886,3566.4450187798802,3710.028068118825,3807.780406611564,3558.8553036330277,3733.377767878199,3775.245125523077,3714.737042245676
"(0, 0, 2)",3710.578193097711,3641.3227512672756,3778.8542918064218,3700.304600322414,3555.195827659759,3464.0808681608146,3556.0817239285443,3686.906901110225,3783.7966524692556,3549.962506749538,3729.291957382905,3764.1226897758015,3693.6057507163196
"(0, 0, 3)",3691.8727548252145,3638.887406098971,3772.647658023048,3693.445237775516,3554.208614381162,3454.897599230687,3542.69329933067,3676.2366435980043,3769.3625702770278,3547.853197479777,3731.0653597709643,3748.2367289513136,3684.0546992116097
"(0, 0, 4)",3700.081756902541,3640.1564547380435,3758.9658266079505,3685.7186886902355,3536.2240787546225,3451.8988780081645,3542.696586265618,3687.5872868363285,3740.3378079987115,3536.355827535446,3669.715681045386,3709.5235671205974,3677.717184867811
"(0, 1, 0)",3698.3531780256462,3648.622284343558,3761.084171486833,3679.682722859986,3565.593561607914,3451.957278756945,3540.418007221657,3680.7705692945456,3746.284928731211,3554.0162885371346,3675.8264658602484,3718.1650976975598,3677.754594360117
"(0, 1, 1)",3695.2696014831554,3645.3940781096535,3761.0301713581775,3681.1684632443225,3541.7874125433996,3450.6781061811243,3536.5543965301495,3672.030491525094,3747.803444587955,3533.6713155718326,3676.6214737074024,3719.4143978902684,3674.3259826162484
"(0, 1, 2)",3695.7278630911997,3628.4290104489028,3748.353217470207,3673.7768400421696,3527.9052457921616,3439.31581810231,3534.2447615636493,3672.3752625572374,3742.1996575769685,3517.3278059749587,3669.000084501863,3712.1724962033513,3670.68767352955
"(0, 1, 3)",3684.805522307776,3619.570664484093,3750.738812481967,3676.0204885181133,3529.12509090557,3433.916406377003,3536.213983758569,3660.5955164929683,3743.828872971887,3519.2945628899342,3664.990525344,3713.5118741288843,3662.793020918484
"(0, 1, 4)",3667.217825842844,3617.8702158270944,3748.75833967622,3671.4514841605423,3528.950846186992,3430.4003616553864,3525.736788359098,3645.1700084941713,3745.6123685080092,3518.8095356191325,3658.361690122834,3714.8848885722527,3651.7658493085028
"(0, 2, 0)",3772.6365169352575,3775.634287896417,3876.7794423270425,3790.777504146356,3707.3696429923393,3574.2465415089246,3670.141426078483,3741.801458628627,3841.856734053066,3693.447660593786,3790.368165643895,3812.1563587754354,3774.1354024158372
"(0, 2, 1)",3685.1562570699743,3638.5221255047363,3747.2948940296856,3666.7879106499886,3554.5432094580383,3440.271101714967,3527.8549362774093,3667.462851507068,3732.480552372872,3542.4551588959466,3662.316221808019,3704.548446082013,3664.5520662290037
"(0, 2, 2)",3681.664663310604,3637.067126339887,3747.3612815229317,3672.36629754588,3534.04842210722,3439.284170868694,3524.1614208191327,3658.4531727315816,3733.9220279253045,3524.4868654601905,3663.11722638787,3716.153341675844,3660.7851995597257
"(0, 2, 3)",3682.232298961402,3619.993933893809,3735.1955763700034,3661.175671216921,3519.822626391582,3428.9366645985738,3522.186343754677,3658.8104718380464,3728.538246020956,3507.218014754943,3655.7829990664145,3698.7009849982132,3657.2967354522307
"(0, 2, 4)",3685.983080739711,3611.021306499956,3754.5731228607638,3677.2902483258763,3518.6197877566465,3421.1483343739246,3524.173075819112,3665.221470360285,3729.3272293419923,3505.2643262197134,3650.064831693018,3723.477890817254,3657.643151026651
"(0, 3, 0)",3930.36084903582,3948.661367759749,4039.2408407275916,3954.354990622092,3881.288733099036,3743.541679241696,3845.8932446615217,3891.967602123686,4002.419039414504,3867.259599878391,3954.291183228871,3971.756139542621,3939.5111083977845
"(0, 3, 1)",3759.1092000781246,3762.019571181845,3863.451515377634,3776.600015938498,3693.5767499546723,3560.9994864393025,3656.6284349027587,3727.8283118557756,3827.2469109842878,3680.0405882682794,3776.3846680929664,3797.905655083559,3760.564385629985
"(0, 3, 2)",3675.7228172241703,3628.01046319533,3739.674995080841,3659.3306567784475,3547.163163155001,3434.1618186443397,3521.4236824952113,3660.072202736894,3723.3009192835175,3533.1932712505004,3653.516942748988,3695.524020491506,3656.423799763718
"(0, 3, 3)",3672.1953675099276,3626.521313786171,3739.775738739366,3659.3172701732974,3527.346069042358,3431.527439586929,3518.023650448954,3651.00641427532,3726.266062978756,3521.98255613322,3655.8039256829616,3696.4980610902303,3653.4051699791407
"(0, 3, 4)",3707.596282327196,3619.660818786357,3811.1412299137855,3654.568399433314,3515.2844655124036,3433.49129811114,3516.5391179872395,3693.141869730238,3719.8566383415873,3510.507605953542,3648.580611920751,3690.2740686603715,3651.5745056770324
"(0, 4, 0)",4111.442077422159,4137.154212427957,4219.000431332458,4134.182392448974,4068.39680617645,3928.647716985026,4035.0519587938634,4068.7537387596403,4180.327261259246,4055.3684870331317,4132.517952960945,4148.559462993651,4121.9800151915515
"(0, 4, 1)",3915.0154862604973,3935.2887555629195,4027.0279694445335,3940.7894358313106,3866.605155504356,3729.742585968078,3831.57485653365,3876.9513410222125,3987.869886983383,3853.464631707304,3940.225858583675,3956.0771704736894,3925.152120911708
"(0, 4, 2)",3749.916205576836,3753.3762447339823,3852.8590273925565,3768.5545219461774,3685.591275084269,3553.7593694222023,3648.585138446107,3719.406226143888,3818.3603015505187,3671.6290634277784,3767.4359599224,3788.976703245989,3751.6462251554094
"(0, 4, 3)",3696.0921584612397,3624.475208462697,3806.5623698960217,3733.8873626852173,3540.876237321343,3428.486034481089,3518.35801029306,3653.9232353181656,3883.8610870106145,3529.3325591953253,3648.7371917330865,3876.210964026308,3651.3302135256263
"(0, 4, 4)",3670.852640002969,3751.979567800613,3830.995409100865,3772.2844026312823,3563.166820204169,3432.50837245383,3600.2281108746492,3655.48897721581,3894.833973390276,3632.6467026240944,3786.661841991005,3823.0263571122528,3711.416103901791
"(1, 0, 0)",3699.781380723407,3635.806614404657,3759.3138085539904,3679.639547544095,3547.3465319334055,3447.0997270754888,3533.6609312314804,3681.5878209632965,3751.177876445947,3538.925359132877,3683.386461721235,3725.268062696762,3680.6136842536957
"(1, 0, 1)",3686.787773364327,3636.7299510183448,3759.4393153090286,3678.9964438011243,3549.3073536238408,3448.2673537388096,3535.696862755166,3660.5872095479717,3746.8844391983293,3540.7369889142874,3684.635091360785,3720.3997998098203,3669.7918266745482
"(1, 0, 2)",3688.546562953108,3638.662457080904,3757.89006557583,3679.343914551514,3546.2327386458182,3448.8214480294446,3537.6409439487306,3662.733259799754,3746.991698735921,3536.681218526477,3681.522076483633,3719.3132117526434,3671.038587175634
"(1, 0, 3)",3683.4121590610466,3640.9600561814204,3759.842742623002,3680.372237286643,3548.021778773457,3450.374588152635,3537.82593535286,3661.7033145333116,3746.3279662321484,3538.6360796442013,3675.9401907727706,3718.00578160547,3668.821752653041
"(1, 0, 4)",3680.6180760152993,3641.9348874052002,3758.6355572553202,3679.0838129182966,3537.494484456918,3450.2098495440705,3538.975299465988,3660.476792335103,3716.690083487061,3533.8149641961536,3652.5088022676455,3683.4024150904343,3656.492797301374
"(1, 1, 0)",3696.1470716132562,3647.3580574105954,3762.165547638526,3681.375541784154,3557.8802445179326,3452.1243263287897,3538.2671452376,3674.4106306898384,3747.947684964839,3547.580441165969,3677.140814075826,3719.668117101952,3675.775722382832
"(1, 1, 1)",3695.69764982255,3616.368751969786,3741.859225399925,3661.8766967877127,3525.793155230297,3426.98336559574,3517.768722849968,3672.504444272034,3744.9084630525294,3514.9276066545754,3665.811303047655,3717.8056328005523,3663.843999917684
"(1, 1, 2)",3669.633164367147,3616.9796665575104,3750.3028179362914,3675.741717441766,3526.85603944407,3428.5602273444592,3536.2347966780476,3645.9626855205906,3730.166538781891,3516.2407900729127,3668.2391491298513,3712.965361156387,3657.100917325221
"(1, 1, 3)",3671.818196875124,3612.2843847636245,3743.236824447964,3678.012231185515,3520.505732041949,3429.6355032658357,3523.5220824817293,3644.7649406937862,3745.82871847789,3514.686204648513,3660.7641995925537,3715.4819227064177,3652.76457014317
"(1, 1, 4)",3666.6726002785254,3619.3492168219937,3735.581784541356,3677.278541462474,3515.3420052705787,3430.798761114386,3523.2639553019426,3644.387395593745,3728.606385977655,3519.1490596489557,3643.18305597965,3695.1813646982646,3643.7852257866975
"(1, 2, 0)",3749.0443720386684,3730.1470843901698,3846.4332165490723,3759.6806826335296,3660.2880586812607,3536.285835617372,3619.1261612072303,3726.107524689765,3814.290594343138,3646.4886936148737,3758.624066147446,3786.0362491596725,3739.595728214419
"(1, 2, 1)",3682.545887919021,3644.221385892466,3748.417925973184,3668.561553384763,3548.0892823875606,3440.598172015433,3525.8021477526295,3660.869334210848,3734.1133739229645,3536.8024743713136,3672.04515598939,3706.0101773692254,3664.7154437978056
"(1, 2, 2)",3682.1171954190877,3607.8096701240843,3752.947059745045,3666.634433406145,3555.555817979356,3443.497432395743,3531.8263422484715,3658.933265866516,3730.9899162802903,3543.116425580073,3662.17117076137,3710.0164471502953,3660.552218313943
"(1, 2, 3)",3672.3049524181242,3617.1658451255353,3747.7921016097284,3667.1529785415887,3517.757484887148,3415.487285737662,3527.3552546705746,3662.758970965491,3741.060484804012,3506.5165362564103,3674.2448827938215,3706.023659392038,3664.9559747535395
"(1, 2, 4)",3687.199485693518,3608.6675765843975,3728.948149365344,3654.4703640399493,3509.917743871777,3419.1847707338475,3525.9457832042817,3664.8743582102297,3716.1747213222766,3506.869858183358,3671.524435862475,3688.1100460985535,3659.6723611250895
"(1, 3, 0)",3860.286175503965,3854.6479962561934,3970.7548400807245,3885.2642199543725,3793.8023864257725,3665.123015515875,3751.7361084011845,3833.213657387784,3939.7208453968706,3776.797866252411,3891.4005567104496,3912.171358780871,3857.467085880079
"(1, 3, 1)",3734.939814628384,3714.9276953228177,3831.7855739146075,3745.3915357982723,3655.274705880439,3523.2917263786035,3605.8022422013464,3712.12219031979,3799.842915115567,3632.587687844697,3761.592697270238,3771.7324358099368,3724.933754975601
"(1, 3, 2)",3673.0557427039225,3627.6153521248016,3738.9607864556283,3659.435358932621,3540.403562790965,3432.6116212317725,3519.5315680866875,3679.616881089306,3724.8175164562576,3527.681240200567,3654.9870759377427,3800.868531002143,3657.211217435182
"(1, 3, 3)",3685.1031129985095,3631.901358875358,2813.529731299791,3657.4479926026643,3551.374744837039,3438.186774017301,3531.3339240189653,3664.0136416621776,3727.927051542183,3537.216430246928,3658.900399471713,3695.2531694190884,3644.674675739011
"(1, 3, 4)",3676.5711173431378,3629.1247815704955,3775.3791191556093,3663.3794596794814,3575.1204964510007,3437.737635250337,1983.8130835804932,3652.619626105528,3786.5328571381024,3521.481608902699,3657.9326664005757,3761.674801643687,3655.2761462530516
"(1, 4, 0)",4005.0745599407564,4002.9238666467922,4115.652995736662,4031.5021134457793,3945.275768755898,3815.754680813575,3907.05309521018,3972.9539920643883,4089.2832118638053,3925.8414055716516,4041.490579367898,4062.1432438571446,4003.999213293774
"(1, 4, 1)",3845.245346528744,3844.9842881621894,3968.7147595609276,3870.0338218481184,3778.880731169031,3651.0080002071923,3737.2399968748655,3832.252455158005,3924.2049642489364,3761.7572635951774,3876.1675149578596,3921.658539367064,3845.1148173454667
"(1, 4, 2)",3727.024983661857,3705.930238943119,3820.4615575193566,3763.008989311502,3639.3915920407017,3513.9435817881877,3595.7998973870635,3704.2847609672344,3791.52123575639,3622.488186953508,3733.6759687673384,3760.861946979293,3716.477611302488
"(1, 4, 3)",3681.511158010569,3743.9623073064877,3736.9340199384224,3692.819049962586,3554.0881965540502,3559.441626364487,3604.924512915723,3654.4529256312962,3724.85066835995,3527.3476886968974,3660.0795412950965,3789.821866998135,3670.7953496528326
"(1, 4, 4)",3733.131185616323,2081.2159104214716,3741.2809345930227,3661.257276747579,3564.01175518989,3437.428224283503,3633.4609587622062,3661.749493780594,3880.9581803976444,3536.482716431976,3656.1978658295893,3698.6640691148255,3658.727571288584
"(2, 0, 0)",3683.01274268393,3636.6443617550785,3760.1956453959488,3679.7568530349104,3549.335205385695,3448.485622031944,3535.667200420671,3655.0640106130622,3748.209466676736,3540.841063675338,3684.94699017537,3722.2078703157104,3667.410431823986
"(2, 0, 1)",3676.3843270316574,3636.2570071638784,3759.335288998042,3678.94798032119,3551.197544585855,3449.172198864896,3537.127008102728,3647.7704145836838,3745.7740882367816,3542.9086852790592,3680.9923242937325,3717.911541338403,3662.0773708076704
"(2, 0, 2)",3678.061103626745,3640.810535813379,3759.681533631363,3680.827140166819,3548.131076848284,3450.561746226723,3538.7285088248173,3648.9187791010813,3744.0275126125644,3538.9164266451626,3680.6436860382655,3715.167442385624,3663.489941363913
"(2, 0, 3)",3668.571517861459,3617.8981975205907,3754.574927840171,3665.9198872445836,3543.7492429237027,3446.5188926421542,3520.4572890125655,3638.8139234159435,3725.8841662410105,3534.312888528742,3656.711032282628,3700.954506141326,3647.7624778492855
"(2, 0, 4)",3671.245879227744,3616.1770122410526,3741.492505685108,3676.3066036010446,3524.314792676073,3446.5121559701674,3520.274811181128,3642.259051270223,3718.6645446690154,3525.140360980169,3648.663875081635,3685.1139742197547,3645.461463175929
"(2, 1, 0)",3696.3637575880457,3643.535708453921,3750.106446124232,3674.187509233926,3541.244621814467,3444.8839328875974,3535.627740248154,3672.856966193147,3744.921455696667,3533.5737593697077,3668.0393373878833,3716.240240754821,3670.448151790515
"(2, 1, 1)",3665.561329662305,3616.726696881974,3750.5285590376934,3676.197456284682,3527.0265433083723,3428.8637057736664,3521.2493243229574,3638.555510726168,3742.589043259751,3516.124790054885,3666.203135224878,3711.9051575484887,3652.0584201942365
"(2, 1, 2)",3656.1520252831306,3616.4312378122427,3742.6955390473495,3661.4785049273805,3527.189046982318,3429.8842433988557,3522.313287186218,3629.8951328921576,3728.962731179773,3516.13822724068,3648.901818833034,3706.602443518852,3639.3984758625957
"(2, 1, 3)",3674.3134665197067,3612.1366823514263,3750.101162928807,3669.610982497239,3507.945268476371,3430.062104977953,3526.8631249755667,3645.3081923812283,3747.033048689741,3508.4291418973917,3658.5884299519716,3697.766061597653,3651.9483111666
"(2, 1, 4)",3655.1511112535454,3607.293015410758,3738.733692962278,3670.708436100536,3513.0647089979793,3419.4415245648197,3521.5852347722603,3633.2844166827635,3725.576289849385,3505.7158298463623,3642.5342060672174,3679.934125105776,3637.9093113749905
"(2, 2, 0)",3730.473050907791,3705.5490042655374,3809.333958632957,3719.065980768535,3620.67874703124,3500.861765276035,3584.354258671992,3707.1303363888314,3772.3747722588087,3613.367815794282,3702.730278672131,3740.766721630298,3706.3396703271846
"(2, 2, 1)",3682.8772079526816,3634.578613224159,3736.652583688081,3668.806826473325,3544.6435337362436,3433.561004336646,3523.344513432677,3666.927361627261,3737.087772731439,3523.121718431398,3660.0807512788206,3702.7769810907125,3663.504056453041
"(2, 2, 2)",3655.0145781778374,3613.7186789609023,3740.661951464305,3667.0160804407005,3519.3822616212806,3415.8884483184256,3511.2399183021935,3628.6405972054936,3735.1328163643334,3507.0314662831306,3656.8325896778374,3704.8726446998626,3641.8275876916655
"(2, 2, 3)",3670.277686947785,3642.380295792909,3739.5409606765616,3660.112865329411,3531.197730212914,3437.027677666626,3528.3087523523245,3652.5813647626474,3710.389966576685,3510.384758118469,3647.729611821327,3669.147664174267,3650.1554882919872
"(2, 2, 4)",3668.771147374193,3615.1253194553947,3728.397548431419,3662.1065211603286,3511.776165633254,3422.990105054316,3526.246046603621,3652.0212297646917,3711.76365634143,3496.358064103435,3644.198923511004,3674.271145900211,3648.1100766378477
"(2, 3, 0)",3804.7711278964252,3804.46592523495,3911.4265528843816,3819.8205373195065,3731.9171846540357,3601.6743563297246,3682.65171902406,3782.4111984658384,3859.299435578333,3722.998871178336,3806.7901940323954,3826.6567171610977,3804.6185265656877
"(2, 3, 1)",3716.7316221587735,3691.413715350875,3795.21597303822,3705.4416485616184,3607.4124309300437,3488.483834479471,3571.5313712190646,3693.5108737113205,3780.69105105861,3600.2004466365943,3689.265906393187,3727.0554117437796,3692.4622945310975
"(2, 3, 2)",3694.3366140792623,3635.161842456914,3741.760232628555,3654.7740066039614,3525.9952679059716,3428.0503938560314,3524.014779027465,3650.836446613399,3735.236467193758,3528.235301692409,3650.468501022167,3695.439118260207,3650.652473817783
"(2, 3, 3)",3678.690960827184,3663.6847145802667,3768.3540742661444,3689.1265383579257,3569.220890714742,3467.454851537541,3551.6676683545097,3687.3740116488366,3787.590461077655,3565.73367654138,3732.497892905971,3751.2275897009604,3683.0324862380103
"(2, 3, 4)",3684.9334247265047,3662.508287565324,3757.9111622401306,3681.0484722813253,3573.10715939501,3458.098245044118,3542.1974501784916,3667.0864627347896,3733.3481153701186,3569.719784083877,3675.673084166451,3699.5477132921606,3671.3797734506206
"(2, 4, 0)",3915.442749216795,3926.1725095245215,4028.3453300828655,3941.8233445824453,3860.6908126007625,3725.1900893641423,3804.2606003808582,3892.678893835776,3973.785721202569,3848.3600621617998,3925.856981352199,3939.9901250270195,3920.649865284497
"(2, 4, 1)",3813.886530735678,3810.596300172817,3896.3198279752114,3805.456887766287,3737.9352956137845,3588.482177019314,3668.842007552436,3793.899636495718,3873.9431796887075,3729.930453688253,3823.380254041702,3842.602585601072,3808.026593969552
"(2, 4, 2)",3724.3131049410067,3702.271619896359,3784.787427689045,3696.0942178597115,3602.182518096238,3480.2376041773337,3564.8786396697687,3683.8990245292,3748.8373141281636,3613.137265612881,3682.559809557546,3719.68369487585,3689.9966211944557
"(2, 4, 3)",3741.4087771181908,3710.318689883757,3827.12233148998,3740.6490192281644,3673.7894328643433,3519.4781042995546,3600.7293489800404,3708.163665810195,3813.488376998508,3631.1245417370787,3750.5654438588963,3786.3645983712786,3725.4838545559605
"(2, 4, 4)",3764.8262081062558,3774.1017728468855,3862.086372717232,3741.291625621022,3701.356959585,3514.4098133359284,3593.5548070255118,3744.815258020922,3814.2632607871747,3692.139223637096,3762.3478021395676,3782.354653995401,3753.581530080245
"(3, 0, 0)",3682.58909553373,3638.6531560542116,3757.8114097883185,3679.97242159905,3546.3726146663953,3448.9609053654794,3537.5202359301393,3655.353554201845,3749.873112348407,3538.2353110085064,3682.630243164689,3723.6086753689815,3667.6629879004477
"(3, 0, 1)",3678.3727529552116,3640.6617593804003,3759.623749681741,3680.5396517013087,3547.085623834576,3450.3509682621902,3538.416288402106,3649.590925320214,3747.605014594474,3537.5863948408078,3679.1282987903996,3719.5184369278477,3663.981839137713
"(3, 0, 2)",3678.8444055279842,3636.805242739123,3761.474874031651,3671.0640729597535,3532.8011663002935,3430.230327935352,3533.0807585883767,3648.5264013869432,3716.7798120735197,3521.7964359199805,3652.120837212544,3676.95651796001,3650.3236192997438
"(3, 0, 3)",3670.528494415905,3641.6818887291074,3744.716283490535,3671.714601639404,3522.967212741277,3428.724364073954,3519.3305458444283,3637.6767955010946,3723.212215566344,3520.265579327175,3658.5893386336365,3697.741566200122,3650.135613681372
"(3, 0, 4)",3672.3133297578097,3606.651609184979,3740.333899868389,3676.563481601287,3517.2484098796776,3441.1599335080464,3522.56319441735,3641.7149635863907,3706.00072386274,3518.986893771415,3648.9488689339196,3676.9822885844465,3645.331916260155
"(3, 1, 0)",3698.3258211262764,3642.0305236213608,3750.8868287306086,3676.1936160271425,3536.8703743718966,3446.3435789731184,3537.569260308659,3674.8285846455783,3744.7462131655675,3526.813196671327,3667.8360059039496,3714.9894580454684,3671.332295274764
"(3, 1, 1)",3700.364455179738,3618.516459492762,3752.504782533408,3678.0086838625684,3526.6792235487464,3430.391956272928,3521.5440637199267,3676.302558559345,3743.9022649316285,3516.787974186048,3668.190564690446,3712.728761171593,3672.2465616248955
"(3, 1, 2)",3669.935504343385,3615.889423726523,3754.1879812528996,3664.1959457184425,3528.514898760627,3430.4692276170663,3523.561224558586,3642.876268887073,3730.735085884559,3517.220566734282,3670.1513009929654,3701.844769431432,3653.536107302758
"(3, 1, 3)",3656.7338745556226,3604.749845067815,3744.389123358106,3653.803351443584,3505.5566711110687,3409.043931353599,3518.4476513006593,3629.572626270102,3703.3571623087,3512.786679578353,3660.4507203409094,3666.6705684698477,3641.687988856843
"(3, 1, 4)",3647.87677135464,3606.1177143878303,3747.4928812732987,3661.791820051839,3514.0637116063435,3419.0351329017703,3517.70118548919,3627.9750631668744,3716.722270349339,3506.294796299252,3643.6091896883945,3680.9322405502758,3635.7921264276347
"(3, 2, 0)",3730.091748948271,3690.6929534318433,3795.1012267845954,3708.1414859335355,3598.875537815151,3490.2342552271693,3576.358886054442,3705.8827058452853,3770.935992916641,3589.6678632382527,3692.532933122817,3740.193594226858,3699.2078194840515
"(3, 2, 1)",3691.8221801704503,3641.613961739785,3748.5651507100506,3670.782841168636,3542.934004898415,3435.1000392915707,3525.307911222456,3661.4707691736185,3737.1833216714394,3532.705141082605,3660.1740209459567,3707.2837307625596,3660.8223950597876
"(3, 2, 2)",3692.4194117604084,3615.5963789152615,3742.496120685711,3667.145391939047,3528.598876954473,3438.5297358913954,3527.3441336241176,3670.049828571986,3736.4342268787964,3519.9652705418257,3658.802378974599,3705.798345695167,3662.973885456823
"(3, 2, 3)",3670.973341739181,3630.7386121659056,3730.6869483142245,3661.291292788311,3526.448424254732,3429.457952572724,3530.0028628076466,3651.6063329044264,3711.382263706696,3523.7102687041097,3643.223239452527,3673.76842985495,3647.414786178477
"(3, 2, 4)",3666.378963534834,3633.4487849410802,3725.234403740921,3673.848972354757,3509.6920707427535,3440.6273372571995,3516.353953644936,3647.8762291408693,3709.5786477095,3509.174858427288,3642.584271961222,3675.8647325830907,3645.2302505510456
"(3, 3, 0)",3791.4365008275236,3776.550781371739,3890.874974681624,3795.402595028814,3696.6155004561533,3577.192585837284,3663.153679064124,3766.959838554351,3847.6899814037843,3689.3816638616368,3789.0667093890415,3817.194376696658,3782.80874538039
"(3, 3, 1)",3732.4884494324883,3700.9121558553625,3812.956664597913,3694.793835963431,3586.0102084081136,3478.1480316862558,3563.790850974824,3709.6418492650732,3780.8571145847727,3576.9166798840442,3711.796385949646,3750.1465558841064,3705.2770025602176
"(3, 3, 2)",3724.1236263220408,3680.2518902597076,3793.0788395052705,3668.666991628013,3595.3250619558494,3483.966876059204,3574.238379540001,3702.40668012523,3761.875128726892,3589.77983068656,3670.391250483741,3732.5751777896694,3675.321570371724
"(3, 3, 3)",3722.2254552960694,3693.8296643163467,3794.606316136131,3683.5471183902623,3605.2657906519757,3495.3954599379604,3551.4388011798883,3703.042692730909,3757.216870874691,3557.2886913500474,3702.519516066752,3725.085205985076,3698.174590191549
"(3, 3, 4)",3684.285487170755,3651.757376885558,3753.547318447556,3678.2213875793796,3516.882259744969,3449.093704279383,3543.2830344613985,3664.1254590410535,3735.0932285378703,3554.5063192348016,3674.8543910652106,3700.879201412605,3669.489925053132
"(3, 4, 0)",3886.8730309742455,3881.3919157368414,3998.8951696566683,3903.854507030508,3803.074979775336,3683.802551402923,3771.7337219497003,3865.716080027907,3949.9453526828165,3796.4231812911444,3901.482010362598,3920.4520145354745,3884.1324733555434
"(3, 4, 1)",3807.7547111288814,3796.4133278459553,3913.891220883603,3819.9431966036846,3720.1176872219676,3564.438622247216,3688.4376416868845,3786.949107669808,3869.2116156616116,3713.266298888685,3815.9449806828147,3838.9876718637506,3802.084019487418
"(3, 4, 2)",3725.0925747382944,3684.805408885114,3888.724495543101,3707.966359406033,3593.4295490231793,3575.5127962360634,3575.3266139244593,3766.8274660424277,3758.703407183365,3587.4839326833935,3736.841278975643,3812.0310620189,3716.5294670721637
"(3, 4, 3)",3752.1539150180797,3724.7649230728985,3895.1410087204404,3748.8570874014376,3627.980992707977,3525.512004411551,3610.472209181434,3737.559734850043,3849.1805359878663,3624.5808387709812,3800.0414243073383,3814.6345216207383,3743.20841112574
"(3, 4, 4)",3745.5157958566165,3722.5633228101115,3811.538119167331,3726.2229464158163,3612.7727208057913,3523.779665122135,3590.606351418175,3730.7849506151515,3795.288631865719,3612.1113251543393,3697.8361841247597,3766.86961166974,3724.393134612964
"(4, 0, 0)",3674.9917112293915,3640.2127537569495,3759.806292278775,3679.332974524294,3547.216484530426,3450.321719564613,3537.640205238633,3646.5264764211342,3741.3304175106105,3537.098580149155,3677.141892949022,3713.559756282275,3660.759093825263
"(4, 0, 1)",3675.3727119444998,3638.8914730604993,3761.5271513737807,3670.704276183069,3548.880020974648,3452.207431504006,3539.1684545804605,3644.816315660407,3742.6025557097605,3538.5839342610107,3678.9670542700796,3713.7350537558114,3657.760295921738
"(4, 0, 2)",3677.1780129146773,3627.1885480451256,3763.7158548087027,3667.514456001557,3546.3932361964225,3439.947814195044,3532.3178523910874,3636.9246471029865,3721.6054753301537,3521.0124137843,3657.389332924149,3675.7376913014523,3647.156990013568
"(4, 0, 3)",3667.753366409788,3643.9754867700676,3746.5733642215073,3669.400370143456,3524.8098432114252,3429.8774393621325,3529.9631149743336,3638.7215064299107,3713.520795506947,3522.1801550735354,3655.823666592424,3671.055739571336,3649.899576681246
"(4, 0, 4)",3660.026701463131,3608.6030337042494,3740.7847602358743,3667.0559274915086,3516.8739540466863,3442.9851234560742,3535.0502388621517,3633.103202978682,3713.575645266463,3520.850231145408,3638.1832696028273,3674.818115834203,3635.6432362907544
"(4, 1, 0)",3693.356388201984,3641.8845236174084,3750.85742484057,3677.6034211770075,3534.1210981302193,3445.735189954001,3537.0352688283606,3671.672438521691,3743.380728350977,3524.180245759245,3669.7584922115666,3713.0605479640526,3670.715465366629
"(4, 1, 1)",3660.621103958725,3620.004317754134,3751.513882461843,3679.2040771272514,3536.053693303831,3447.6791953816346,3538.181560702732,3636.533695915621,3743.6398738431863,3526.1818291722966,3669.8355834206395,3712.152531922391,3648.577399937173
"(4, 1, 2)",3653.9450335848405,3617.0652547153177,3731.468962343499,3681.6124462339285,3525.0375773366695,3428.959835064117,3526.257270884271,3625.0145425709047,3746.3620691468905,3517.43127481197,3672.053368862902,3697.2362981587185,3639.4797880778724
"(4, 1, 3)",3649.669160865843,3604.351395392113,3734.4948798671794,3649.977952950154,3503.1664897880555,3417.3841335641173,3517.62722786865,3636.929202608517,3706.1938669181563,3517.0235533133255,3652.520108722905,3664.3109905854326,3643.29918173718
"(4, 1, 4)",3650.330727017721,3608.490477988708,3723.249038397862,3662.177589035754,3515.4576433236107,3420.9094141282117,3518.9503157393483,3630.0060091779496,3704.6988292817487,3512.095493153897,3633.0182938433477,3669.9416617628776,3631.5121515106484
"(4, 2, 0)",3722.565758075135,3675.499909931701,3760.326596703305,3689.2029992493794,3577.7941237471105,3472.83003110462,3554.009532584322,3699.8506297279623,3748.650130576031,3565.1505827231013,3652.992531563539,3714.193110121695,3682.35145459054
"(4, 2, 1)",3686.3802707475734,3638.4344697559336,3740.2539541263313,3668.0872032784036,3534.865990926116,3440.8253665543725,3529.1210811564915,3665.5516468785554,3750.4509949298686,3523.6843510972976,3654.5930955888903,3716.2016426116347,3660.072371233723
"(4, 2, 2)",3698.3926838355214,3618.3671770538213,3739.343622530232,3667.5036673955537,3529.077331760752,3439.3157291609286,3555.1934501850656,3675.9959016582325,3724.777021321729,3518.9792537715684,3623.603209240495,3683.681203696917,3645.5534383180243
"(4, 2, 3)",3663.142877190776,3629.6220431809857,3726.112691554372,3654.7300247287067,3520.5784349653395,3426.3791165533867,3526.0463412370054,3646.043214312348,3703.2491778125504,3516.123805181761,3613.884257001635,3660.880734556274,3637.832628746667
"(4, 2, 4)",3662.3813045352263,3631.5612887077796,3726.685316198417,3654.7388196073025,3505.8629587054947,3422.2193591986215,3511.9258409835447,3644.9974937540146,3709.280164725026,3515.8356832388718,3616.7844549693928,3673.150779738604,3638.279391230897
"(4, 3, 0)",3765.9107759308718,3752.492937142086,3846.189795445181,3760.543598182385,3677.2939057328213,3548.69308463301,3623.7328719161724,3735.7386892957593,3806.0293230332773,3666.668256458498,3724.5992793951345,3766.352990296244,3744.1158132189225
"(4, 3, 1)",3719.2325535964146,3683.02634553411,3773.66873890015,3697.8401793377607,3599.0257501422784,3461.280592223725,3562.5739327177357,3695.831668584294,3751.7300732824597,3587.365373406473,3662.058193988046,3715.4170231784287,3689.4290070592024
"(4, 3, 2)",3690.6705245728067,3633.2360780219387,3748.767854290976,3670.1076839368534,3530.7962469628446,3442.279124877054,3531.5296549864497,3699.638698768522,3738.7573773440463,3579.591520513617,3642.1969102741405,3704.4265097680627,3656.152297105497
"(4, 3, 3)",3696.3754307563268,3654.062520180798,3752.586587517356,3682.1731592227757,3557.1282051411654,3476.0775809597762,3551.251354309232,3673.8937170558806,3730.6439562938635,3553.5677297854354,3632.7444745195808,3687.876130172551,3663.978118618339
"(4, 3, 4)",3672.9374338030802,3647.1345800195054,3745.667812399449,3666.193582190328,3549.466762449149,3448.728660240223,3521.506283978922,3668.1641708741095,3727.3331560550455,3548.886050295856,3628.7098820522524,3686.691740492055,3656.6640811049165
"(4, 4, 0)",3856.0571869750493,3864.579846240214,3965.922320938519,3873.0660478991913,3791.1177839948687,3660.9568490729694,3737.176752654671,3823.317794769978,3919.3501560842665,3781.9114099862863,3856.497608364556,3881.915496952378,3856.2773976698027
"(4, 4, 1)",3780.2068220345063,3777.1045931646377,3875.8273559455765,3788.5091631001183,3705.685268710681,3576.7942691480075,3610.7976800546076,3751.2147492714475,3834.1581228238456,3695.693799892848,3711.0188654820204,3795.8178264630537,3764.1596712180426
"(4, 4, 2)",3721.506684314243,3763.22372627929,3775.30220086385,3781.3521139334266,3582.1943650706053,3566.069798294131,3562.4206105108724,3699.3144653139557,3744.279874054141,3574.6894370235727,3645.091860166424,3735.5929556684778,3710.410574814099
"(4, 4, 4)",3721.995772220017,3720.5452918209394,3811.998872872788,3731.0464033432418,3628.06320855818,3518.593252222867,3580.925152995673,3702.1485884612957,3777.249972356024,3629.488882307012,3696.902414944472,3740.1662893174107,3711.3469401411176
