Month,Weekday,Hour,Factor
1,1,0,0.900677
1,1,1,0.882676
1,1,2,0.861868
1,1,3,0.870632
1,1,4,0.888081
1,1,5,0.936596
1,1,6,0.986537
1,1,7,1.05983
1,1,8,1.12523
1,1,9,1.10313
1,1,10,1.08083
1,1,11,1.04559
1,1,12,1.03568
1,1,13,1.03248
1,1,14,1.03685
1,1,15,1.04605
1,1,16,1.06737
1,1,17,1.10052
1,1,18,1.06319
1,1,19,1.0206
1,1,20,0.991896
1,1,21,0.964343
1,1,22,0.933972
1,1,23,0.895361
1,2,0,0.894655
1,2,1,0.879124
1,2,2,0.86965
1,2,3,0.870984
1,2,4,0.882598
1,2,5,0.913739
1,2,6,0.977127
1,2,7,1.04703
1,2,8,1.10145
1,2,9,1.07481
1,2,10,1.06468
1,2,11,1.0592
1,2,12,1.03939
1,2,13,1.02444
1,2,14,1.02707
1,2,15,1.04507
1,2,16,1.07744
1,2,17,1.13856
1,2,18,1.07348
1,2,19,1.0297
1,2,20,0.984683
1,2,21,0.962251
1,2,22,0.940681
1,2,23,0.898667
1,3,0,0.87368
1,3,1,0.862813
1,3,2,0.860147
1,3,3,0.86228
1,3,4,0.873331
1,3,5,0.924191
1,3,6,0.984392
1,3,7,1.06621
1,3,8,1.0916
1,3,9,1.07249
1,3,10,1.06114
1,3,11,1.05153
1,3,12,1.04383
1,3,13,1.03616
1,3,14,1.04125
1,3,15,1.06567
1,3,16,1.10018
1,3,17,1.11925
1,3,18,1.09317
1,3,19,1.04374
1,3,20,0.985273
1,3,21,0.958633
1,3,22,0.930064
1,3,23,0.892557
1,4,0,0.882497
1,4,1,0.849125
1,4,2,0.82891
1,4,3,0.829329
1,4,4,0.862019
1,4,5,0.909415
1,4,6,0.964929
1,4,7,1.04868
1,4,8,1.07704
1,4,9,1.07096
1,4,10,1.05176
1,4,11,1.0501
1,4,12,1.04956
1,4,13,1.04176
1,4,14,1.04287
1,4,15,1.06147
1,4,16,1.08187
1,4,17,1.10142
1,4,18,1.08061
1,4,19,1.03208
1,4,20,1.0032
1,4,21,0.969702
1,4,22,0.94175
1,4,23,0.918358
1,5,0,0.903867
1,5,1,0.879135
1,5,2,0.877522
1,5,3,0.877442
1,5,4,0.885411
1,5,5,0.931067
1,5,6,0.979466
1,5,7,1.07104
1,5,8,1.10857
1,5,9,1.10889
1,5,10,1.07283
1,5,11,1.07224
1,5,12,1.03886
1,5,13,1.01978
1,5,14,1.01948
1,5,15,1.02299
1,5,16,1.05003
1,5,17,1.08476
1,5,18,1.06348
1,5,19,1.00541
1,5,20,0.978463
1,5,21,0.95073
1,5,22,0.939962
1,5,23,0.909222
1,6,0,0.971143
1,6,1,0.954908
1,6,2,0.935718
1,6,3,0.926917
1,6,4,0.929233
1,6,5,0.933724
1,6,6,0.944565
1,6,7,0.969048
1,6,8,0.993631
1,6,9,1.01875
1,6,10,1.03242
1,6,11,1.03285
1,6,12,1.02679
1,6,13,1.01902
1,6,14,1.01499
1,6,15,1.03095
1,6,16,1.07217
1,6,17,1.09332
1,6,18,1.08169
1,6,19,1.03636
1,6,20,1.00823
1,6,21,0.999801
1,6,22,0.988936
1,6,23,0.967742
1,7,0,0.967633
1,7,1,0.935237
1,7,2,0.927937
1,7,3,0.921355
1,7,4,0.926187
1,7,5,0.93758
1,7,6,0.949089
1,7,7,0.957608
1,7,8,0.974871
1,7,9,0.992867
1,7,10,1.01197
1,7,11,1.01669
1,7,12,1.01458
1,7,13,1.01163
1,7,14,1.00571
1,7,15,1.01973
1,7,16,1.05057
1,7,17,1.09134
1,7,18,1.09596
1,7,19,1.07537
1,7,20,1.04046
1,7,21,1.02299
1,7,22,1.01087
1,7,23,0.981968
2,1,0,0.900821
2,1,1,0.883143
2,1,2,0.872398
2,1,3,0.876427
2,1,4,0.898628
2,1,5,0.941864
2,1,6,1.00943
2,1,7,1.0718
2,1,8,1.10496
2,1,9,1.09081
2,1,10,1.05484
2,1,11,1.02832
2,1,12,1.01242
2,1,13,1.00556
2,1,14,1.00817
2,1,15,1.01303
2,1,16,1.03306
2,1,17,1.08925
2,1,18,1.0763
2,1,19,1.03204
2,1,20,1.0043
2,1,21,0.993003
2,1,22,0.961661
2,1,23,0.928811
2,2,0,0.897507
2,2,1,0.875193
2,2,2,0.87049
2,2,3,0.867237
2,2,4,0.887793
2,2,5,0.939555
2,2,6,0.993495
2,2,7,1.06989
2,2,8,1.09492
2,2,9,1.06847
2,2,10,1.06115
2,2,11,1.03067
2,2,12,1.01758
2,2,13,1.01802
2,2,14,1.01871
2,2,15,1.0184
2,2,16,1.04138
2,2,17,1.11803
2,2,18,1.10649
2,2,19,1.05809
2,2,20,1.00442
2,2,21,0.98639
2,2,22,0.962505
2,2,23,0.927047
2,3,0,0.884882
2,3,1,0.876871
2,3,2,0.87406
2,3,3,0.880893
2,3,4,0.906499
2,3,5,0.942952
2,3,6,0.996163
2,3,7,1.09759
2,3,8,1.12966
2,3,9,1.09421
2,3,10,1.06552
2,3,11,1.02396
2,3,12,1.00488
2,3,13,1.00744
2,3,14,1.01374
2,3,15,1.01655
2,3,16,1.03202
2,3,17,1.08479
2,3,18,1.10361
2,3,19,1.03842
2,3,20,0.98519
2,3,21,0.967343
2,3,22,0.939756
2,3,23,0.903626
2,4,0,0.898886
2,4,1,0.880632
2,4,2,0.863684
2,4,3,0.854819
2,4,4,0.881601
2,4,5,0.929643
2,4,6,0.989142
2,4,7,1.06864
2,4,8,1.09341
2,4,9,1.0709
2,4,10,1.04709
2,4,11,1.02755
2,4,12,1.00062
2,4,13,1.00911
2,4,14,1.00554
2,4,15,1.01298
2,4,16,1.03219
2,4,17,1.10096
2,4,18,1.1008
2,4,19,1.03629
2,4,20,0.996574
2,4,21,0.980184
2,4,22,0.967329
2,4,23,0.9357
2,5,0,0.890963
2,5,1,0.879946
2,5,2,0.873512
2,5,3,0.881945
2,5,4,0.90978
2,5,5,0.948599
2,5,6,0.99256
2,5,7,1.07594
2,5,8,1.10483
2,5,9,1.1081
2,5,10,1.09992
2,5,11,1.0421
2,5,12,1.00251
2,5,13,0.99369
2,5,14,0.995926
2,5,15,0.996004
2,5,16,1.01068
2,5,17,1.06248
2,5,18,1.05669
2,5,19,1.01321
2,5,20,0.979207
2,5,21,0.95955
2,5,22,0.940527
2,5,23,0.921721
2,6,0,0.990152
2,6,1,0.978307
2,6,2,0.96834
2,6,3,0.963715
2,6,4,0.966566
2,6,5,0.972097
2,6,6,0.978943
2,6,7,0.990656
2,6,8,0.997611
2,6,9,1.01902
2,6,10,1.02815
2,6,11,1.02668
2,6,12,1.00918
2,6,13,0.992184
2,6,14,0.982964
2,6,15,0.990346
2,6,16,1.01831
2,6,17,1.06134
2,6,18,1.07034
2,6,19,1.02841
2,6,20,1.00501
2,6,21,0.988597
2,6,22,0.973964
2,6,23,0.946958
2,7,0,0.978475
2,7,1,0.959651
2,7,2,0.945539
2,7,3,0.942137
2,7,4,0.941448
2,7,5,0.949693
2,7,6,0.95851
2,7,7,0.968494
2,7,8,0.983445
2,7,9,1.00627
2,7,10,1.01173
2,7,11,1.01833
2,7,12,1.01018
2,7,13,0.999141
2,7,14,0.99094
2,7,15,0.996427
2,7,16,1.01517
2,7,17,1.06246
2,7,18,1.09125
2,7,19,1.07656
2,7,20,1.04239
2,7,21,1.02435
2,7,22,1.01243
2,7,23,0.983559
3,1,0,0.9169
3,1,1,0.881262
3,1,2,0.873885
3,1,3,0.880325
3,1,4,0.918205
3,1,5,0.96499
3,1,6,1.01262
3,1,7,1.08197
3,1,8,1.10183
3,1,9,1.08524
3,1,10,1.06426
3,1,11,1.04142
3,1,12,1.0176
3,1,13,1.00686
3,1,14,1.00019
3,1,15,0.995426
3,1,16,1
3,1,17,1.02101
3,1,18,1.06337
3,1,19,1.04734
3,1,20,1.00933
3,1,21,1.00365
3,1,22,0.978304
3,1,23,0.943918
3,2,0,0.908822
3,2,1,0.88374
3,2,2,0.874692
3,2,3,0.878146
3,2,4,0.899106
3,2,5,0.942904
3,2,6,0.999757
3,2,7,1.08996
3,2,8,1.10785
3,2,9,1.08248
3,2,10,1.06159
3,2,11,1.03296
3,2,12,1.01445
3,2,13,1.00151
3,2,14,0.999918
3,2,15,0.999154
3,2,16,0.995658
3,2,17,1.03486
3,2,18,1.07904
3,2,19,1.07288
3,2,20,1.01662
3,2,21,0.99623
3,2,22,0.969082
3,2,23,0.921956
3,3,0,0.92382
3,3,1,0.911005
3,3,2,0.900896
3,3,3,0.899675
3,3,4,0.923817
3,3,5,0.963413
3,3,6,1.00637
3,3,7,1.08134
3,3,8,1.12775
3,3,9,1.07535
3,3,10,1.04567
3,3,11,1.03173
3,3,12,1.00873
3,3,13,0.999953
3,3,14,0.991619
3,3,15,0.994705
3,3,16,1.0013
3,3,17,1.03846
3,3,18,1.06956
3,3,19,1.0512
3,3,20,1.01355
3,3,21,0.996585
3,3,22,0.970922
3,3,23,0.942782
3,4,0,0.929047
3,4,1,0.913523
3,4,2,0.910302
3,4,3,0.913282
3,4,4,0.923283
3,4,5,0.963517
3,4,6,1.0091
3,4,7,1.08088
3,4,8,1.14591
3,4,9,1.08742
3,4,10,1.05267
3,4,11,1.03362
3,4,12,1.0112
3,4,13,0.999675
3,4,14,0.992325
3,4,15,0.987131
3,4,16,0.997044
3,4,17,1.02091
3,4,18,1.05324
3,4,19,1.03125
3,4,20,0.998441
3,4,21,0.987928
3,4,22,0.960648
3,4,23,0.930217
3,5,0,0.926503
3,5,1,0.913293
3,5,2,0.908056
3,5,3,0.90785
3,5,4,0.932937
3,5,5,0.973538
3,5,6,1.01339
3,5,7,1.09651
3,5,8,1.10315
3,5,9,1.0876
3,5,10,1.05631
3,5,11,1.03404
3,5,12,1.00294
3,5,13,0.993692
3,5,14,0.984759
3,5,15,0.98353
3,5,16,0.986464
3,5,17,1.0238
3,5,18,1.05715
3,5,19,1.02753
3,5,20,1.00173
3,5,21,0.982524
3,5,22,0.973279
3,5,23,0.949943
3,6,0,1.00327
3,6,1,0.98385
3,6,2,0.976237
3,6,3,0.966703
3,6,4,0.973248
3,6,5,0.981648
3,6,6,0.988923
3,6,7,1.00121
3,6,8,1.01643
3,6,9,1.03071
3,6,10,1.02823
3,6,11,1.01823
3,6,12,0.996681
3,6,13,0.984025
3,6,14,0.972937
3,6,15,0.975759
3,6,16,0.988595
3,6,17,1.02675
3,6,18,1.06625
3,6,19,1.04469
3,6,20,1.02094
3,6,21,1.00325
3,6,22,0.993734
3,6,23,0.967872
3,7,0,0.99305
3,7,1,0.969814
3,7,2,0.960743
3,7,3,0.959732
3,7,4,0.953118
3,7,5,0.957914
3,7,6,0.964909
3,7,7,0.973856
3,7,8,0.994257
3,7,9,1.01029
3,7,10,1.01737
3,7,11,1.01596
3,7,12,1.00412
3,7,13,0.99096
3,7,14,0.984331
3,7,15,0.973859
3,7,16,0.989569
3,7,17,1.01952
3,7,18,1.06745
3,7,19,1.08562
3,7,20,1.06858
3,7,21,1.04683
3,7,22,1.02842
3,7,23,0.998639
4,1,0,0.925279
4,1,1,0.906995
4,1,2,0.8892
4,1,3,0.888393
4,1,4,0.896987
4,1,5,0.94818
4,1,6,1.00606
4,1,7,1.11138
4,1,8,1.16412
4,1,9,1.1044
4,1,10,1.08293
4,1,11,1.06066
4,1,12,1.02951
4,1,13,1.01376
4,1,14,0.981073
4,1,15,0.970375
4,1,16,0.973062
4,1,17,0.996029
4,1,18,1.01372
4,1,19,1.03715
4,1,20,1.03538
4,1,21,1.01032
4,1,22,0.96589
4,1,23,0.92293
4,2,0,0.92517
4,2,1,0.902818
4,2,2,0.899417
4,2,3,0.895158
4,2,4,0.901993
4,2,5,0.941176
4,2,6,1.01234
4,2,7,1.10348
4,2,8,1.15419
4,2,9,1.10066
4,2,10,1.07056
4,2,11,1.05526
4,2,12,1.02821
4,2,13,1.01102
4,2,14,0.990127
4,2,15,0.987306
4,2,16,0.988011
4,2,17,1.00348
4,2,18,1.02164
4,2,19,1.04528
4,2,20,1.03902
4,2,21,1.00812
4,2,22,0.982793
4,2,23,0.929856
4,3,0,0.915238
4,3,1,0.906782
4,3,2,0.899977
4,3,3,0.897868
4,3,4,0.906146
4,3,5,0.949811
4,3,6,1.01381
4,3,7,1.09045
4,3,8,1.15062
4,3,9,1.1193
4,3,10,1.08194
4,3,11,1.04193
4,3,12,1.01816
4,3,13,1.00572
4,3,14,0.993413
4,3,15,0.985637
4,3,16,0.986413
4,3,17,0.998186
4,3,18,1.02075
4,3,19,1.03475
4,3,20,1.02917
4,3,21,1.01072
4,3,22,0.975952
4,3,23,0.920665
4,4,0,0.917066
4,4,1,0.892155
4,4,2,0.889617
4,4,3,0.891732
4,4,4,0.900898
4,4,5,0.951167
4,4,6,1.02424
4,4,7,1.12136
4,4,8,1.15805
4,4,9,1.10839
4,4,10,1.0726
4,4,11,1.04744
4,4,12,1.01983
4,4,13,1.01028
4,4,14,0.993782
4,4,15,0.978637
4,4,16,0.982531
4,4,17,0.988082
4,4,18,1.00836
4,4,19,1.02584
4,4,20,1.01941
4,4,21,1.00646
4,4,22,0.976291
4,4,23,0.945884
4,5,0,0.930094
4,5,1,0.916859
4,5,2,0.912966
4,5,3,0.913733
4,5,4,0.926482
4,5,5,0.965616
4,5,6,1.01648
4,5,7,1.09598
4,5,8,1.16096
4,5,9,1.09149
4,5,10,1.07573
4,5,11,1.04549
4,5,12,1.02075
4,5,13,0.997019
4,5,14,0.981904
4,5,15,0.971956
4,5,16,0.984336
4,5,17,0.998017
4,5,18,1.01066
4,5,19,1.02024
4,5,20,1.00973
4,5,21,1.00813
4,5,22,0.983318
4,5,23,0.951651
4,6,0,1.00892
4,6,1,0.980095
4,6,2,0.967959
4,6,3,0.966847
4,6,4,0.969384
4,6,5,0.973233
4,6,6,0.989814
4,6,7,1.00071
4,6,8,1.02585
4,6,9,1.04316
4,6,10,1.03177
4,6,11,1.02317
4,6,12,1.00253
4,6,13,0.984539
4,6,14,0.974974
4,6,15,0.967233
4,6,16,0.970198
4,6,17,0.99504
4,6,18,1.02025
4,6,19,1.04161
4,6,20,1.04418
4,6,21,1.03862
4,6,22,1.01987
4,6,23,0.992569
4,7,0,0.996852
4,7,1,0.979907
4,7,2,0.970991
4,7,3,0.964184
4,7,4,0.965266
4,7,5,0.965826
4,7,6,0.969584
4,7,7,0.982198
4,7,8,1.00413
4,7,9,1.02154
4,7,10,1.02305
4,7,11,1.02011
4,7,12,1.00138
4,7,13,0.988871
4,7,14,0.981257
4,7,15,0.980824
4,7,16,0.980629
4,7,17,0.990667
4,7,18,1.02578
4,7,19,1.0477
4,7,20,1.06845
4,7,21,1.05543
4,7,22,1.03451
4,7,23,1.00725
5,1,0,0.898666
5,1,1,0.843192
5,1,2,0.815176
5,1,3,0.802765
5,1,4,0.810223
5,1,5,0.911286
5,1,6,1.02433
5,1,7,1.12655
5,1,8,1.15037
5,1,9,1.14264
5,1,10,1.12731
5,1,11,1.09239
5,1,12,1.06983
5,1,13,1.0587
5,1,14,1.03773
5,1,15,1.02061
5,1,16,1.01744
5,1,17,1.04212
5,1,18,1.05708
5,1,19,1.07126
5,1,20,1.0604
5,1,21,1.06196
5,1,22,1.0385
5,1,23,0.967752
5,2,0,0.900818
5,2,1,0.875934
5,2,2,0.850388
5,2,3,0.83661
5,2,4,0.85295
5,2,5,0.922731
5,2,6,1.01678
5,2,7,1.09627
5,2,8,1.14759
5,2,9,1.11685
5,2,10,1.09317
5,2,11,1.0865
5,2,12,1.065
5,2,13,1.05132
5,2,14,1.03468
5,2,15,1.01094
5,2,16,1.00877
5,2,17,1.02417
5,2,18,1.02911
5,2,19,1.03543
5,2,20,1.01807
5,2,21,1.0186
5,2,22,0.996281
5,2,23,0.919255
5,3,0,0.896437
5,3,1,0.86383
5,3,2,0.834847
5,3,3,0.819901
5,3,4,0.848335
5,3,5,0.915773
5,3,6,1.01768
5,3,7,1.10051
5,3,8,1.12886
5,3,9,1.11485
5,3,10,1.09498
5,3,11,1.0775
5,3,12,1.04807
5,3,13,1.04255
5,3,14,1.02782
5,3,15,0.999224
5,3,16,1.00882
5,3,17,1.0319
5,3,18,1.04729
5,3,19,1.04817
5,3,20,1.03209
5,3,21,1.03063
5,3,22,0.996146
5,3,23,0.938691
5,4,0,0.914365
5,4,1,0.866069
5,4,2,0.83425
5,4,3,0.815245
5,4,4,0.82294
5,4,5,0.908662
5,4,6,1.00695
5,4,7,1.08718
5,4,8,1.15218
5,4,9,1.12433
5,4,10,1.08698
5,4,11,1.07017
5,4,12,1.04847
5,4,13,1.03491
5,4,14,1.01997
5,4,15,1.01406
5,4,16,1.01309
5,4,17,1.02971
5,4,18,1.04604
5,4,19,1.05684
5,4,20,1.04
5,4,21,1.03287
5,4,22,1.00863
5,4,23,0.965972
5,5,0,0.918596
5,5,1,0.885548
5,5,2,0.855031
5,5,3,0.846384
5,5,4,0.876481
5,5,5,0.944934
5,5,6,1.02987
5,5,7,1.10312
5,5,8,1.14502
5,5,9,1.12297
5,5,10,1.10315
5,5,11,1.07614
5,5,12,1.06066
5,5,13,1.02552
5,5,14,0.998194
5,5,15,0.980746
5,5,16,0.992341
5,5,17,1.00626
5,5,18,1.03609
5,5,19,1.03738
5,5,20,1.01838
5,5,21,1.01485
5,5,22,1.00733
5,5,23,0.982401
5,6,0,1.03513
5,6,1,0.980571
5,6,2,0.94685
5,6,3,0.9226
5,6,4,0.90945
5,6,5,0.92271
5,6,6,0.961321
5,6,7,1.001
5,6,8,1.05716
5,6,9,1.06367
5,6,10,1.05049
5,6,11,1.02798
5,6,12,1.00592
5,6,13,0.980911
5,6,14,0.963918
5,6,15,0.958126
5,6,16,0.960954
5,6,17,1.00598
5,6,18,1.05517
5,6,19,1.064
5,6,20,1.05169
5,6,21,1.05467
5,6,22,1.05417
5,6,23,1.00398
5,7,0,1.02604
5,7,1,0.963377
5,7,2,0.919912
5,7,3,0.880461
5,7,4,0.830027
5,7,5,0.776758
5,7,6,0.878676
5,7,7,0.920636
5,7,8,0.999411
5,7,9,1.0399
5,7,10,1.07414
5,7,11,1.07454
5,7,12,1.02591
5,7,13,1.00035
5,7,14,0.977209
5,7,15,0.966401
5,7,16,0.994194
5,7,17,1.02383
5,7,18,1.09839
5,7,19,1.12918
5,7,20,1.13461
5,7,21,1.1499
5,7,22,1.13434
5,7,23,1.07423
6,1,0,0.909857
6,1,1,0.863669
6,1,2,0.786395
6,1,3,0.747366
6,1,4,0.747229
6,1,5,0.870377
6,1,6,0.994488
6,1,7,1.07286
6,1,8,1.11264
6,1,9,1.11256
6,1,10,1.10847
6,1,11,1.10624
6,1,12,1.0686
6,1,13,1.06392
6,1,14,1.05627
6,1,15,1.04866
6,1,16,1.02593
6,1,17,1.05501
6,1,18,1.0591
6,1,19,1.05882
6,1,20,1.02835
6,1,21,1.02147
6,1,22,1.00662
6,1,23,0.944162
6,2,0,0.897863
6,2,1,0.841253
6,2,2,0.822894
6,2,3,0.790361
6,2,4,0.807055
6,2,5,0.850017
6,2,6,0.998917
6,2,7,1.07883
6,2,8,1.12555
6,2,9,1.12664
6,2,10,1.1428
6,2,11,1.1208
6,2,12,1.09854
6,2,13,1.09486
6,2,14,1.06688
6,2,15,1.05489
6,2,16,1.02191
6,2,17,1.02754
6,2,18,1.04536
6,2,19,1.05256
6,2,20,1.02716
6,2,21,1.00371
6,2,22,0.97301
6,2,23,0.942723
6,3,0,0.906495
6,3,1,0.873171
6,3,2,0.854669
6,3,3,0.825701
6,3,4,0.832801
6,3,5,0.897409
6,3,6,0.987954
6,3,7,1.07719
6,3,8,1.11596
6,3,9,1.11824
6,3,10,1.12651
6,3,11,1.11107
6,3,12,1.07732
6,3,13,1.06427
6,3,14,1.05164
6,3,15,1.0223
6,3,16,1.00301
6,3,17,1.01651
6,3,18,1.03052
6,3,19,1.04508
6,3,20,1.01914
6,3,21,1.00753
6,3,22,0.994411
6,3,23,0.934517
6,4,0,0.902579
6,4,1,0.882829
6,4,2,0.859863
6,4,3,0.838945
6,4,4,0.834361
6,4,5,0.901345
6,4,6,1.00403
6,4,7,1.092
6,4,8,1.12777
6,4,9,1.12222
6,4,10,1.09276
6,4,11,1.08197
6,4,12,1.06982
6,4,13,1.05834
6,4,14,1.04213
6,4,15,1.0302
6,4,16,1.01485
6,4,17,1.02575
6,4,18,1.05137
6,4,19,1.05814
6,4,20,1.03064
6,4,21,1.00157
6,4,22,0.983266
6,4,23,0.930148
6,5,0,0.923628
6,5,1,0.889331
6,5,2,0.869532
6,5,3,0.850167
6,5,4,0.859433
6,5,5,0.913381
6,5,6,1.00227
6,5,7,1.0846
6,5,8,1.13072
6,5,9,1.11379
6,5,10,1.10977
6,5,11,1.08531
6,5,12,1.06168
6,5,13,1.04138
6,5,14,1.02505
6,5,15,1.00006
6,5,16,0.99496
6,5,17,1.00949
6,5,18,1.02092
6,5,19,1.01836
6,5,20,0.992696
6,5,21,0.981008
6,5,22,0.979728
6,5,23,0.9531
6,6,0,1.00059
6,6,1,0.976503
6,6,2,0.929115
6,6,3,0.910406
6,6,4,0.886502
6,6,5,0.906394
6,6,6,0.923577
6,6,7,0.983817
6,6,8,1.02464
6,6,9,1.04931
6,6,10,1.04723
6,6,11,1.04621
6,6,12,1.03051
6,6,13,1.01154
6,6,14,1.00151
6,6,15,0.991961
6,6,16,0.995811
6,6,17,1.01902
6,6,18,1.04839
6,6,19,1.05932
6,6,20,1.05269
6,6,21,1.03904
6,6,22,1.04479
6,6,23,1.00465
6,7,0,1.01643
6,7,1,0.965558
6,7,2,0.922422
6,7,3,0.885169
6,7,4,0.845118
6,7,5,0.822574
6,7,6,0.842593
6,7,7,0.936771
6,7,8,0.986996
6,7,9,1.02169
6,7,10,1.03746
6,7,11,1.04574
6,7,12,1.04409
6,7,13,1.02063
6,7,14,0.99717
6,7,15,0.984165
6,7,16,1.00901
6,7,17,1.03121
6,7,18,1.08195
6,7,19,1.10491
6,7,20,1.0867
6,7,21,1.08789
6,7,22,1.10522
6,7,23,1.04467
7,1,0,0.943692
7,1,1,0.908973
7,1,2,0.880535
7,1,3,0.868495
7,1,4,0.865292
7,1,5,0.921226
7,1,6,0.996917
7,1,7,1.0311
7,1,8,1.05468
7,1,9,1.06077
7,1,10,1.05872
7,1,11,1.0579
7,1,12,1.04402
7,1,13,1.038
7,1,14,1.03053
7,1,15,1.0264
7,1,16,1.02586
7,1,17,1.03294
7,1,18,1.03546
7,1,19,1.03345
7,1,20,1.0241
7,1,21,1.02206
7,1,22,1.00704
7,1,23,0.976293
7,2,0,0.946379
7,2,1,0.919583
7,2,2,0.893388
7,2,3,0.885481
7,2,4,0.877428
7,2,5,0.920747
7,2,6,0.984264
7,2,7,1.02887
7,2,8,1.05527
7,2,9,1.06048
7,2,10,1.0658
7,2,11,1.06241
7,2,12,1.05843
7,2,13,1.04542
7,2,14,1.03511
7,2,15,1.02609
7,2,16,1.0214
7,2,17,1.03416
7,2,18,1.03774
7,2,19,1.03767
7,2,20,1.02607
7,2,21,1.02289
7,2,22,1.01519
7,2,23,0.983718
7,3,0,0.945631
7,3,1,0.912409
7,3,2,0.888292
7,3,3,0.878162
7,3,4,0.878663
7,3,5,0.922344
7,3,6,0.984327
7,3,7,1.03448
7,3,8,1.06351
7,3,9,1.07262
7,3,10,1.076
7,3,11,1.06674
7,3,12,1.06436
7,3,13,1.05361
7,3,14,1.04404
7,3,15,1.03274
7,3,16,1.02638
7,3,17,1.03002
7,3,18,1.03426
7,3,19,1.03271
7,3,20,1.02321
7,3,21,1.01464
7,3,22,1.00773
7,3,23,0.970531
7,4,0,0.939235
7,4,1,0.907834
7,4,2,0.883662
7,4,3,0.868485
7,4,4,0.871914
7,4,5,0.920531
7,4,6,0.985949
7,4,7,1.02403
7,4,8,1.0522
7,4,9,1.05674
7,4,10,1.0589
7,4,11,1.05898
7,4,12,1.05458
7,4,13,1.03949
7,4,14,1.03783
7,4,15,1.03108
7,4,16,1.02931
7,4,17,1.03697
7,4,18,1.0433
7,4,19,1.03843
7,4,20,1.02436
7,4,21,1.02147
7,4,22,1.01202
7,4,23,0.973279
7,5,0,0.957842
7,5,1,0.929795
7,5,2,0.917411
7,5,3,0.890889
7,5,4,0.872897
7,5,5,0.928648
7,5,6,0.989129
7,5,7,1.03601
7,5,8,1.06539
7,5,9,1.07752
7,5,10,1.07967
7,5,11,1.06666
7,5,12,1.05191
7,5,13,1.03646
7,5,14,1.02273
7,5,15,1.01293
7,5,16,1.01321
7,5,17,1.02324
7,5,18,1.02878
7,5,19,1.03146
7,5,20,1.01302
7,5,21,0.999624
7,5,22,0.995664
7,5,23,0.965523
7,6,0,1.00918
7,6,1,0.983144
7,6,2,0.954999
7,6,3,0.935179
7,6,4,0.917599
7,6,5,0.923868
7,6,6,0.958282
7,6,7,0.983863
7,6,8,1.01007
7,6,9,1.0382
7,6,10,1.03885
7,6,11,1.03875
7,6,12,1.01745
7,6,13,1.00251
7,6,14,0.991728
7,6,15,0.981635
7,6,16,0.993632
7,6,17,1.01006
7,6,18,1.03561
7,6,19,1.05142
7,6,20,1.04278
7,6,21,1.03449
7,6,22,1.04465
7,6,23,1.00049
7,7,0,1.01319
7,7,1,0.972613
7,7,2,0.94922
7,7,3,0.919172
7,7,4,0.882455
7,7,5,0.89262
7,7,6,0.897598
7,7,7,0.931277
7,7,8,0.9762
7,7,9,1.00835
7,7,10,1.02624
7,7,11,1.03047
7,7,12,1.02835
7,7,13,1.01711
7,7,14,1.01202
7,7,15,1.00879
7,7,16,1.01412
7,7,17,1.02542
7,7,18,1.04359
7,7,19,1.07364
7,7,20,1.08125
7,7,21,1.08475
7,7,22,1.08232
7,7,23,1.0467
8,1,0,0.885292
8,1,1,0.838713
8,1,2,0.829004
8,1,3,0.82947
8,1,4,0.827194
8,1,5,0.870864
8,1,6,0.993361
8,1,7,1.05589
8,1,8,1.10246
8,1,9,1.08791
8,1,10,1.09531
8,1,11,1.08735
8,1,12,1.07725
8,1,13,1.07271
8,1,14,1.06073
8,1,15,1.04223
8,1,16,1.03309
8,1,17,1.03858
8,1,18,1.05578
8,1,19,1.064
8,1,20,1.03238
8,1,21,1.02271
8,1,22,0.997419
8,1,23,0.958606
8,2,0,0.916441
8,2,1,0.88282
8,2,2,0.878226
8,2,3,0.874116
8,2,4,0.874765
8,2,5,0.907084
8,2,6,0.980141
8,2,7,1.04404
8,2,8,1.0863
8,2,9,1.08538
8,2,10,1.0888
8,2,11,1.07916
8,2,12,1.06291
8,2,13,1.0591
8,2,14,1.0422
8,2,15,1.03382
8,2,16,1.02521
8,2,17,1.02869
8,2,18,1.04327
8,2,19,1.04844
8,2,20,1.02997
8,2,21,1.03185
8,2,22,0.993157
8,2,23,0.936349
8,3,0,0.903482
8,3,1,0.877825
8,3,2,0.860472
8,3,3,0.856668
8,3,4,0.856668
8,3,5,0.906241
8,3,6,0.983376
8,3,7,1.04974
8,3,8,1.08673
8,3,9,1.07753
8,3,10,1.08586
8,3,11,1.08304
8,3,12,1.06161
8,3,13,1.05114
8,3,14,1.046
8,3,15,1.03666
8,3,16,1.02894
8,3,17,1.04684
8,3,18,1.05563
8,3,19,1.05245
8,3,20,1.03566
8,3,21,1.01834
8,3,22,0.987636
8,3,23,0.936829
8,4,0,0.89934
8,4,1,0.879408
8,4,2,0.86263
8,4,3,0.854021
8,4,4,0.864366
8,4,5,0.905673
8,4,6,0.985003
8,4,7,1.03699
8,4,8,1.07409
8,4,9,1.07567
8,4,10,1.08017
8,4,11,1.07612
8,4,12,1.0616
8,4,13,1.06023
8,4,14,1.04495
8,4,15,1.03501
8,4,16,1.02786
8,4,17,1.04484
8,4,18,1.05904
8,4,19,1.06304
8,4,20,1.0407
8,4,21,1.03016
8,4,22,0.994822
8,4,23,0.946116
8,5,0,0.92271
8,5,1,0.900426
8,5,2,0.878279
8,5,3,0.879824
8,5,4,0.886425
8,5,5,0.919897
8,5,6,0.997686
8,5,7,1.06241
8,5,8,1.08797
8,5,9,1.0905
8,5,10,1.08968
8,5,11,1.08737
8,5,12,1.07483
8,5,13,1.04915
8,5,14,1.03391
8,5,15,1.01891
8,5,16,1.00319
8,5,17,1.01458
8,5,18,1.0239
8,5,19,1.0239
8,5,20,1.01403
8,5,21,1.00678
8,5,22,0.983381
8,5,23,0.946908
8,6,0,0.991838
8,6,1,0.967834
8,6,2,0.944816
8,6,3,0.943356
8,6,4,0.921493
8,6,5,0.924671
8,6,6,0.936256
8,6,7,0.979602
8,6,8,1.01684
8,6,9,1.04499
8,6,10,1.05357
8,6,11,1.04618
8,6,12,1.02837
8,6,13,1.01139
8,6,14,1.0031
8,6,15,1.00007
8,6,16,1.00554
8,6,17,1.022
8,6,18,1.04789
8,6,19,1.04817
8,6,20,1.05077
8,6,21,1.05988
8,6,22,1.03964
8,6,23,0.993004
8,7,0,0.983773
8,7,1,0.963488
8,7,2,0.914529
8,7,3,0.890768
8,7,4,0.879175
8,7,5,0.885397
8,7,6,0.896664
8,7,7,0.92793
8,7,8,0.985099
8,7,9,1.0189
8,7,10,1.03755
8,7,11,1.04736
8,7,12,1.03341
8,7,13,1.02317
8,7,14,1.01619
8,7,15,1.00646
8,7,16,1.02177
8,7,17,1.03485
8,7,18,1.07925
8,7,19,1.09942
8,7,20,1.11703
8,7,21,1.12906
8,7,22,1.09021
8,7,23,1.02941
9,1,0,0.887308
9,1,1,0.867918
9,1,2,0.839675
9,1,3,0.839384
9,1,4,0.867557
9,1,5,0.922887
9,1,6,1.00847
9,1,7,1.06806
9,1,8,1.10538
9,1,9,1.09199
9,1,10,1.09056
9,1,11,1.06888
9,1,12,1.06255
9,1,13,1.04504
9,1,14,1.02723
9,1,15,1.03966
9,1,16,1.04082
9,1,17,1.05165
9,1,18,1.06731
9,1,19,1.08132
9,1,20,1.05403
9,1,21,1.02024
9,1,22,0.975688
9,1,23,0.933471
9,2,0,0.899938
9,2,1,0.88829
9,2,2,0.880546
9,2,3,0.877259
9,2,4,0.887475
9,2,5,0.928616
9,2,6,1.00717
9,2,7,1.09153
9,2,8,1.11619
9,2,9,1.10838
9,2,10,1.09757
9,2,11,1.07128
9,2,12,1.04871
9,2,13,1.03279
9,2,14,1.02371
9,2,15,1.01595
9,2,16,1.02571
9,2,17,1.03707
9,2,18,1.05017
9,2,19,1.05798
9,2,20,1.04276
9,2,21,1.00948
9,2,22,0.95468
9,2,23,0.912033
9,3,0,0.899218
9,3,1,0.885192
9,3,2,0.858196
9,3,3,0.853168
9,3,4,0.878976
9,3,5,0.917897
9,3,6,1.01239
9,3,7,1.08662
9,3,8,1.10977
9,3,9,1.09985
9,3,10,1.07956
9,3,11,1.0647
9,3,12,1.05766
9,3,13,1.04433
9,3,14,1.02896
9,3,15,1.03135
9,3,16,1.03985
9,3,17,1.05285
9,3,18,1.05443
9,3,19,1.06583
9,3,20,1.05263
9,3,21,1.00658
9,3,22,0.957057
9,3,23,0.910786
9,4,0,0.894757
9,4,1,0.869665
9,4,2,0.850624
9,4,3,0.849727
9,4,4,0.857013
9,4,5,0.923946
9,4,6,1.01803
9,4,7,1.08923
9,4,8,1.10169
9,4,9,1.09936
9,4,10,1.08118
9,4,11,1.08472
9,4,12,1.05187
9,4,13,1.04005
9,4,14,1.0249
9,4,15,1.02713
9,4,16,1.03119
9,4,17,1.05446
9,4,18,1.06024
9,4,19,1.08834
9,4,20,1.05867
9,4,21,1.01803
9,4,22,0.962953
9,4,23,0.920398
9,5,0,0.918502
9,5,1,0.898622
9,5,2,0.86923
9,5,3,0.86187
9,5,4,0.886739
9,5,5,0.937454
9,5,6,1.02628
9,5,7,1.08415
9,5,8,1.09637
9,5,9,1.09463
9,5,10,1.08969
9,5,11,1.07515
9,5,12,1.06317
9,5,13,1.03521
9,5,14,1.00702
9,5,15,0.995087
9,5,16,0.996818
9,5,17,1.01559
9,5,18,1.03943
9,5,19,1.04319
9,5,20,1.03282
9,5,21,1.00197
9,5,22,0.960264
9,5,23,0.936976
9,6,0,0.978197
9,6,1,0.965592
9,6,2,0.952274
9,6,3,0.937145
9,6,4,0.928613
9,6,5,0.943372
9,6,6,0.964452
9,6,7,0.996078
9,6,8,1.02137
9,6,9,1.04031
9,6,10,1.03974
9,6,11,1.03484
9,6,12,1.02318
9,6,13,0.999782
9,6,14,0.987497
9,6,15,0.994849
9,6,16,1.00319
9,6,17,1.0249
9,6,18,1.05521
9,6,19,1.06214
9,6,20,1.0565
9,6,21,1.03549
9,6,22,1.00259
9,6,23,0.982608
9,7,0,0.988269
9,7,1,0.956664
9,7,2,0.934468
9,7,3,0.899783
9,7,4,0.908135
9,7,5,0.929787
9,7,6,0.939416
9,7,7,0.959118
9,7,8,0.990502
9,7,9,1.01872
9,7,10,1.02404
9,7,11,1.02738
9,7,12,1.02401
9,7,13,1.01489
9,7,14,1.00148
9,7,15,1
9,7,16,1.01149
9,7,17,1.03149
9,7,18,1.06155
9,7,19,1.0835
9,7,20,1.0938
9,7,21,1.07285
9,7,22,1.0355
9,7,23,0.996717
10,1,0,0.869263
10,1,1,0.84833
10,1,2,0.841746
10,1,3,0.839801
10,1,4,0.850524
10,1,5,0.930749
10,1,6,1.0178
10,1,7,1.09605
10,1,8,1.12197
10,1,9,1.11314
10,1,10,1.0888
10,1,11,1.07626
10,1,12,1.04983
10,1,13,1.04707
10,1,14,1.03761
10,1,15,1.0312
10,1,16,1.03807
10,1,17,1.07527
10,1,18,1.10587
10,1,19,1.08493
10,1,20,1.02487
10,1,21,0.986119
10,1,22,0.960721
10,1,23,0.906701
10,2,0,0.911615
10,2,1,0.892443
10,2,2,0.879894
10,2,3,0.88176
10,2,4,0.904548
10,2,5,0.948706
10,2,6,1.00519
10,2,7,1.08355
10,2,8,1.1193
10,2,9,1.09244
10,2,10,1.07795
10,2,11,1.06036
10,2,12,1.03669
10,2,13,1.0323
10,2,14,1.0222
10,2,15,1.01743
10,2,16,1.0187
10,2,17,1.04748
10,2,18,1.07423
10,2,19,1.06099
10,2,20,1.01568
10,2,21,0.973829
10,2,22,0.941679
10,2,23,0.907085
10,3,0,0.880904
10,3,1,0.856301
10,3,2,0.850533
10,3,3,0.856742
10,3,4,0.869323
10,3,5,0.932763
10,3,6,1.00537
10,3,7,1.09073
10,3,8,1.11406
10,3,9,1.08776
10,3,10,1.07084
10,3,11,1.07151
10,3,12,1.04887
10,3,13,1.042
10,3,14,1.03807
10,3,15,1.02739
10,3,16,1.0418
10,3,17,1.07848
10,3,18,1.08577
10,3,19,1.0734
10,3,20,1.03267
10,3,21,1.00048
10,3,22,0.965953
10,3,23,0.934021
10,4,0,0.897779
10,4,1,0.866604
10,4,2,0.850746
10,4,3,0.857776
10,4,4,0.887256
10,4,5,0.930109
10,4,6,1.01131
10,4,7,1.08327
10,4,8,1.10251
10,4,9,1.09611
10,4,10,1.0881
10,4,11,1.07286
10,4,12,1.04395
10,4,13,1.0393
10,4,14,1.03116
10,4,15,1.02281
10,4,16,1.02855
10,4,17,1.05841
10,4,18,1.07636
10,4,19,1.05897
10,4,20,1.0232
10,4,21,0.981173
10,4,22,0.943708
10,4,23,0.906174
10,5,0,0.912849
10,5,1,0.898684
10,5,2,0.882563
10,5,3,0.888878
10,5,4,0.910137
10,5,5,0.95545
10,5,6,1.01907
10,5,7,1.09085
10,5,8,1.10927
10,5,9,1.09349
10,5,10,1.09245
10,5,11,1.06082
10,5,12,1.04352
10,5,13,1.03033
10,5,14,1.01501
10,5,15,1.0033
10,5,16,1.01265
10,5,17,1.03452
10,5,18,1.05542
10,5,19,1.04982
10,5,20,1.00563
10,5,21,0.97745
10,5,22,0.952883
10,5,23,0.915966
10,6,0,0.973246
10,6,1,0.955138
10,6,2,0.938387
10,6,3,0.935732
10,6,4,0.940044
10,6,5,0.956197
10,6,6,0.969657
10,6,7,0.99213
10,6,8,1.01045
10,6,9,1.02952
10,6,10,1.03703
10,6,11,1.03091
10,6,12,1.0249
10,6,13,1.00686
10,6,14,1.00053
10,6,15,1.0034
10,6,16,1.01727
10,6,17,1.05048
10,6,18,1.07673
10,6,19,1.07164
10,6,20,1.03849
10,6,21,1.01671
10,6,22,0.993836
10,6,23,0.96924
10,7,0,0.971039
10,7,1,0.948295
10,7,2,0.938246
10,7,3,0.913999
10,7,4,0.920387
10,7,5,0.929149
10,7,6,0.948773
10,7,7,0.966915
10,7,8,0.993756
10,7,9,1.02112
10,7,10,1.03807
10,7,11,1.04219
10,7,12,1.02222
10,7,13,1.00245
10,7,14,0.997245
10,7,15,1.00075
10,7,16,1.02106
10,7,17,1.05294
10,7,18,1.09314
10,7,19,1.10107
10,7,20,1.0701
10,7,21,1.04361
10,7,22,1.01608
10,7,23,0.977475
11,1,0,0.858173
11,1,1,0.830699
11,1,2,0.821314
11,1,3,0.822547
11,1,4,0.842415
11,1,5,0.91034
11,1,6,0.993056
11,1,7,1.07107
11,1,8,1.08612
11,1,9,1.07264
11,1,10,1.05686
11,1,11,1.04892
11,1,12,1.04013
11,1,13,1.05309
11,1,14,1.06216
11,1,15,1.08359
11,1,16,1.10449
11,1,17,1.12057
11,1,18,1.09054
11,1,19,1.04978
11,1,20,1.02447
11,1,21,0.979515
11,1,22,0.94151
11,1,23,0.892559
11,2,0,0.890641
11,2,1,0.871333
11,2,2,0.864297
11,2,3,0.863086
11,2,4,0.882341
11,2,5,0.935318
11,2,6,0.990052
11,2,7,1.06437
11,2,8,1.09025
11,2,9,1.06117
11,2,10,1.05559
11,2,11,1.0413
11,2,12,1.04051
11,2,13,1.04192
11,2,14,1.04171
11,2,15,1.06723
11,2,16,1.08861
11,2,17,1.12008
11,2,18,1.09091
11,2,19,1.03959
11,2,20,0.996117
11,2,21,0.975758
11,2,22,0.948195
11,2,23,0.914117
11,3,0,0.889734
11,3,1,0.869558
11,3,2,0.861704
11,3,3,0.86183
11,3,4,0.886071
11,3,5,0.929468
11,3,6,0.992562
11,3,7,1.0773
11,3,8,1.10389
11,3,9,1.07366
11,3,10,1.05314
11,3,11,1.04497
11,3,12,1.03202
11,3,13,1.03183
11,3,14,1.04653
11,3,15,1.06941
11,3,16,1.09752
11,3,17,1.12127
11,3,18,1.09519
11,3,19,1.03351
11,3,20,0.989782
11,3,21,0.966412
11,3,22,0.935735
11,3,23,0.899519
11,4,0,0.89438
11,4,1,0.878289
11,4,2,0.872869
11,4,3,0.860776
11,4,4,0.887582
11,4,5,0.933389
11,4,6,0.998266
11,4,7,1.06467
11,4,8,1.08277
11,4,9,1.0503
11,4,10,1.0424
11,4,11,1.03485
11,4,12,1.02958
11,4,13,1.03533
11,4,14,1.04462
11,4,15,1.05546
11,4,16,1.09033
11,4,17,1.14169
11,4,18,1.09787
11,4,19,1.03628
11,4,20,1.00408
11,4,21,0.982791
11,4,22,0.954164
11,4,23,0.914178
11,5,0,0.93381
11,5,1,0.908279
11,5,2,0.891504
11,5,3,0.891608
11,5,4,0.923465
11,5,5,0.954399
11,5,6,1.01127
11,5,7,1.08314
11,5,8,1.09632
11,5,9,1.07805
11,5,10,1.05391
11,5,11,1.04879
11,5,12,1.04194
11,5,13,1.03417
11,5,14,1.02734
11,5,15,1.03378
11,5,16,1.04934
11,5,17,1.06572
11,5,18,1.05069
11,5,19,1.01135
11,5,20,0.978523
11,5,21,0.96362
11,5,22,0.939394
11,5,23,0.904237
11,6,0,0.973519
11,6,1,0.954196
11,6,2,0.935897
11,6,3,0.917376
11,6,4,0.925138
11,6,5,0.947924
11,6,6,0.961123
11,6,7,0.986629
11,6,8,1.0068
11,6,9,1.02521
11,6,10,1.03332
11,6,11,1.02781
11,6,12,1.01978
11,6,13,1.01084
11,6,14,1.01782
11,6,15,1.03763
11,6,16,1.07073
11,6,17,1.09762
11,6,18,1.07666
11,6,19,1.04135
11,6,20,1.01659
11,6,21,1.00509
11,6,22,0.978525
11,6,23,0.945668
11,7,0,0.967105
11,7,1,0.933925
11,7,2,0.929296
11,7,3,0.919516
11,7,4,0.916366
11,7,5,0.924136
11,7,6,0.93736
11,7,7,0.957888
11,7,8,0.983729
11,7,9,1.00645
11,7,10,1.02089
11,7,11,1.02632
11,7,12,1.02384
11,7,13,1.01829
11,7,14,1.01956
11,7,15,1.03506
11,7,16,1.06778
11,7,17,1.10642
11,7,18,1.0958
11,7,19,1.06519
11,7,20,1.04131
11,7,21,1.02263
11,7,22,1.00788
11,7,23,0.981515
12,1,0,0.899036
12,1,1,0.874574
12,1,2,0.818705
12,1,3,0.819373
12,1,4,0.841271
12,1,5,0.931496
12,1,6,0.97349
12,1,7,1.042
12,1,8,1.08128
12,1,9,1.05458
12,1,10,1.04011
12,1,11,1.03729
12,1,12,1.03876
12,1,13,1.03856
12,1,14,1.05097
12,1,15,1.08607
12,1,16,1.11341
12,1,17,1.12603
12,1,18,1.06784
12,1,19,1.03629
12,1,20,0.992424
12,1,21,0.976234
12,1,22,0.953817
12,1,23,0.924315
12,2,0,0.909848
12,2,1,0.890474
12,2,2,0.887796
12,2,3,0.877117
12,2,4,0.894575
12,2,5,0.937058
12,2,6,0.982152
12,2,7,1.04603
12,2,8,1.06655
12,2,9,1.06077
12,2,10,1.04552
12,2,11,1.04233
12,2,12,1.0379
12,2,13,1.04092
12,2,14,1.05578
12,2,15,1.06169
12,2,16,1.07472
12,2,17,1.08344
12,2,18,1.05788
12,2,19,1.01546
12,2,20,0.993459
12,2,21,0.977388
12,2,22,0.953794
12,2,23,0.916245
12,3,0,0.909367
12,3,1,0.895085
12,3,2,0.874733
12,3,3,0.873909
12,3,4,0.898144
12,3,5,0.928249
12,3,6,0.976541
12,3,7,1.04285
12,3,8,1.0744
12,3,9,1.05711
12,3,10,1.04619
12,3,11,1.04297
12,3,12,1.04522
12,3,13,1.0439
12,3,14,1.04882
12,3,15,1.07485
12,3,16,1.0954
12,3,17,1.10282
12,3,18,1.06225
12,3,19,1.02323
12,3,20,0.997116
12,3,21,0.988858
12,3,22,0.95253
12,3,23,0.917614
12,4,0,0.900027
12,4,1,0.881803
12,4,2,0.879114
12,4,3,0.879462
12,4,4,0.89394
12,4,5,0.920551
12,4,6,0.982759
12,4,7,1.06748
12,4,8,1.09871
12,4,9,1.07906
12,4,10,1.04623
12,4,11,1.03872
12,4,12,1.04117
12,4,13,1.03544
12,4,14,1.04433
12,4,15,1.07678
12,4,16,1.08003
12,4,17,1.08776
12,4,18,1.04751
12,4,19,1.01073
12,4,20,0.980134
12,4,21,0.964202
12,4,22,0.94691
12,4,23,0.90347
12,5,0,0.918684
12,5,1,0.891235
12,5,2,0.874059
12,5,3,0.880587
12,5,4,0.901964
12,5,5,0.943399
12,5,6,0.990977
12,5,7,1.06326
12,5,8,1.0915
12,5,9,1.07582
12,5,10,1.05972
12,5,11,1.05044
12,5,12,1.05069
12,5,13,1.0432
12,5,14,1.04246
12,5,15,1.05624
12,5,16,1.07521
12,5,17,1.07489
12,5,18,1.05921
12,5,19,1.02346
12,5,20,0.995747
12,5,21,0.987561
12,5,22,0.958993
12,5,23,0.926114
12,6,0,0.979021
12,6,1,0.951291
12,6,2,0.931755
12,6,3,0.923677
12,6,4,0.927573
12,6,5,0.935522
12,6,6,0.969916
12,6,7,0.98642
12,6,8,1.00392
12,6,9,1.02483
12,6,10,1.03157
12,6,11,1.03268
12,6,12,1.02894
12,6,13,1.02671
12,6,14,1.01873
12,6,15,1.03425
12,6,16,1.06533
12,6,17,1.09574
12,6,18,1.05357
12,6,19,1.02909
12,6,20,1.015
12,6,21,0.996883
12,6,22,0.985313
12,6,23,0.955989
12,7,0,0.965172
12,7,1,0.951489
12,7,2,0.939482
12,7,3,0.925236
12,7,4,0.928116
12,7,5,0.930384
12,7,6,0.954199
12,7,7,0.965659
12,7,8,0.987854
12,7,9,1.0097
12,7,10,1.02336
12,7,11,1.02978
12,7,12,1.03047
12,7,13,1.0257
12,7,14,1.02196
12,7,15,1.03766
12,7,16,1.06742
12,7,17,1.08452
12,7,18,1.07339
12,7,19,1.05279
12,7,20,1.036
12,7,21,1.02456
12,7,22,1.0073
12,7,23,0.976271
