Date,temperature,snow_mass
2014-01-01,0.411083,45.0983
2014-01-02,0.500125,47.4215
2014-01-03,1.35892,49.5863
2014-01-04,1.88958,48.4212
2014-01-05,0.791333,48.1532
2014-01-06,0.751625,49.6186
2014-01-07,3.02767,48.5641
2014-01-08,1.74913,47.7945
2014-01-09,-1.16742,48.1114
2014-01-10,-3.9495,48.8216
2014-01-11,-5.73017,50.3163
2014-01-12,-9.22588,51.6008
2014-01-13,-11.0329,52.3681
2014-01-14,-8.33704,54.7727
2014-01-15,-7.74662,56.0744
2014-01-16,-6.50892,59.7029
2014-01-17,-7.66542,63.462
2014-01-18,-7.64871,65.7219
2014-01-19,-7.23417,66.7863
2014-01-20,-7.84962,67.1505
2014-01-21,-8.6375,67.3581
2014-01-22,-9.52887,67.615
2014-01-23,-8.90792,68.0001
2014-01-24,-9.21612,68.4672
2014-01-25,-7.08567,69.2088
2014-01-26,-8.01304,69.982
2014-01-27,-6.58208,72.0437
2014-01-28,-4.71471,74.7107
2014-01-29,-6.22767,76.0729
2014-01-30,-7.62604,77.816
2014-01-31,-6.97092,79.7028
2014-02-01,-5.99012,80.9319
2014-02-02,-0.401875,80.6685
2014-02-03,0.041375,76.3599
2014-02-04,-1.51033,76.8723
2014-02-05,-3.08425,77.919
2014-02-06,-2.56225,80.306
2014-02-07,-0.983333,82.8477
2014-02-08,-1.84112,86.4269
2014-02-09,0.167833,86.8888
2014-02-10,0.875417,84.4077
2014-02-11,-0.811458,83.1135
2014-02-12,-1.08,85.0812
2014-02-13,-0.585625,88.666
2014-02-14,0.286958,89.4176
2014-02-15,0.360167,92.0976
2014-02-16,0.381833,92.1195
2014-02-17,-1.21329,92.7888
2014-02-18,-3.29688,93.6984
2014-02-19,-5.04812,94.8292
2014-02-20,-4.91096,96.2052
2014-02-21,-1.47962,100.706
2014-02-22,-0.270875,100.263
2014-02-23,1.56696,95.9196
2014-02-24,2.76083,85.0215
2014-02-25,1.74188,79.4921
2014-02-26,0.768833,79.6247
2014-02-27,1.03575,79.1909
2014-02-28,0.493833,79.0611
2014-03-01,-0.470458,81.8537
2014-03-02,-0.874083,84.6149
2014-03-03,-0.427792,86.8083
2014-03-04,-0.283625,86.6531
2014-03-05,0.563792,85.8016
2014-03-06,1.90108,84.6525
2014-03-07,2.21329,81.7695
2014-03-08,1.83229,81.3022
2014-03-09,3.3455,79.4143
2014-03-10,1.70462,77.4421
2014-03-11,1.13992,77.1962
2014-03-12,1.81683,76.1984
2014-03-13,1.21004,75.9431
2014-03-14,1.01858,78.0194
2014-03-15,0.0819167,81.0009
2014-03-16,-0.731583,82.7661
2014-03-17,-0.652792,84.4127
2014-03-18,-1.17813,85.4808
2014-03-19,-1.46458,88.5596
2014-03-20,1.18592,88.8099
2014-03-21,1.72754,86.8163
2014-03-22,1.26258,86.0137
2014-03-23,0.758833,86.8681
2014-03-24,0.566458,86.7421
2014-03-25,-0.0988333,86.0957
2014-03-26,0.364292,85.5396
2014-03-27,1.98354,84.6299
2014-03-28,3.98479,82.7122
2014-03-29,4.71633,80.4228
2014-03-30,3.27175,78.6925
2014-03-31,1.40179,77.7199
2014-04-01,0.95475,77.1799
2014-04-02,1.38042,77.1178
2014-04-03,1.00571,76.9206
2014-04-04,1.78058,76.5432
2014-04-05,1.30212,76.7582
2014-04-06,3.11483,76.5042
2014-04-07,4.97392,74.5448
2014-04-08,2.66375,73.98
2014-04-09,1.58475,74.39
2014-04-10,1.64908,73.973
2014-04-11,3.22062,73.1934
2014-04-12,2.62529,72.6217
2014-04-13,3.62421,72.3542
2014-04-14,2.39908,72.1478
2014-04-15,2.06913,72.3078
2014-04-16,3.59337,71.7614
2014-04-17,3.29525,70.9387
2014-04-18,3.52325,70.2779
2014-04-19,5.36271,68.2106
2014-04-20,6.83821,65.7917
2014-04-21,7.71942,63.1599
2014-04-22,7.41542,60.8706
2014-04-23,6.66021,58.9358
2014-04-24,5.80821,56.432
2014-04-25,7.61921,53.6546
2014-04-26,8.69004,51.0873
2014-04-27,9.69804,48.9343
2014-04-28,8.94629,47.3199
2014-04-29,5.22083,46.5698
2014-04-30,2.92067,46.4364
2014-05-01,2.38958,46.7449
2014-05-02,3.25129,46.858
2014-05-03,2.69146,47.1673
2014-05-04,2.97488,46.8538
2014-05-05,3.89675,46.0605
2014-05-06,4.21846,45.5036
2014-05-07,3.44288,45.4878
2014-05-08,3.78867,44.6768
2014-05-09,5.16417,42.7932
2014-05-10,6.52117,40.4371
2014-05-11,6.85583,38.0735
2014-05-12,6.29429,36.027
2014-05-13,6.05117,34.635
2014-05-14,5.28642,34.0643
2014-05-15,6.15521,33.7858
2014-05-16,9.36008,32.861
2014-05-17,9.91492,30.8906
2014-05-18,11.9458,28.5458
2014-05-19,13.0602,26.3243
2014-05-20,12.383,24.2633
2014-05-21,12.1717,22.6219
2014-05-22,13.9598,21.4257
2014-05-23,14.0732,20.1819
2014-05-24,13.0879,18.8661
2014-05-25,10.9893,17.8349
2014-05-26,11.4432,16.7592
2014-05-27,10.5724,15.5923
2014-05-28,10.809,14.4375
2014-05-29,12.6683,13.3346
2014-05-30,12.6253,12.2182
2014-05-31,11.2582,11.3523
2014-06-01,12.3047,10.6551
2014-06-02,14.6312,9.75822
2014-06-03,14.2223,8.66177
2014-06-04,13.9689,7.55401
2014-06-05,14.4149,6.54005
2014-06-06,14.157,5.74522
2014-06-07,13.9962,5.24004
2014-06-08,14.8293,4.9451
2014-06-09,14.9646,4.70568
2014-06-10,15.9524,4.47502
2014-06-11,15.1609,4.14798
2014-06-12,12.2266,3.80056
2014-06-13,10.8164,3.56913
2014-06-14,11.5626,3.33204
2014-06-15,12.6568,3.243
2014-06-16,10.6708,3.37425
2014-06-17,10.8107,3.51712
2014-06-18,12.6233,3.34188
2014-06-19,10.609,3.2714
2014-06-20,8.70154,3.36663
2014-06-21,8.19963,3.54647
2014-06-22,9.01167,3.51017
2014-06-23,9.91217,3.22702
2014-06-24,11.3134,2.92742
2014-06-25,11.3363,2.75185
2014-06-26,10.6714,2.57148
2014-06-27,10.4148,2.38201
2014-06-28,10.493,2.20222
2014-06-29,10.6472,2.02113
2014-06-30,11.9313,1.8484
2014-07-01,12.1623,1.6871
2014-07-02,13.5927,1.51435
2014-07-03,12.7836,1.33344
2014-07-04,13.3882,1.18848
2014-07-05,16.5565,0.969996
2014-07-06,16.9988,0.650458
2014-07-07,17.2142,0.349367
2014-07-08,17.7268,0.096975
2014-07-09,20.5264,0.00330833
2014-07-10,20.6042,0
2014-07-11,19.994,0
2014-07-12,18.5581,0
2014-07-13,17.948,0
2014-07-14,17.5572,0
2014-07-15,15.8942,0
2014-07-16,15.8538,0
2014-07-17,15.2755,0
2014-07-18,15.938,0
2014-07-19,17.8893,0
2014-07-20,19.1972,0
2014-07-21,20.6572,0
2014-07-22,21.4092,0
2014-07-23,21.651,0
2014-07-24,21.5391,0
2014-07-25,21.1737,0
2014-07-26,20.6477,0
2014-07-27,18.9545,0
2014-07-28,18.5768,0
2014-07-29,17.7194,0
2014-07-30,16.3567,0
2014-07-31,14.9989,0
2014-08-01,14.9015,0
2014-08-02,16.9184,0
2014-08-03,17.6361,0
2014-08-04,18.5026,0
2014-08-05,16.5657,0
2014-08-06,16.2436,0
2014-08-07,16.3463,0
2014-08-08,15.9792,0
2014-08-09,16.0294,0
2014-08-10,14.8937,0
2014-08-11,14.3545,0
2014-08-12,13.4467,0
2014-08-13,12.823,0
2014-08-14,12.9607,0
2014-08-15,12.8306,0
2014-08-16,11.8837,0
2014-08-17,11.2465,0
2014-08-18,10.9183,0.00783333
2014-08-19,11.9697,0.00325833
2014-08-20,11.7486,0.00075
2014-08-21,11.0897,0.000179167
2014-08-22,10.7634,0.000745833
2014-08-23,11.1821,0.00393333
2014-08-24,11.2272,0.00379167
2014-08-25,11.3506,0.00108333
2014-08-26,11.9536,0.000158333
2014-08-27,11.9602,0
2014-08-28,12.3122,0
2014-08-29,12.5824,0
2014-08-30,11.7593,0
2014-08-31,12.2444,0
2014-09-01,12.0519,0
2014-09-02,13.0368,0
2014-09-03,13.2343,0
2014-09-04,13.0107,0
2014-09-05,12.6859,0
2014-09-06,13.3743,0
2014-09-07,13.4735,0
2014-09-08,12.3573,0
2014-09-09,11.7471,0
2014-09-10,12.2654,0
2014-09-11,12.6383,0
2014-09-12,12.6025,0
2014-09-13,12.4733,0
2014-09-14,12.0481,0
2014-09-15,12.2801,0
2014-09-16,12.3136,0
2014-09-17,11.4766,0
2014-09-18,10.8327,0
2014-09-19,11.3177,0.000108333
2014-09-20,10.7657,0.0111083
2014-09-21,8.83454,0.0456583
2014-09-22,6.38967,0.194942
2014-09-23,6.123,0.196183
2014-09-24,6.7355,0.218717
2014-09-25,7.78979,0.473296
2014-09-26,9.47296,0.462038
2014-09-27,9.67896,0.420738
2014-09-28,9.7345,0.356846
2014-09-29,8.64704,0.339321
2014-09-30,7.75183,0.336333
2014-10-01,8.68771,0.269733
2014-10-02,8.224,0.194237
2014-10-03,8.64612,0.136771
2014-10-04,10.8235,0.0618625
2014-10-05,9.84012,0.0217125
2014-10-06,8.23096,0.0123333
2014-10-07,5.41279,0.136425
2014-10-08,6.86696,0.602217
2014-10-09,7.16196,0.492471
2014-10-10,7.59388,0.39215
2014-10-11,6.964,0.30215
2014-10-12,6.16637,0.335267
2014-10-13,4.30392,0.364337
2014-10-14,4.25112,0.377738
2014-10-15,3.57462,0.460854
2014-10-16,1.51129,1.44148
2014-10-17,1.86738,3.79999
2014-10-18,4.69683,3.45107
2014-10-19,7.39938,1.84863
2014-10-20,5.98117,1.25022
2014-10-21,4.97896,1.18488
2014-10-22,3.23687,1.86263
2014-10-23,4.40621,4.1102
2014-10-24,7.25446,3.51463
2014-10-25,6.40671,2.43584
2014-10-26,7.59725,1.71273
2014-10-27,8.15783,1.50499
2014-10-28,8.64883,1.39624
2014-10-29,3.63138,1.72231
2014-10-30,1.96212,2.43436
2014-10-31,2.17013,3.3576
2014-11-01,5.17604,4.40747
2014-11-02,6.88,3.7736
2014-11-03,5.26713,3.59337
2014-11-04,2.43579,5.12992
2014-11-05,-0.699208,5.47813
2014-11-06,-1.93733,5.65253
2014-11-07,-1.13421,5.9059
2014-11-08,2.49012,6.62753
2014-11-09,4.92408,5.81272
2014-11-10,4.48812,5.36432
2014-11-11,2.93921,5.77301
2014-11-12,2.25725,5.93546
2014-11-13,1.97783,6.82619
2014-11-14,2.45721,8.18386
2014-11-15,2.65425,7.85586
2014-11-16,1.83688,7.72625
2014-11-17,0.629458,7.84978
2014-11-18,0.92425,8.01293
2014-11-19,0.0957083,7.6384
2014-11-20,-0.236667,7.93883
2014-11-21,-1.33892,8.53309
2014-11-22,-1.60654,8.69995
2014-11-23,0.489583,11.6676
2014-11-24,1.158,19.0768
2014-11-25,0.183542,19.256
2014-11-26,-2.32104,19.3491
2014-11-27,-1.74346,19.5836
2014-11-28,-2.11079,20.1445
2014-11-29,-2.61875,20.6458
2014-11-30,-2.25617,21.8792
2014-12-01,-2.39933,22.5774
2014-12-02,-1.21788,24.3956
2014-12-03,-1.44183,24.9919
2014-12-04,0.346292,24.4368
2014-12-05,-0.535375,25.6289
2014-12-06,-2.85083,27.1295
2014-12-07,0.699458,27.1165
2014-12-08,-2.03983,27.3439
2014-12-09,-3.05292,28.6649
2014-12-10,0.482667,30.2433
2014-12-11,0.038125,31.252
2014-12-12,-1.9075,32.1724
2014-12-13,-4.28033,33.5259
2014-12-14,-1.15083,33.4869
2014-12-15,-0.426208,31.3444
2014-12-16,-1.97979,34.4896
2014-12-17,-4.605,35.8883
2014-12-18,-1.58079,37.1861
2014-12-19,-1.95212,38.0337
2014-12-20,-2.52754,40.1247
2014-12-21,-2.50421,42.1084
2014-12-22,-1.76392,43.4928
2014-12-23,-1.60346,45.743
2014-12-24,-6.91562,47.2193
2014-12-25,-11.5247,48.5918
2014-12-26,-8.46404,51.3138
2014-12-27,-11.1155,52.5527
2014-12-28,-9.29042,54.4771
2014-12-29,-4.38246,56.965
2014-12-30,-1.0865,54.3399
2014-12-31,0.906292,50.6445
2015-01-01,1.93004,48.7932
2015-01-02,1.26971,47.3317
2015-01-03,-1.356,49.9417
2015-01-04,-3.32833,52.0241
2015-01-05,-3.46129,53.4411
2015-01-06,-0.0637083,54.7744
2015-01-07,-0.83875,57.1394
2015-01-08,0.337833,57.8798
2015-01-09,-4.08942,59.0833
2015-01-10,-3.66867,65.3208
2015-01-11,-5.9385,70.5335
2015-01-12,-4.26121,73.0762
2015-01-13,-1.75808,72.9505
2015-01-14,-2.38475,74.3596
2015-01-15,-1.14921,76.2968
2015-01-16,-0.0465833,73.661
2015-01-17,-0.99125,74.5413
2015-01-18,-3.09204,76.202
2015-01-19,-5.84492,78.5214
2015-01-20,-5.35338,81.3243
2015-01-21,-4.89829,83.7161
2015-01-22,-7.46683,85.8185
2015-01-23,-8.40308,86.7913
2015-01-24,-2.64383,91.8391
2015-01-25,-4.74825,93.5429
2015-01-26,-0.750833,93.9814
2015-01-27,-2.81775,94.5356
2015-01-28,-0.105667,95.2097
2015-01-29,-2.33862,100.193
2015-01-30,-2.92483,103.118
2015-01-31,-5.26037,105.469
2015-02-01,-6.49871,106.511
2015-02-02,-6.36133,107.803
2015-02-03,-7.23292,108.706
2015-02-04,-9.62054,109.166
2015-02-05,-7.51021,109.763
2015-02-06,-2.39942,109.431
2015-02-07,-1.78475,108.329
2015-02-08,-2.12296,109.139
2015-02-09,0.785292,107.672
2015-02-10,0.671375,105.189
2015-02-11,-0.351792,103.816
2015-02-12,-1.98187,104.291
2015-02-13,-1.99567,105.045
2015-02-14,-2.64071,105.808
2015-02-15,-3.57558,106.266
2015-02-16,-3.27117,107.214
2015-02-17,-0.471917,109.516
2015-02-18,0.918833,109.623
2015-02-19,1.97287,106.701
2015-02-20,0.751292,105.04
2015-02-21,-1.29742,106.051
2015-02-22,-3.02792,107.669
2015-02-23,-0.932625,111.801
2015-02-24,-0.0497917,112.932
2015-02-25,0.223875,112.012
2015-02-26,-0.209583,111.744
2015-02-27,0.081625,113.214
2015-02-28,-0.267833,112.126
2015-03-01,0.816125,114.541
2015-03-02,0.261833,114.853
2015-03-03,-1.97692,114.67
2015-03-04,-2.76796,114.358
2015-03-05,-1.04587,114.619
2015-03-06,1.35142,114.234
2015-03-07,2.74971,111.944
2015-03-08,2.78742,109.404
2015-03-09,1.01004,109.724
2015-03-10,2.51854,109.645
2015-03-11,1.2195,108.664
2015-03-12,1.22354,108.43
2015-03-13,0.818667,107.578
2015-03-14,0.152,106.172
2015-03-15,0.331958,105.622
2015-03-16,1.72771,104.662
2015-03-17,2.11746,103.558
2015-03-18,2.23275,102.229
2015-03-19,1.46596,102.064
2015-03-20,0.886833,103.282
2015-03-21,-2.19854,103.751
2015-03-22,-0.372375,106.534
2015-03-23,1.33017,109.267
2015-03-24,0.219208,107.673
2015-03-25,-1.33333,109.168
2015-03-26,-2.02904,117.959
2015-03-27,-0.754167,118.458
2015-03-28,-0.184333,113.87
2015-03-29,1.12308,113.127
2015-03-30,0.34225,111.653
2015-03-31,-0.527375,110.375
2015-04-01,-0.07325,110.942
2015-04-02,0.31775,111.515
2015-04-03,0.128917,111.421
2015-04-04,-0.123417,110.765
2015-04-05,0.688917,110.518
2015-04-06,2.69425,110.07
2015-04-07,4.45208,108.199
2015-04-08,3.51538,107.033
2015-04-09,3.36513,106.196
2015-04-10,4.14579,104.395
2015-04-11,3.84446,102.534
2015-04-12,3.06192,101.684
2015-04-13,1.32387,102.038
2015-04-14,1.58917,102.326
2015-04-15,2.56767,101.341
2015-04-16,2.43033,101.246
2015-04-17,3.35571,99.7666
2015-04-18,3.87625,97.6966
2015-04-19,5.58617,95.0171
2015-04-20,7.00929,92.0917
2015-04-21,5.77933,89.1096
2015-04-22,5.6075,87.3819
2015-04-23,4.21729,86.4804
2015-04-24,3.05296,86.3733
2015-04-25,3.79079,85.9901
2015-04-26,3.03775,85.5647
2015-04-27,2.60517,84.7154
2015-04-28,3.22996,83.7579
2015-04-29,2.95042,82.846
2015-04-30,3.29433,82.1779
2015-05-01,3.69846,81.0573
2015-05-02,3.31608,79.7138
2015-05-03,3.77087,78.3017
2015-05-04,4.10912,76.9156
2015-05-05,6.42692,74.7963
2015-05-06,7.72129,71.3914
2015-05-07,6.15663,68.4121
2015-05-08,4.62733,66.5218
2015-05-09,4.13817,65.2791
2015-05-10,5.49788,63.7796
2015-05-11,6.45567,61.4254
2015-05-12,6.83662,58.8029
2015-05-13,6.70083,56.3692
2015-05-14,5.24617,54.6332
2015-05-15,5.57967,52.9025
2015-05-16,5.26138,51.2789
2015-05-17,4.7105,50.049
2015-05-18,6.18692,47.9714
2015-05-19,5.84379,45.7354
2015-05-20,6.52471,43.8157
2015-05-21,7.04612,42.156
2015-05-22,6.42696,40.556
2015-05-23,6.43092,39.9502
2015-05-24,5.81579,39.5932
2015-05-25,7.16558,38.4099
2015-05-26,7.35046,36.6388
2015-05-27,7.73304,35.0228
2015-05-28,6.57337,33.7955
2015-05-29,6.88338,32.4429
2015-05-30,6.39892,30.9106
2015-05-31,7.89533,29.3745
2015-06-01,7.19413,27.9289
2015-06-02,6.70562,26.812
2015-06-03,7.98563,25.7775
2015-06-04,7.79038,25.0215
2015-06-05,8.99146,24.3701
2015-06-06,9.524,23.2313
2015-06-07,8.37346,22.4526
2015-06-08,8.478,21.8838
2015-06-09,9.3015,21.2331
2015-06-10,9.51433,20.5589
2015-06-11,10.3046,20.002
2015-06-12,11.0035,19.2733
2015-06-13,9.1815,18.575
2015-06-14,7.81775,18.0712
2015-06-15,7.78288,17.7468
2015-06-16,8.79696,17.2643
2015-06-17,8.40188,16.6335
2015-06-18,9.57579,15.9078
2015-06-19,10.6722,15.0484
2015-06-20,12.0465,14.1063
2015-06-21,12.3595,13.1127
2015-06-22,12.2323,12.2548
2015-06-23,12.3418,11.6009
2015-06-24,11.3407,11.1179
2015-06-25,9.56379,10.7312
2015-06-26,10.7022,10.3373
2015-06-27,12.3754,9.87979
2015-06-28,12.4381,9.51773
2015-06-29,12.531,9.20329
2015-06-30,13.285,8.80705
2015-07-01,15.8611,8.37522
2015-07-02,17.1097,7.88373
2015-07-03,16.1603,7.38901
2015-07-04,15.9642,6.92078
2015-07-05,16.917,6.487
2015-07-06,13.8293,6.0922
2015-07-07,12.343,5.80434
2015-07-08,11.1195,5.54459
2015-07-09,10.3102,5.26675
2015-07-10,10.9074,4.99385
2015-07-11,12.3088,4.7467
2015-07-12,14.0397,4.4681
2015-07-13,13.5234,4.19635
2015-07-14,13.1678,3.98999
2015-07-15,12.4737,3.83893
2015-07-16,10.7065,3.7311
2015-07-17,11.6456,3.59265
2015-07-18,12.041,3.45165
2015-07-19,12.4466,3.26698
2015-07-20,12.7064,3.11375
2015-07-21,11.5528,2.95701
2015-07-22,12.8666,2.7578
2015-07-23,11.7522,2.55035
2015-07-24,11.3018,2.39555
2015-07-25,11.0693,2.22363
2015-07-26,11.054,2.05165
2015-07-27,11.8735,1.79535
2015-07-28,12.5031,1.58739
2015-07-29,12.7045,1.44926
2015-07-30,12.8101,1.30227
2015-07-31,11.4284,1.18048
2015-08-01,11.7059,1.09737
2015-08-02,11.3025,0.981613
2015-08-03,11.9035,0.847679
2015-08-04,13.9001,0.713342
2015-08-05,14.4821,0.498246
2015-08-06,14.174,0.350687
2015-08-07,14.8578,0.19915
2015-08-08,13.6092,0.0559
2015-08-09,12.9383,0.00949167
2015-08-10,14.1849,0.00110833
2015-08-11,14.236,2.08333e-05
2015-08-12,12.1991,0
2015-08-13,13.1057,0
2015-08-14,14.657,0
2015-08-15,15.0226,0
2015-08-16,15.2032,0
2015-08-17,15.3606,0
2015-08-18,14.9515,0
2015-08-19,15.5981,0
2015-08-20,15.7323,0
2015-08-21,15.767,0
2015-08-22,16.0916,0
2015-08-23,16.3099,0
2015-08-24,15.4844,0
2015-08-25,15.2731,0
2015-08-26,14.4044,0
2015-08-27,14.3275,0.00150833
2015-08-28,12.3402,0.0266625
2015-08-29,12.2451,0.0055625
2015-08-30,12.682,0.000879167
2015-08-31,12.2879,0.000133333
2015-09-01,11.48,0
2015-09-02,11.0787,0.00320833
2015-09-03,11.3001,0.000691667
2015-09-04,10.3984,0.001
2015-09-05,8.96946,0.00780417
2015-09-06,8.72454,0.008375
2015-09-07,9.83696,0.0180875
2015-09-08,10.9779,0.0103
2015-09-09,12.6002,0.00324167
2015-09-10,13.0793,0.000804167
2015-09-11,12.3864,0.000133333
2015-09-12,11.895,0
2015-09-13,12.058,0
2015-09-14,12.595,0
2015-09-15,11.4075,0.00114583
2015-09-16,10.415,0.0120542
2015-09-17,11.689,0.00434583
2015-09-18,11.5218,0.0019375
2015-09-19,9.65596,0.00111667
2015-09-20,8.842,0.00190833
2015-09-21,9.13217,0.00136667
2015-09-22,9.2135,0.000716667
2015-09-23,10.2118,0.000929167
2015-09-24,10.5236,0.000254167
2015-09-25,8.71079,0.00774583
2015-09-26,7.94838,0.0286042
2015-09-27,8.707,0.0228625
2015-09-28,8.66558,0.0119875
2015-09-29,9.46525,0.0054125
2015-09-30,9.56246,0.00614167
2015-10-01,9.22671,0.0670542
2015-10-02,8.45508,0.208225
2015-10-03,6.93408,0.422058
2015-10-04,7.23046,0.625179
2015-10-05,6.43963,0.654737
2015-10-06,6.01321,0.649213
2015-10-07,5.07404,0.671412
2015-10-08,4.99396,0.71245
2015-10-09,5.10492,0.767383
2015-10-10,5.979,0.731096
2015-10-11,6.02567,0.624258
2015-10-12,5.53079,0.465862
2015-10-13,5.02188,0.379467
2015-10-14,4.52463,0.338383
2015-10-15,4.65167,0.233921
2015-10-16,3.863,0.243533
2015-10-17,4.53583,0.229275
2015-10-18,5.62388,0.141896
2015-10-19,4.97083,0.133783
2015-10-20,4.94054,0.170504
2015-10-21,5.50762,0.333246
2015-10-22,7.55054,0.398762
2015-10-23,6.4155,0.389896
2015-10-24,6.23212,0.411988
2015-10-25,4.72483,0.76935
2015-10-26,4.50183,1.16352
2015-10-27,4.07692,1.50394
2015-10-28,3.86433,1.54828
2015-10-29,3.09546,1.60872
2015-10-30,4.0955,1.64229
2015-10-31,6.80371,1.55726
2015-11-01,6.78704,1.10716
2015-11-02,6.65942,0.877575
2015-11-03,6.36304,0.806596
2015-11-04,4.99204,0.925117
2015-11-05,4.07112,1.12455
2015-11-06,4.96692,1.20087
2015-11-07,6.12954,1.34782
2015-11-08,4.49892,1.5782
2015-11-09,4.88421,1.91113
2015-11-10,4.38742,2.21103
2015-11-11,3.66275,2.50245
2015-11-12,3.46279,2.79052
2015-11-13,3.78487,3.49286
2015-11-14,1.95867,4.51489
2015-11-15,1.53679,5.20455
2015-11-16,0.886375,7.60802
2015-11-17,1.45858,9.0953
2015-11-18,0.353417,8.96106
2015-11-19,-1.65458,10.0092
2015-11-20,-3.90675,10.5068
2015-11-21,-5.00542,11.1424
2015-11-22,-6.16129,11.6507
2015-11-23,-3.51487,12.5207
2015-11-24,0.808792,13.2802
2015-11-25,-0.897958,13.4774
2015-11-26,-1.0245,14.1543
2015-11-27,3.91854,12.1202
2015-11-28,0.990833,11.6331
2015-11-29,0.079875,15.225
2015-11-30,-0.892167,17.1301
2015-12-01,-0.817375,18.732
2015-12-02,1.15575,19.9904
2015-12-03,0.419583,19.575
2015-12-04,1.07042,23.5356
2015-12-05,3.86004,20.819
2015-12-06,3.52596,20.5674
2015-12-07,0.714167,21.2096
2015-12-08,2.71408,21.5486
2015-12-09,3.06358,21.4115
2015-12-10,3.31854,21.6776
2015-12-11,-0.028,23.0701
2015-12-12,-1.45037,24.2242
2015-12-13,-3.27204,24.9997
2015-12-14,-4.65562,26.2915
2015-12-15,-5.07113,27.7202
2015-12-16,-3.33858,28.7815
2015-12-17,0.22425,31.2747
2015-12-18,2.72204,30.6298
2015-12-19,3.63937,28.8662
2015-12-20,5.2335,26.8142
2015-12-21,3.76246,25.957
2015-12-22,2.3825,26.438
2015-12-23,1.7445,27.1745
2015-12-24,3.4855,27.2181
2015-12-25,1.57921,27.9575
2015-12-26,-3.75933,30.3918
2015-12-27,-5.33063,33.1135
2015-12-28,-5.09733,34.494
2015-12-29,-2.91917,34.3298
2015-12-30,0.0275,34.539
2015-12-31,-0.4975,34.7927
2016-01-01,-0.263125,36.2439
2016-01-02,-4.31896,37.7333
2016-01-03,-9.02125,38.3993
2016-01-04,-11.0755,38.7387
2016-01-05,-11.2718,39.2227
2016-01-06,-12.7372,39.4477
2016-01-07,-14.0807,39.715
2016-01-08,-12.7287,40.2985
2016-01-09,-11.514,41.5254
2016-01-10,-7.50121,48.1116
2016-01-11,-5.35225,53.655
2016-01-12,-7.38367,54.4469
2016-01-13,-10.0414,55.606
2016-01-14,-11.8367,56.8054
2016-01-15,-12.2413,58.0507
2016-01-16,-11.5656,60.1198
2016-01-17,-10.6623,61.2922
2016-01-18,-9.08121,63.5991
2016-01-19,-10.3775,65.1345
2016-01-20,-10.8371,66.1866
2016-01-21,-10.2734,67.0249
2016-01-22,-8.50362,67.1839
2016-01-23,-3.72442,69.0073
2016-01-24,-2.15825,68.1101
2016-01-25,-0.688333,66.5019
2016-01-26,0.536667,61.9525
2016-01-27,0.482125,59.6722
2016-01-28,-0.418375,62.9551
2016-01-29,0.975167,60.7041
2016-01-30,-0.584875,59.0619
2016-01-31,-2.42671,62.4593
2016-02-01,-2.53363,65.2973
2016-02-02,-0.819833,67.3671
2016-02-03,-2.82933,68.8968
2016-02-04,-3.71271,71.5996
2016-02-05,-2.89733,73.3614
2016-02-06,0.319375,72.835
2016-02-07,1.09842,70.3142
2016-02-08,0.907917,67.4136
2016-02-09,0.03925,68.4607
2016-02-10,-1.82267,69.2089
2016-02-11,-3.54967,69.7913
2016-02-12,-5.89217,70.3906
2016-02-13,-6.75175,71.6368
2016-02-14,-8.977,71.8496
2016-02-15,-7.18417,72.4356
2016-02-16,-5.55283,73.0989
2016-02-17,-1.164,73.6826
2016-02-18,-4.52308,73.9097
2016-02-19,-3.11112,74.3262
2016-02-20,-1.24238,79.3738
2016-02-21,-1.96462,82.1734
2016-02-22,-3.42383,83.1298
2016-02-23,-3.26325,83.7792
2016-02-24,-3.03321,84.788
2016-02-25,-3.959,85.728
2016-02-26,-3.579,86.8722
2016-02-27,-3.50662,87.5608
2016-02-28,-3.45233,88.0673
2016-02-29,-4.0825,88.3206
2016-03-01,-3.20017,89.1599
2016-03-02,-2.761,94.3657
2016-03-03,-2.40496,99.57
2016-03-04,-1.97258,100.579
2016-03-05,-2.41025,101.568
2016-03-06,-2.54663,102.862
2016-03-07,-2.53717,105.077
2016-03-08,-3.85846,104.541
2016-03-09,-2.52925,102.705
2016-03-10,-1.23183,100.462
2016-03-11,-1.54392,98.0349
2016-03-12,-0.993667,96.1442
2016-03-13,0.771583,94.3782
2016-03-14,2.65537,88.7134
2016-03-15,3.44942,81.9878
2016-03-16,3.14467,77.9847
2016-03-17,2.14517,75.5848
2016-03-18,0.595167,74.4505
2016-03-19,0.653167,74.3328
2016-03-20,1.1775,74.4104
2016-03-21,0.594667,74.6062
2016-03-22,0.617208,74.6768
2016-03-23,0.0774583,74.399
2016-03-24,-0.0880417,74.5536
2016-03-25,1.093,74.9713
2016-03-26,2.27842,74.0003
2016-03-27,3.33837,71.3885
2016-03-28,3.74221,69.1045
2016-03-29,3.12808,67.3375
2016-03-30,1.08592,66.5759
2016-03-31,-0.125083,66.6109
2016-04-01,0.706542,66.7469
2016-04-02,2.17783,67.3513
2016-04-03,3.00929,66.7671
2016-04-04,4.15625,65.4042
2016-04-05,4.33933,63.6311
2016-04-06,3.92537,62.1788
2016-04-07,2.87954,61.7766
2016-04-08,2.31246,61.5338
2016-04-09,2.35571,61.2587
2016-04-10,3.15871,59.8131
2016-04-11,4.16475,58.307
2016-04-12,3.73496,57.1673
2016-04-13,3.35192,56.2791
2016-04-14,2.73192,55.7354
2016-04-15,2.97383,55.6716
2016-04-16,2.95821,55.0507
2016-04-17,2.63962,54.5512
2016-04-18,3.36787,53.7265
2016-04-19,3.69325,53.4386
2016-04-20,3.43604,52.7614
2016-04-21,3.91517,52.4411
2016-04-22,1.82175,52.9173
2016-04-23,0.416333,53.6768
2016-04-24,0.628417,54.1414
2016-04-25,0.686292,53.8932
2016-04-26,1.60213,52.6419
2016-04-27,2.88146,50.9807
2016-04-28,2.85554,49.0125
2016-04-29,3.43188,49.0302
2016-04-30,3.78492,45.9846
2016-05-01,4.45417,43.7392
2016-05-02,5.09879,41.5033
2016-05-03,5.93033,39.3798
2016-05-04,6.30792,37.3564
2016-05-05,7.11496,35.3268
2016-05-06,8.03371,33.4053
2016-05-07,10.5557,31.4761
2016-05-08,12.2627,29.3073
2016-05-09,12.9417,27.3963
2016-05-10,11.2845,25.8676
2016-05-11,9.95829,24.4577
2016-05-12,9.22542,23.3733
2016-05-13,5.20708,23.072
2016-05-14,4.99817,22.8744
2016-05-15,6.01933,22.3244
2016-05-16,6.65358,21.523
2016-05-17,6.67317,21.156
2016-05-18,6.83679,21.0229
2016-05-19,7.92529,20.6838
2016-05-20,8.16204,19.9334
2016-05-21,9.26775,18.7438
2016-05-22,10.7949,17.3896
2016-05-23,10.5575,16.3394
2016-05-24,8.288,15.5505
2016-05-25,9.34667,14.598
2016-05-26,10.2252,13.4282
2016-05-27,12.4343,12.1135
2016-05-28,11.2516,10.9071
2016-05-29,12.152,9.87132
2016-05-30,13.7408,8.91637
2016-05-31,16.0112,8.09876
2016-06-01,16.0778,7.3805
2016-06-02,16.291,6.6984
2016-06-03,16.1843,6.19701
2016-06-04,12.6914,5.90149
2016-06-05,12.6011,5.53864
2016-06-06,13.6089,5.11295
2016-06-07,13.7245,4.81541
2016-06-08,10.1013,4.85596
2016-06-09,8.76763,4.8227
2016-06-10,8.73133,4.58527
2016-06-11,10.6698,4.20774
2016-06-12,11.9093,3.92524
2016-06-13,12.5843,3.73909
2016-06-14,13.01,3.56315
2016-06-15,12.3617,3.32051
2016-06-16,14.8068,3.07523
2016-06-17,13.4696,2.82943
2016-06-18,12.1698,2.59353
2016-06-19,10.5922,2.4361
2016-06-20,10.9452,2.3596
2016-06-21,13.3322,2.20068
2016-06-22,13.365,2.063
2016-06-23,14.0928,1.91884
2016-06-24,14.9318,1.77867
2016-06-25,15.1588,1.62731
2016-06-26,15.231,1.44075
2016-06-27,13.3228,1.15932
2016-06-28,12.8187,0.980033
2016-06-29,12.6927,0.861471
2016-06-30,12.9588,0.666746
2016-07-01,12.5168,0.466287
2016-07-02,12.243,0.282704
2016-07-03,11.4404,0.141075
2016-07-04,12.7313,0.0403583
2016-07-05,12.2349,0.00427083
2016-07-06,11.9735,0.0068625
2016-07-07,11.9931,0.00236667
2016-07-08,13.5995,0.00110417
2016-07-09,13.899,0.0001625
2016-07-10,13.5348,2.08333e-05
2016-07-11,14.589,0
2016-07-12,14.7017,0
2016-07-13,13.8883,0
2016-07-14,13.7908,0
2016-07-15,13.996,0
2016-07-16,13.2523,0
2016-07-17,12.1855,0
2016-07-18,13.0867,0
2016-07-19,13.833,0
2016-07-20,16.9138,0
2016-07-21,18.3421,0
2016-07-22,18.5223,0
2016-07-23,17.0955,0
2016-07-24,17.7201,0
2016-07-25,17.1599,0
2016-07-26,15.4602,0
2016-07-27,14.1085,0
2016-07-28,14.6084,0
2016-07-29,14.0711,0
2016-07-30,14.0002,0
2016-07-31,12.8272,0
2016-08-01,12.4175,0
2016-08-02,12.7743,0
2016-08-03,13.2674,0
2016-08-04,14.128,0
2016-08-05,14.9943,0
2016-08-06,12.9009,0.0026375
2016-08-07,12.8506,0.00140417
2016-08-08,12.4992,0.000354167
2016-08-09,10.4966,0.0155458
2016-08-10,8.60417,0.0299833
2016-08-11,9.35563,0.039575
2016-08-12,10.4576,0.0237208
2016-08-13,11.9562,0.0086875
2016-08-14,12.0708,0.001925
2016-08-15,12.4128,0.000154167
2016-08-16,13.903,0
2016-08-17,14.489,0
2016-08-18,14.7131,0
2016-08-19,14.4258,0.00347083
2016-08-20,14.4262,0.00112917
2016-08-21,14.5958,9.16667e-05
2016-08-22,14.025,0
2016-08-23,14.2042,0
2016-08-24,14.0988,0
2016-08-25,14.4614,0
2016-08-26,14.2695,0.00153333
2016-08-27,12.1416,0.0226958
2016-08-28,11.1445,0.0267667
2016-08-29,10.9263,0.0128417
2016-08-30,11.7625,0.00587083
2016-08-31,13.1955,0.00247083
2016-09-01,12.3262,0.000529167
2016-09-02,11.4689,0.000120833
2016-09-03,11.4773,7.91667e-05
2016-09-04,10.7831,0.00166667
2016-09-05,11.032,0.0146458
2016-09-06,13.1023,0.00870833
2016-09-07,13.1803,0.00645
2016-09-08,14.2091,0.0022875
2016-09-09,14.2089,0.000758333
2016-09-10,13.9268,0.000225
2016-09-11,12.428,3.75e-05
2016-09-12,11.8868,0
2016-09-13,15.1285,0
2016-09-14,15.4077,0
2016-09-15,15.6759,0
2016-09-16,14.1653,0
2016-09-17,13.0571,0
2016-09-18,13.5301,0
2016-09-19,13.2121,0
2016-09-20,13.5555,0
2016-09-21,13.1718,0
2016-09-22,12.2834,0
2016-09-23,10.762,0
2016-09-24,10.4849,0
2016-09-25,12.8529,0
2016-09-26,11.5873,0
2016-09-27,10.7543,0.000266667
2016-09-28,10.3545,0.000920833
2016-09-29,9.99696,0.0508875
2016-09-30,7.76867,0.150504
2016-10-01,7.24342,0.278879
2016-10-02,6.22342,0.348192
2016-10-03,5.99167,0.43785
2016-10-04,5.67075,0.408779
2016-10-05,5.24508,0.342187
2016-10-06,5.93129,0.211496
2016-10-07,7.05596,0.153825
2016-10-08,5.41771,0.124108
2016-10-09,4.25208,0.110121
2016-10-10,4.89696,0.105092
2016-10-11,3.82762,0.0930667
2016-10-12,3.27733,0.0817792
2016-10-13,2.62196,0.0693208
2016-10-14,1.88875,0.0725542
2016-10-15,2.688,0.113833
2016-10-16,3.80696,0.156625
2016-10-17,4.71567,0.181171
2016-10-18,5.34712,0.225846
2016-10-19,5.30913,0.205396
2016-10-20,4.29725,0.188892
2016-10-21,2.83446,0.219475
2016-10-22,1.66383,0.374358
2016-10-23,1.75138,0.799488
2016-10-24,2.80333,1.03366
2016-10-25,2.26712,1.02679
2016-10-26,3.30992,0.949617
2016-10-27,5.37171,0.928612
2016-10-28,4.71417,1.12293
2016-10-29,3.766,1.63519
2016-10-30,3.42654,1.76326
2016-10-31,3.97233,2.0593
2016-11-01,1.81062,3.45721
2016-11-02,-0.0536667,3.89537
2016-11-03,-1.858,4.11513
2016-11-04,-1.87042,5.8405
2016-11-05,-2.06929,14.8256
2016-11-06,-5.27433,18.4287
2016-11-07,-8.21979,18.25
2016-11-08,-7.95233,18.1846
2016-11-09,-6.33688,18.6004
2016-11-10,-6.00054,18.8432
2016-11-11,-6.22113,19.2798
2016-11-12,-3.08038,19.1638
2016-11-13,0.862125,17.8619
2016-11-14,2.17183,15.943
2016-11-15,2.65317,13.6614
2016-11-16,2.08437,12.5799
2016-11-17,0.4875,12.912
2016-11-18,0.256417,15.1707
2016-11-19,0.16575,15.6875
2016-11-20,-0.417417,17.0866
2016-11-21,-1.04583,19.1045
2016-11-22,1.08771,21.107
2016-11-23,1.61742,18.3772
2016-11-24,-0.171917,18.5796
2016-11-25,2.4345,17.9211
2016-11-26,1.81121,14.7865
2016-11-27,-0.980833,15.1454
2016-11-28,-3.06863,15.782
2016-11-29,-1.03629,16.3189
2016-11-30,-0.477083,17.9699
2016-12-01,-0.342625,20.3416
2016-12-02,-1.93342,21.3108
2016-12-03,-2.12592,22.6287
2016-12-04,0.349958,22.6086
2016-12-05,0.434333,21.5722
2016-12-06,-2.53096,21.9646
2016-12-07,1.33333,23.4555
2016-12-08,3.18662,22.6208
2016-12-09,2.01896,21.3582
2016-12-10,0.756875,22.0913
2016-12-11,-1.79608,23.2201
2016-12-12,-3.1635,24.3456
2016-12-13,-0.664,25.5895
2016-12-14,-3.12675,25.9572
2016-12-15,-1.72775,26.157
2016-12-16,-0.171042,26.3991
2016-12-17,-0.161208,26.2155
2016-12-18,-0.108417,26.3325
2016-12-19,2.41958,24.9691
2016-12-20,2.01313,23.4341
2016-12-21,1.75829,22.9686
2016-12-22,1.39942,23.8121
2016-12-23,0.859917,25.889
2016-12-24,0.424625,27.8617
2016-12-25,1.55392,29.2983
2016-12-26,0.8935,30.0244
2016-12-27,-0.0728333,32.1972
2016-12-28,-0.328583,32.6023
2016-12-29,1.21313,32.104
2016-12-30,3.19,31.8914
2016-12-31,2.53579,32.5809
2017-01-01,-1.02587,34.3538
2017-01-02,-4.05421,35.9917
2017-01-03,-3.13933,38.5496
2017-01-04,-6.604,40.3746
2017-01-05,-10.6471,40.5901
2017-01-06,-4.38175,41.9334
2017-01-07,-1.98992,43.0894
2017-01-08,-1.63804,43.1527
2017-01-09,0.3105,42.7019
2017-01-10,0.613292,43.5545
2017-01-11,0.433625,46.3828
2017-01-12,-1.59333,50.8234
2017-01-13,-4.6865,52.6815
2017-01-14,-4.953,55.1691
2017-01-15,-7.35783,56.9109
2017-01-16,-7.16321,57.3708
2017-01-17,-1.96754,58.1025
2017-01-18,0.228792,55.9441
2017-01-19,1.10483,53.3986
2017-01-20,1.44854,52.3664
2017-01-21,0.642375,51.9262
2017-01-22,-0.774,52.3992
2017-01-23,-2.03037,53.2558
2017-01-24,-2.41233,53.579
2017-01-25,1.28404,52.8926
2017-01-26,0.626875,51.5096
2017-01-27,-1.43063,50.9251
2017-01-28,-1.27588,50.7677
2017-01-29,-0.647958,51.8442
2017-01-30,-1.27042,53.214
2017-01-31,-3.58329,53.7391
2017-02-01,-3.19108,54.6457
2017-02-02,-2.14371,56.2634
2017-02-03,-1.95725,56.6848
2017-02-04,-2.76667,57.1248
2017-02-05,-2.91404,58.6309
2017-02-06,-3.92017,59.6094
2017-02-07,-7.732,59.9819
2017-02-08,-9.25567,60.0738
2017-02-09,-7.81138,60.2802
2017-02-10,-6.97296,61.1586
2017-02-11,-6.08008,61.6788
2017-02-12,-4.99204,61.6579
2017-02-13,-2.58521,61.1276
2017-02-14,-1.80496,60.4363
2017-02-15,-2.76421,60.2607
2017-02-16,-0.497458,60.9599
2017-02-17,-1.06117,61.1687
2017-02-18,-1.11317,61.6459
2017-02-19,0.448292,61.2444
2017-02-20,0.362833,61.7631
2017-02-21,-0.969792,62.7304
2017-02-22,-1.10438,67.684
2017-02-23,-4.47483,68.6565
2017-02-24,-5.07192,69.8633
2017-02-25,-4.01037,72.4962
2017-02-26,-1.72025,74.6722
2017-02-27,-0.504667,74.1117
2017-02-28,-0.521708,76.5597
2017-03-01,-1.51104,76.4164
2017-03-02,-2.9555,75.9768
2017-03-03,-2.62529,76.4334
2017-03-04,-3.22096,76.8759
2017-03-05,-4.19546,78.7901
2017-03-06,-5.33004,79.9871
2017-03-07,-7.31942,79.5002
2017-03-08,-5.82433,80.0133
2017-03-09,-1.52992,81.0556
2017-03-10,-0.815083,79.4901
2017-03-11,-0.56075,78.0727
2017-03-12,0.670292,77.5763
2017-03-13,0.718708,76.7405
2017-03-14,1.96575,75.5544
2017-03-15,2.42738,74.6742
2017-03-16,1.78667,74.9265
2017-03-17,0.889875,76.1528
2017-03-18,-1.70379,78.0117
2017-03-19,-1.81467,78.9087
2017-03-20,0.633625,80.571
2017-03-21,0.779167,81.1563
2017-03-22,-0.243375,80.8678
2017-03-23,-0.906125,82.2277
2017-03-24,0.623042,82.9821
2017-03-25,2.82704,82.3719
2017-03-26,4.71037,80.7112
2017-03-27,4.19221,79.7228
2017-03-28,1.87358,79.6218
2017-03-29,0.333083,79.9989
2017-03-30,-0.0560833,81.3542
2017-03-31,1.58033,82.2618
2017-04-01,3.43879,80.9091
2017-04-02,4.05187,78.2985
2017-04-03,4.30663,76.7931
2017-04-04,3.47646,75.2795
2017-04-05,3.16417,75.3054
2017-04-06,2.454,76.053
2017-04-07,4.52871,75.825
2017-04-08,4.41362,75.3277
2017-04-09,4.78238,74.22
2017-04-10,3.82387,74.0034
2017-04-11,2.14533,74.9436
2017-04-12,2.62404,75.2873
2017-04-13,0.756167,75.4976
2017-04-14,-0.343042,75.7338
2017-04-15,-0.734833,75.6609
2017-04-16,-0.192583,75.92
2017-04-17,-0.367042,76.4443
2017-04-18,0.710375,75.3905
2017-04-19,1.87058,74.6052
2017-04-20,3.65871,75.0148
2017-04-21,2.82992,75.8237
2017-04-22,2.14904,77.3735
2017-04-23,1.02692,78.8987
2017-04-24,-0.042875,82.922
2017-04-25,0.376042,82.7774
2017-04-26,1.07942,79.8685
2017-04-27,1.18088,78.4621
2017-04-28,1.62029,77.3136
2017-04-29,3.24404,75.7294
2017-04-30,3.84742,73.8372
2017-05-01,5.39967,73.0359
2017-05-02,6.96454,71.9604
2017-05-03,6.385,69.8512
2017-05-04,6.84217,67.5232
2017-05-05,8.98458,64.4152
2017-05-06,9.40733,62.1649
2017-05-07,5.80554,60.8819
2017-05-08,2.94283,60.4099
2017-05-09,2.45012,60.4016
2017-05-10,1.82687,60.8209
2017-05-11,3.01513,60.3692
2017-05-12,5.0365,58.5653
2017-05-13,6.16192,56.777
2017-05-14,7.52154,54.9667
2017-05-15,7.79042,53.0866
2017-05-16,7.50733,50.8256
2017-05-17,9.83271,48.1973
2017-05-18,10.4381,45.7973
2017-05-19,10.8827,43.5785
2017-05-20,11.293,41.2518
2017-05-21,9.62504,38.9336
2017-05-22,8.66338,37.3291
2017-05-23,9.76221,35.8207
2017-05-24,10.3729,34.4363
2017-05-25,10.0567,33.445
2017-05-26,11.9134,32.3025
2017-05-27,14.1382,30.9813
2017-05-28,12.584,29.5703
2017-05-29,11.7243,28.4523
2017-05-30,9.9485,27.7428
2017-05-31,8.64333,27.3247
2017-06-01,8.01913,26.9132
2017-06-02,8.08542,26.0468
2017-06-03,9.62229,24.8635
2017-06-04,9.87958,23.6348
2017-06-05,10.2928,22.4834
2017-06-06,11.8935,21.1189
2017-06-07,11.7217,19.2316
2017-06-08,11.2668,17.314
2017-06-09,11.847,15.7708
2017-06-10,12.8996,14.4614
2017-06-11,12.2522,13.3092
2017-06-12,12.0836,12.1461
2017-06-13,12.352,11.1281
2017-06-14,12.9535,10.2446
2017-06-15,13.8555,9.49486
2017-06-16,12.75,8.89142
2017-06-17,13.5696,8.38157
2017-06-18,13.807,7.85729
2017-06-19,11.8036,7.33443
2017-06-20,10.3254,6.91325
2017-06-21,10.6554,6.65296
2017-06-22,11.4432,6.38684
2017-06-23,12.4412,6.07232
2017-06-24,11.872,5.77345
2017-06-25,10.3283,5.53286
2017-06-26,10.517,5.31592
2017-06-27,10.0873,5.11115
2017-06-28,12.2901,4.9116
2017-06-29,13.4025,4.61245
2017-06-30,14.8876,4.23947
2017-07-01,15.0747,3.88177
2017-07-02,13.2417,3.53069
2017-07-03,11.5216,3.23082
2017-07-04,11.5246,3.04903
2017-07-05,11.2144,2.86737
2017-07-06,11.6549,2.68861
2017-07-07,12.9632,2.51055
2017-07-08,13.2155,2.35028
2017-07-09,13.2345,2.13969
2017-07-10,12.7898,1.96541
2017-07-11,12.4565,1.82832
2017-07-12,11.3182,1.68154
2017-07-13,11.3923,1.4158
2017-07-14,12.2219,1.3513
2017-07-15,13.5444,1.25568
2017-07-16,13.0404,1.09137
2017-07-17,11.4865,0.948742
2017-07-18,12.726,0.820075
2017-07-19,13.4935,0.711433
2017-07-20,15.3143,0.601192
2017-07-21,14.8163,0.422162
2017-07-22,15.8099,0.207108
2017-07-23,16.5602,0.0421125
2017-07-24,15.1648,0.00402083
2017-07-25,15.9695,0.000591667
2017-07-26,15.7579,3.75e-05
2017-07-27,14.8207,0
2017-07-28,14.3623,0
2017-07-29,13.9873,0
2017-07-30,13.5816,0
2017-07-31,13.521,0
2017-08-01,13.9112,0
2017-08-02,13.084,0
2017-08-03,13.2154,0
2017-08-04,13.7921,0
2017-08-05,14.115,0
2017-08-06,13.1933,0
2017-08-07,12.3514,0
2017-08-08,13.0994,0
2017-08-09,13.278,0
2017-08-10,13.7711,0
2017-08-11,13.5177,0
2017-08-12,12.9996,0
2017-08-13,10.7839,0.000295833
2017-08-14,11.2376,9.58333e-05
2017-08-15,12.4945,0
2017-08-16,13.4227,0
2017-08-17,13.178,0
2017-08-18,14.1949,0
2017-08-19,12.6962,0
2017-08-20,12.0053,0
2017-08-21,11.9688,0
2017-08-22,11.1928,0
2017-08-23,11.3883,0
2017-08-24,11.1952,0
2017-08-25,11.2703,0.0025875
2017-08-26,11.023,0.0226375
2017-08-27,11.675,0.00659583
2017-08-28,12.8903,0.00171667
2017-08-29,12.8751,0.0002875
2017-08-30,11.2058,4.58333e-05
2017-08-31,10.8756,0
2017-09-01,10.718,0
2017-09-02,11.0737,0
2017-09-03,11.3936,0
2017-09-04,10.6828,0
2017-09-05,11.2476,0
2017-09-06,11.5648,0
2017-09-07,10.3595,0
2017-09-08,9.74929,0
2017-09-09,10.4091,0.00205417
2017-09-10,10.3371,0.000945833
2017-09-11,11.143,0.000745833
2017-09-12,11.0917,0.00394167
2017-09-13,10.0592,0.00227917
2017-09-14,9.81937,0.00114583
2017-09-15,10.0704,0.01985
2017-09-16,9.9895,0.0173625
2017-09-17,9.4495,0.00950833
2017-09-18,9.92988,0.00472083
2017-09-19,8.94179,0.004225
2017-09-20,7.66779,0.179738
2017-09-21,7.73617,0.150029
2017-09-22,9.81562,0.0700542
2017-09-23,10.4485,0.0262667
2017-09-24,11.3891,0.008025
2017-09-25,11.7408,0.00225417
2017-09-26,10.718,0.000595833
2017-09-27,11.151,0.0001
2017-09-28,10.6924,0
2017-09-29,9.85125,0
2017-09-30,9.53079,0
2017-10-01,9.42512,0.016775
2017-10-02,9.81692,0.0119083
2017-10-03,9.0595,0.0239875
2017-10-04,6.53404,0.132567
2017-10-05,6.36412,0.167746
2017-10-06,6.8465,0.169837
2017-10-07,5.26067,0.342933
2017-10-08,5.48467,0.365137
2017-10-09,4.57254,0.305408
2017-10-10,3.99196,0.337879
2017-10-11,4.94396,0.576133
2017-10-12,5.67875,0.873837
2017-10-13,6.18704,0.747212
2017-10-14,7.79512,0.630154
2017-10-15,8.23567,0.502837
2017-10-16,7.80192,0.624188
2017-10-17,7.59183,1.0551
2017-10-18,4.80475,1.27626
2017-10-19,3.47958,1.38269
2017-10-20,4.62442,1.45138
2017-10-21,5.22846,1.58629
2017-10-22,3.88371,1.808
2017-10-23,2.03154,1.9632
2017-10-24,2.72071,4.43897
2017-10-25,3.31212,9.25593
2017-10-26,3.665,8.34509
2017-10-27,3.61517,7.4112
2017-10-28,3.93142,6.23662
2017-10-29,1.83379,6.70755
2017-10-30,0.0698333,7.68987
2017-10-31,1.70742,8.12862
2017-11-01,4.09458,7.31917
2017-11-02,2.84383,6.95831
2017-11-03,2.58438,6.88472
2017-11-04,4.01896,6.48331
2017-11-05,3.65017,7.10717
2017-11-06,1.40913,7.91622
2017-11-07,2.73008,8.29764
2017-11-08,3.45675,8.32772
2017-11-09,4.00008,8.46907
2017-11-10,1.22225,10.2247
2017-11-11,-0.784792,12.4461
2017-11-12,-0.183167,13.332
2017-11-13,-0.9755,13.9578
2017-11-14,-0.476792,15.6817
2017-11-15,0.900583,16.4052
2017-11-16,1.13575,16.6341
2017-11-17,1.32033,17.5682
2017-11-18,-0.348542,19.3651
2017-11-19,-3.40854,20.4368
2017-11-20,-4.26221,20.8159
2017-11-21,-6.545,21.1394
2017-11-22,-4.21675,27.7009
2017-11-23,2.047,26.5287
2017-11-24,0.379708,23.1159
2017-11-25,-0.187292,24.5311
2017-11-26,-0.565833,26.6515
2017-11-27,-3.73308,28.284
2017-11-28,-3.94925,32.4817
2017-11-29,-5.55063,33.7224
2017-11-30,-5.49433,34.3976
2017-12-01,-6.0115,34.8521
2017-12-02,-2.26054,35.696
2017-12-03,-1.28662,36.0931
2017-12-04,-2.86421,37.7696
2017-12-05,-0.741167,39.3098
2017-12-06,-0.9405,41.0778
2017-12-07,1.53233,38.5666
2017-12-08,0.366583,35.4752
2017-12-09,-1.44533,37.7655
2017-12-10,-5.08338,39.1585
2017-12-11,-5.86833,41.1128
2017-12-12,-7.69237,41.7899
2017-12-13,-5.00308,43.8261
2017-12-14,-5.07367,47.0532
2017-12-15,-6.95962,47.6198
2017-12-16,-6.30358,48.7353
2017-12-17,-6.15575,50.1477
2017-12-18,-2.57567,50.6879
2017-12-19,-0.960208,50.0402
2017-12-20,1.05787,46.1545
2017-12-21,-0.845583,45.6281
2017-12-22,0.0415417,47.6234
2017-12-23,1.30971,47.101
2017-12-24,-0.62725,48.0009
2017-12-25,-1.03012,50.1099
2017-12-26,-1.59113,57.6645
2017-12-27,-2.17092,61.4502
2017-12-28,-3.54508,65.4067
2017-12-29,-5.05779,68.032
2017-12-30,-6.49946,69.4455
2017-12-31,-5.06954,71.5382
2018-01-01,-0.636083,73.2455
2018-01-02,-3.24883,73.1566
2018-01-03,-3.62625,75.6288
2018-01-04,-2.86954,79.6777
2018-01-05,-5.73113,81.7218
2018-01-06,-7.747,82.784
2018-01-07,-6.48642,84.934
2018-01-08,-3.82804,86.2942
2018-01-09,-6.22438,86.1683
2018-01-10,-6.32325,86.6622
2018-01-11,-3.92413,89.7
2018-01-12,-5.27821,90.6224
2018-01-13,-6.78921,91.0734
2018-01-14,-5.96904,91.4945
2018-01-15,-2.95017,94.879
2018-01-16,-2.56,106.477
2018-01-17,-5.60442,109.406
2018-01-18,-7.90029,110.422
2018-01-19,-7.6365,112.003
2018-01-20,-6.8875,114.717
2018-01-21,-8.3365,116.225
2018-01-22,-8.17054,116.874
2018-01-23,-3.44633,120.332
2018-01-24,-0.918,120.495
2018-01-25,-0.179208,107.729
2018-01-26,-2.67963,106.863
2018-01-27,-5.64121,108.259
2018-01-28,-2.46258,112.216
2018-01-29,-3.89258,113.778
2018-01-30,-4.06371,116.214
2018-01-31,-1.61879,119.975
2018-02-01,-3.67225,124.34
2018-02-02,-10.0397,124.806
2018-02-03,-10.9802,124.756
2018-02-04,-10.9537,124.785
2018-02-05,-8.29158,124.943
2018-02-06,-7.83833,125.024
2018-02-07,-8.42504,125.89
2018-02-08,-4.46163,127.184
2018-02-09,-1.84592,130.714
2018-02-10,-2.62771,134.517
2018-02-11,-3.68583,138.296
2018-02-12,-4.34967,145.292
2018-02-13,-5.39096,146.702
2018-02-14,-1.88475,146.285
2018-02-15,-2.63075,146.844
2018-02-16,-3.49471,149.901
2018-02-17,-4.69642,150.279
2018-02-18,-4.06446,150.948
2018-02-19,-5.59833,151.455
2018-02-20,-7.12171,151.886
2018-02-21,-5.70063,152.937
2018-02-22,-6.74438,153.086
2018-02-23,-6.13704,153.102
2018-02-24,-6.35729,153.855
2018-02-25,-8.55954,156.102
2018-02-26,-11.0114,156.85
2018-02-27,-12.1918,156.724
2018-02-28,-13.5009,156.716
2018-03-01,-13.0118,157.074
2018-03-02,-9.93442,157.213
2018-03-03,-7.52508,157.912
2018-03-04,-7.41908,158.78
2018-03-05,-7.7455,159.437
2018-03-06,-7.11887,160.631
2018-03-07,-5.04154,161.418
2018-03-08,-4.88113,162.685
2018-03-09,-5.73358,163.647
2018-03-10,-5.36592,163.876
2018-03-11,-4.88746,165.294
2018-03-12,-3.2165,172.194
2018-03-13,-4.48146,171.893
2018-03-14,-5.48258,170.671
2018-03-15,-6.16846,170.142
2018-03-16,-9.57646,169.705
2018-03-17,-9.87533,169.399
2018-03-18,-6.96875,170.206
2018-03-19,-2.75329,171.743
2018-03-20,-2.61837,170.525
2018-03-21,-1.011,170.392
2018-03-22,-1.42063,168.657
2018-03-23,-1.17246,165.891
2018-03-24,-0.251583,161.557
2018-03-25,-1.31138,156.566
2018-03-26,-3.56633,154.724
2018-03-27,-5.24058,154.979
2018-03-28,-5.11717,154.637
2018-03-29,-4.55662,154.214
2018-03-30,-3.91321,153.823
2018-03-31,-3.76683,153.611
2018-04-01,-3.99479,153.262
2018-04-02,-3.63346,152.903
2018-04-03,-2.79825,153.604
2018-04-04,-0.413875,159.662
2018-04-05,-0.219333,161.256
2018-04-06,0.00133333,160.127
2018-04-07,0.594542,157.174
2018-04-08,1.38333,154.861
2018-04-09,0.482417,153.411
2018-04-10,0.205,149.437
2018-04-11,0.627958,144.091
2018-04-12,1.19496,137.735
2018-04-13,2.19762,129.512
2018-04-14,4.16887,118.917
2018-04-15,5.063,107.616
2018-04-16,4.73658,100.303
2018-04-17,5.05429,94.029
2018-04-18,5.42029,86.9069
2018-04-19,6.67183,80.0813
2018-04-20,5.8245,74.3696
2018-04-21,4.67625,70.0791
2018-04-22,4.94371,65.9899
2018-04-23,4.50312,62.3232
2018-04-24,4.23967,59.1655
2018-04-25,4.19904,56.2565
2018-04-26,4.55367,53.5876
2018-04-27,4.67458,51.2004
2018-04-28,4.12488,49.2154
2018-04-29,4.49342,47.3014
2018-04-30,4.34508,45.3234
2018-05-01,3.71354,43.7146
2018-05-02,5.47858,40.7238
2018-05-03,4.91587,37.1998
2018-05-04,5.78921,34.4722
2018-05-05,9.03763,31.735
2018-05-06,9.08679,28.8984
2018-05-07,9.35825,26.9972
2018-05-08,11.0242,24.8611
2018-05-09,12.3274,21.486
2018-05-10,12.0792,18.3358
2018-05-11,10.53,16.1584
2018-05-12,10.9305,14.5051
2018-05-13,13.3712,12.9065
2018-05-14,15.4138,11.3008
2018-05-15,15.6449,9.76749
2018-05-16,12.7457,8.70207
2018-05-17,8.70192,8.03955
2018-05-18,10.0501,7.3971
2018-05-19,11.2959,6.7399
2018-05-20,11.8377,6.15699
2018-05-21,12.7877,5.49
2018-05-22,12.2762,5.03306
2018-05-23,12.596,4.64966
2018-05-24,14.1817,4.21698
2018-05-25,16.107,3.75939
2018-05-26,15.2557,3.42955
2018-05-27,16.6608,3.14479
2018-05-28,16.0927,2.76575
2018-05-29,16.5204,2.4431
2018-05-30,17.9215,2.19769
2018-05-31,18.2821,1.84298
2018-06-01,17.5637,1.55619
2018-06-02,17.541,1.38218
2018-06-03,16.8928,1.24624
2018-06-04,12.5735,1.41127
2018-06-05,9.7235,1.61323
2018-06-06,11.2901,1.62355
2018-06-07,13.7803,1.72581
2018-06-08,14.6057,1.56318
2018-06-09,15.2946,1.38245
2018-06-10,14.6408,1.24046
2018-06-11,11.8727,1.12915
2018-06-12,11.8835,1.05865
2018-06-13,11.7637,0.958083
2018-06-14,12.0795,0.795058
2018-06-15,11.6257,0.541612
2018-06-16,11.8755,0.3562
2018-06-17,12.2454,0.206317
2018-06-18,12.2082,0.0646542
2018-06-19,11.0474,0.0313625
2018-06-20,9.384,0.0282625
2018-06-21,8.71683,0.0293583
2018-06-22,9.23533,0.0458542
2018-06-23,11.0869,0.0267625
2018-06-24,12.4915,0.0136958
2018-06-25,14.9429,0.00306667
2018-06-26,15.5037,0.0004125
2018-06-27,15.5595,0.00102083
2018-06-28,14.8533,0.000795833
2018-06-29,12.1036,0.000666667
2018-06-30,13.1731,0.0028125
2018-07-01,16.3618,0.000529167
2018-07-02,17.0315,0
2018-07-03,16.6264,0
2018-07-04,16.3431,0
2018-07-05,15.9541,0
2018-07-06,14.6964,0
2018-07-07,14.2669,0
2018-07-08,15.4041,0
2018-07-09,13.6282,0
2018-07-10,17.8431,0
2018-07-11,19.2962,0
2018-07-12,17.4071,0
2018-07-13,16.7482,0
2018-07-14,15.8916,0
2018-07-15,17.0295,0
2018-07-16,18.5236,0
2018-07-17,20.2221,0
2018-07-18,18.8059,0
2018-07-19,17.5457,0
2018-07-20,17.3509,0
2018-07-21,17.035,0
2018-07-22,16.9995,0
2018-07-23,17.5699,0
2018-07-24,18.6433,0
2018-07-25,17.5503,0
2018-07-26,18.3592,0
2018-07-27,21.294,0
2018-07-28,20.8076,0
2018-07-29,18.703,0
2018-07-30,18.8345,0
2018-07-31,20.0792,0
2018-08-01,17.8423,0
2018-08-02,16.6684,0
2018-08-03,16.4835,0
2018-08-04,16.3573,0
2018-08-05,13.9533,0
2018-08-06,12.8041,0
2018-08-07,15.4701,0
2018-08-08,16.6611,0
2018-08-09,15.664,0
2018-08-10,13.701,0.00025
2018-08-11,12.378,0.000279167
2018-08-12,11.2788,2.91667e-05
2018-08-13,12.678,0
2018-08-14,13.4693,0
2018-08-15,14.135,0
2018-08-16,15.1541,0
2018-08-17,13.665,0
2018-08-18,12.7511,0
2018-08-19,12.2436,0
2018-08-20,10.7748,0
2018-08-21,11.2961,0
2018-08-22,13.121,0
2018-08-23,12.5248,0
2018-08-24,11.2096,0.00679583
2018-08-25,10.1447,0.03225
2018-08-26,10.4672,0.0100833
2018-08-27,10.5013,0.00395417
2018-08-28,12.1413,0.000916667
2018-08-29,12.6645,6.66667e-05
2018-08-30,12.1068,0
2018-08-31,11.4914,0
2018-09-01,12.1262,0
2018-09-02,12.8507,0
2018-09-03,13.0297,0
2018-09-04,13.0154,0
2018-09-05,13.1663,0
2018-09-06,13.2733,0
2018-09-07,13.6722,0
2018-09-08,12.8425,0
2018-09-09,12.5986,0
2018-09-10,12.6014,0
2018-09-11,10.9917,0
2018-09-12,9.99883,0.0164167
2018-09-13,9.69587,0.0234833
2018-09-14,9.55642,0.0146542
2018-09-15,8.57929,0.0474792
2018-09-16,8.50783,0.0758375
2018-09-17,9.71642,0.0592375
2018-09-18,13.064,0.0277292
2018-09-19,13.2606,0.00950417
2018-09-20,10.2273,0.00256667
2018-09-21,9.07417,0.137942
2018-09-22,8.4945,0.197725
2018-09-23,6.59892,0.458421
2018-09-24,4.62917,1.08297
2018-09-25,6.22258,1.26293
2018-09-26,8.81579,1.23778
2018-09-27,5.91192,1.59783
2018-09-28,4.49,2.03132
2018-09-29,5.95613,2.24319
2018-09-30,6.588,2.32595
2018-10-01,5.06421,2.35586
2018-10-02,3.48092,2.6493
2018-10-03,3.97346,2.73721
2018-10-04,5.09283,2.96095
2018-10-05,5.94554,3.03733
2018-10-06,4.24287,3.28949
2018-10-07,3.63913,3.57612
2018-10-08,7.04546,3.73833
2018-10-09,8.8855,3.61776
2018-10-10,9.21029,3.4219
2018-10-11,8.77883,3.21699
2018-10-12,9.23129,2.8946
2018-10-13,12.1365,2.4541
2018-10-14,11.6796,2.0224
2018-10-15,7.92713,1.76577
2018-10-16,5.99058,1.74755
2018-10-17,8.31113,1.70247
2018-10-18,5.39771,1.76288
2018-10-19,5.04704,1.89922
2018-10-20,5.67446,1.96445
2018-10-21,7.51871,2.03699
2018-10-22,5.04612,2.68554
2018-10-23,4.51467,3.71543
2018-10-24,2.52517,4.53622
2018-10-25,2.79279,5.15669
2018-10-26,0.680708,5.4071
2018-10-27,-0.967083,5.5659
2018-10-28,-2.36796,5.66994
2018-10-29,-2.20312,6.08041
2018-10-30,-0.164292,9.87958
2018-10-31,2.55542,10.8376
2018-11-01,2.98892,9.50463
2018-11-02,3.18375,8.69083
2018-11-03,2.54363,8.7832
2018-11-04,5.2875,7.48654
2018-11-05,4.93183,6.6013
2018-11-06,4.834,6.22713
2018-11-07,5.04538,6.02853
2018-11-08,4.84733,5.91809
2018-11-09,4.51975,5.89188
2018-11-10,5.03271,6.021
2018-11-11,5.97679,6.18942
2018-11-12,5.80383,6.24396
2018-11-13,4.87542,6.37986
2018-11-14,4.11133,6.4599
2018-11-15,6.85479,6.39017
2018-11-16,5.66887,5.8708
2018-11-17,4.54379,5.33037
2018-11-18,2.09083,5.23631
2018-11-19,-0.262458,5.26121
2018-11-20,-1.53221,5.30089
2018-11-21,-0.922708,5.4025
2018-11-22,-2.35321,5.48135
2018-11-23,-3.56287,5.83891
2018-11-24,-3.14862,6.4381
2018-11-25,-3.90875,6.95277
2018-11-26,-4.55887,7.65105
2018-11-27,-4.87937,7.95077
2018-11-28,-4.35963,8.65032
2018-11-29,0.931917,11.6411
2018-11-30,3.46704,10.7569
2018-12-01,2.79862,9.62238
2018-12-02,1.67125,10.2376
2018-12-03,1.75492,12.8059
2018-12-04,-0.432083,14.9831
2018-12-05,-2.96754,16.3522
2018-12-06,-2.39204,18.0989
2018-12-07,-2.00954,22.151
2018-12-08,-2.90429,28.897
2018-12-09,-2.46846,31.5627
2018-12-10,-0.622792,31.9389
2018-12-11,-2.99804,31.1897
2018-12-12,-7.49025,31.3866
2018-12-13,-7.73846,31.3938
2018-12-14,-8.94642,31.0845
2018-12-15,-8.38833,31.4143
2018-12-16,-4.24054,32.6247
2018-12-17,-5.55354,33.9994
2018-12-18,-7.28842,34.4685
2018-12-19,-2.88196,35.4887
2018-12-20,-1.29917,37.9015
2018-12-21,-3.81496,40.1222
2018-12-22,-6.72887,41.2391
2018-12-23,-7.50721,42.0619
2018-12-24,-5.31692,43.8337
2018-12-25,0.376292,42.8328
2018-12-26,0.284542,42.03
2018-12-27,0.255708,41.37
2018-12-28,-1.35754,41.2686
2018-12-29,-2.112,41.8812
2018-12-30,-2.40254,43.4688
2018-12-31,0.978833,45.3889
2019-01-01,0.347667,39.4436
2019-01-02,-2.54071,38.0966
2019-01-03,-1.225,38.6382
2019-01-04,1.80521,37.7611
2019-01-05,1.57225,35.0449
2019-01-06,0.315042,34.3052
2019-01-07,-1.41708,36.0677
2019-01-08,-1.17158,40.7094
2019-01-09,-2.78296,41.4956
2019-01-10,-1.04313,42.8145
2019-01-11,-1.20704,43.4657
2019-01-12,-3.84762,45.4546
2019-01-13,-3.54321,47.6791
2019-01-14,-3.95021,49.93
2019-01-15,-5.1315,51.355
2019-01-16,-5.502,54.4697
2019-01-17,-7.22946,56.4594
2019-01-18,-6.06496,58.4325
2019-01-19,-4.69946,60.9569
2019-01-20,-7.45788,62.2467
2019-01-21,-6.92329,64.3743
2019-01-22,-7.3695,65.1241
2019-01-23,-6.03021,65.9239
2019-01-24,-5.50263,67.1209
2019-01-25,-6.34604,69.5279
2019-01-26,-7.78142,72.8148
2019-01-27,-8.63175,75.8793
2019-01-28,-8.63037,80.285
2019-01-29,-11.0819,81.7874
2019-01-30,-10.0097,82.1646
2019-01-31,-8.17867,82.9346
2019-02-01,-5.73238,87.0494
2019-02-02,-7.1545,90.6335
2019-02-03,-8.94067,91.7424
2019-02-04,-8.66504,92.942
2019-02-05,-6.68888,95.95
2019-02-06,-6.14004,97.3791
2019-02-07,-3.70837,98.0538
2019-02-08,-3.12096,100.786
2019-02-09,-1.00487,99.5762
2019-02-10,-1.74442,98.9707
2019-02-11,-3.31988,100.209
2019-02-12,-3.00671,102.576
2019-02-13,0.245917,97.4589
2019-02-14,1.07462,91.4582
2019-02-15,1.4375,86.7944
2019-02-16,0.195708,85.0714
2019-02-17,-0.290583,84.6866
2019-02-18,1.38196,81.6727
2019-02-19,0.631042,79.2872
2019-02-20,-1.61075,79.5389
2019-02-21,-1.42525,84.1358
2019-02-22,-0.2945,84.91
2019-02-23,1.87088,83.034
2019-02-24,1.85475,79.7634
2019-02-25,1.30808,78.1422
2019-02-26,2.58433,76.3365
2019-02-27,1.35496,75.074
2019-02-28,-0.75725,74.5174
2019-03-01,-2.03908,74.7307
2019-03-02,-2.17583,76.414
2019-03-03,-0.601917,78.5964
2019-03-04,-1.87579,79.926
2019-03-05,-4.57775,81.7801
2019-03-06,-3.09304,84.2276
2019-03-07,-1.46517,90.3962
2019-03-08,-2.81817,95.8476
2019-03-09,-4.56075,98.9181
2019-03-10,-6.12679,99.9671
2019-03-11,-6.07554,99.7481
2019-03-12,-4.80725,101.551
2019-03-13,-2.01063,110.012
2019-03-14,-3.28192,110.989
2019-03-15,-2.46988,111.541
2019-03-16,-2.38183,111.371
2019-03-17,-1.31412,117.094
2019-03-18,-1.44092,117.892
2019-03-19,-1.43417,114.203
2019-03-20,1.56838,108.928
2019-03-21,1.783,102.145
2019-03-22,1.31829,98.2661
2019-03-23,2.05867,92.0421
2019-03-24,0.918333,91.3972
2019-03-25,-0.192792,91.2087
2019-03-26,-0.290833,90.4164
2019-03-27,2.23921,86.9749
2019-03-28,3.78604,81.3767
2019-03-29,3.59342,76.6083
2019-03-30,2.05446,75.3937
2019-03-31,-0.820792,76.9595
2019-04-01,-0.566708,77.3745
2019-04-02,1.08825,76.8164
2019-04-03,1.83437,75.8132
2019-04-04,3.35546,74.2691
2019-04-05,3.15167,72.2594
2019-04-06,3.17592,70.8077
2019-04-07,1.97287,69.4211
2019-04-08,0.453125,68.4205
2019-04-09,-0.636583,67.8857
2019-04-10,-0.931542,67.5671
2019-04-11,-0.2475,67.3091
2019-04-12,0.97225,66.7893
2019-04-13,2.01546,65.6169
2019-04-14,2.79267,63.8697
2019-04-15,3.67721,61.9947
2019-04-16,3.66821,60.0781
2019-04-17,4.76021,57.952
2019-04-18,6.71454,55.5212
2019-04-19,7.96288,53.0716
2019-04-20,8.24521,49.9907
2019-04-21,7.98717,46.7446
2019-04-22,9.18762,44.0793
2019-04-23,9.03142,40.8885
2019-04-24,8.98638,38.1265
2019-04-25,9.71704,35.5025
2019-04-26,10.61,33.0666
2019-04-27,9.56463,30.9041
2019-04-28,10.3995,28.7263
2019-04-29,11.648,26.8144
2019-04-30,10.3876,25.5811
2019-05-01,7.61375,25.3235
2019-05-02,2.88604,26.1025
2019-05-03,1.20963,27.1625
2019-05-04,2.30079,27.8726
2019-05-05,2.46663,28.7047
2019-05-06,1.58617,29.3629
2019-05-07,2.45571,28.7595
2019-05-08,2.96583,27.7608
2019-05-09,4.10608,27.2235
2019-05-10,6.04629,25.9642
2019-05-11,5.58217,24.9482
2019-05-12,4.1645,24.6741
2019-05-13,5.03988,25.0234
2019-05-14,7.05975,24.569
2019-05-15,9.59983,23.6106
2019-05-16,11.479,22.6008
2019-05-17,12.1358,21.3757
2019-05-18,10.9762,19.9579
2019-05-19,12.3184,18.7259
2019-05-20,12.3782,17.4484
2019-05-21,14.6949,16.2571
2019-05-22,13.2015,15.1432
2019-05-23,9.45496,14.127
2019-05-24,8.75267,13.3436
2019-05-25,9.24521,12.6424
2019-05-26,7.45713,12.3509
2019-05-27,6.80737,11.9346
2019-05-28,6.50317,11.607
2019-05-29,6.06342,11.7903
2019-05-30,6.40396,11.5799
2019-05-31,7.97596,11.3023
2019-06-01,8.59221,11.0928
2019-06-02,10.069,10.7298
2019-06-03,11.5345,10.0879
2019-06-04,11.1704,9.52062
2019-06-05,11.6099,9.0027
2019-06-06,16.1484,8.17037
2019-06-07,13.6207,7.32217
2019-06-08,12.5037,6.80197
2019-06-09,11.3852,6.34143
2019-06-10,10.6577,6.13888
2019-06-11,12.1455,5.85713
2019-06-12,10.381,5.44339
2019-06-13,11.1388,5.10185
2019-06-14,13.1613,4.73178
2019-06-15,15.6236,4.33439
2019-06-16,14.4556,3.98703
2019-06-17,12.9352,3.70718
2019-06-18,12.5962,3.48908
2019-06-19,13.0533,3.30229
2019-06-20,13.6213,3.11375
2019-06-21,11.5757,2.90503
2019-06-22,10.9548,2.77753
2019-06-23,11.4854,2.62848
2019-06-24,13.319,2.5166
2019-06-25,13.0624,2.42595
2019-06-26,13.5829,2.33948
2019-06-27,12.6108,2.20429
2019-06-28,13.6102,2.07428
2019-06-29,14.838,1.87669
2019-06-30,14.7639,1.78622
2019-07-01,12.4207,1.71663
2019-07-02,9.63917,1.68575
2019-07-03,9.06792,1.62017
2019-07-04,9.33625,1.57665
2019-07-05,10.9585,1.37498
2019-07-06,10.9233,1.18383
2019-07-07,11.7871,1.0308
2019-07-08,12.367,0.827521
2019-07-09,13.7472,0.6112
2019-07-10,15.238,0.416637
2019-07-11,15.7752,0.270779
2019-07-12,15.6533,0.141187
2019-07-13,15.4802,0.0362292
2019-07-14,14.0258,0.00459167
2019-07-15,12.8526,0.000395833
2019-07-16,13.2734,8.33333e-06
2019-07-17,14.1248,0
2019-07-18,14.6085,0
2019-07-19,14.8018,0
2019-07-20,15.1848,0
2019-07-21,14.9805,0
2019-07-22,14.7359,0
2019-07-23,17.5847,0
2019-07-24,18.9309,0
2019-07-25,19.6112,0
2019-07-26,21.6617,0
2019-07-27,21.2745,0
2019-07-28,21.2049,0
2019-07-29,20.2881,0
2019-07-30,14.4536,0
2019-07-31,12.6133,0
2019-08-01,15.3016,0
2019-08-02,16.3023,0
2019-08-03,15.8595,0
2019-08-04,14.7473,0
2019-08-05,14.0017,0
2019-08-06,14.0313,0
2019-08-07,14.3813,0
2019-08-08,14.3797,0
2019-08-09,15.2784,0
2019-08-10,14.9815,0
2019-08-11,15.7235,0
2019-08-12,14.424,0
2019-08-13,12.4241,0.00141667
2019-08-14,11.6003,0.00045
2019-08-15,12.3603,7.5e-05
2019-08-16,13.2549,0
2019-08-17,13.4311,0
2019-08-18,13.3914,0
2019-08-19,13.072,0
2019-08-20,12.7635,0
2019-08-21,12.2286,0
2019-08-22,11.5613,0
2019-08-23,13.5282,0.00317917
2019-08-24,14.2857,0.00110417
2019-08-25,15.2785,0.000133333
2019-08-26,16.3256,0
2019-08-27,17.4384,0
2019-08-28,16.9953,0
2019-08-29,15.3621,0
2019-08-30,13.9471,0
2019-08-31,14.8032,0
2019-09-01,13.0905,0
2019-09-02,10.3632,0.000770833
2019-09-03,10.6807,0.0077875
2019-09-04,9.91254,0.0104125
2019-09-05,8.90442,0.193917
2019-09-06,8.60021,0.185963
2019-09-07,9.20917,0.0983833
2019-09-08,9.62346,0.032375
2019-09-09,11.1375,0.00919583
2019-09-10,12.3861,0.00226667
2019-09-11,11.7185,0.0016875
2019-09-12,10.7035,0.00104583
2019-09-13,9.24529,0.0095375
2019-09-14,8.79646,0.0571708
2019-09-15,9.40317,0.137438
2019-09-16,7.89808,0.217033
2019-09-17,6.77342,0.321367
2019-09-18,6.95183,0.388117
2019-09-19,5.86625,0.5382
2019-09-20,8.62504,0.565142
2019-09-21,10.5922,0.42295
2019-09-22,10.7036,0.375862
2019-09-23,8.83842,0.293075
2019-09-24,8.83975,0.217592
2019-09-25,8.73992,0.154196
2019-09-26,8.81583,0.0803792
2019-09-27,9.02633,0.0634458
2019-09-28,9.45792,0.0717917
2019-09-29,8.61913,0.0890458
2019-09-30,5.24675,0.422579
2019-10-01,5.1915,1.15138
2019-10-02,5.62242,1.39957
2019-10-03,3.58667,1.26521
2019-10-04,1.98817,1.67011
2019-10-05,2.06658,1.48701
2019-10-06,1.96817,1.2265
2019-10-07,2.49062,1.05182
2019-10-08,2.86825,1.81935
2019-10-09,3.868,2.33419
2019-10-10,4.95171,2.14525
2019-10-11,4.81604,1.95489
2019-10-12,4.90187,1.85844
2019-10-13,4.58237,1.67882
2019-10-14,4.51617,1.55958
2019-10-15,3.77192,1.90515
2019-10-16,3.91404,2.70373
2019-10-17,4.46092,2.71864
2019-10-18,5.30379,2.50252
2019-10-19,4.08421,2.42964
2019-10-20,2.52229,2.6668
2019-10-21,2.51892,2.8991
2019-10-22,5.52975,3.03511
2019-10-23,6.30054,2.89281
2019-10-24,6.97004,2.96307
2019-10-25,5.55492,3.33526
2019-10-26,2.44583,3.80717
2019-10-27,1.13325,4.09744
2019-10-28,0.9035,4.64529
2019-10-29,0.816375,5.17259
2019-10-30,0.795083,5.88367
2019-10-31,1.50933,6.84775
2019-11-01,0.810667,7.33117
2019-11-02,-0.23675,7.75979
2019-11-03,-1.42267,8.40823
2019-11-04,-2.72783,8.76022
2019-11-05,-3.36608,9.09528
2019-11-06,-3.98879,9.30307
2019-11-07,-4.06983,9.60961
2019-11-08,-4.46396,10.334
2019-11-09,-4.58042,11.7082
2019-11-10,-5.28542,12.8519
2019-11-11,-5.164,14.5173
2019-11-12,-1.345,16.948
2019-11-13,-0.328333,18.6299
2019-11-14,-1.42854,18.94
2019-11-15,-1.20888,19.1797
2019-11-16,-0.778625,21.3762
2019-11-17,-0.960542,24.3525
2019-11-18,-1.12192,28.8915
2019-11-19,0.22575,35.4325
2019-11-20,-2.10675,35.6222
2019-11-21,0.670042,35.5683
2019-11-22,1.29729,33.5413
2019-11-23,1.43179,32.694
2019-11-24,0.973958,31.7524
2019-11-25,0.47575,32.4131
2019-11-26,-0.482125,35.2976
2019-11-27,-1.58242,39.379
2019-11-28,-3.01083,44.4329
2019-11-29,-3.70275,47.1334
2019-11-30,-5.559,49.0691
2019-12-01,-4.23654,52.2526
2019-12-02,-4.73212,54.8419
2019-12-03,-0.406583,57.2976
2019-12-04,1.29913,54.2528
2019-12-05,2.03921,49.1805
2019-12-06,1.10667,48.3039
2019-12-07,-1.69438,51.1756
2019-12-08,-1.52604,56.7235
2019-12-09,-1.63358,59.5398
2019-12-10,-3.44592,61.1893
2019-12-11,1.58263,60.9733
2019-12-12,1.03304,57.8217
2019-12-13,-0.76475,58.1383
2019-12-14,-1.31192,60.9589
2019-12-15,-1.47362,63.9203
2019-12-16,-2.79608,64.9716
2019-12-17,-3.33217,66.0476
2019-12-18,-4.06729,67.7029
2019-12-19,-2.90038,69.8726
2019-12-20,0.001875,72.0574
2019-12-21,0.697042,71.4421
2019-12-22,-1.23633,71.6817
2019-12-23,-1.64883,72.6961
2019-12-24,-2.01796,75.7871
2019-12-25,-3.94717,77.0107
2019-12-26,-5.66929,77.3671
2019-12-27,-6.66633,77.6465
2019-12-28,-1.86946,80.6333
2019-12-29,2.73575,77.2663
2019-12-30,2.31475,73.1891
2019-12-31,-0.113208,73.4601
