,Date,hamar,krsand,namsos,troms,bergen
0,2014-01-01,,,,,
1,2014-01-02,,,,,
2,2014-01-03,,,,,
3,2014-01-04,,,,,
4,2014-01-05,,,,,
5,2014-01-06,,,,,
6,2014-01-07,,,,,
7,2014-01-08,,,,,
8,2014-01-09,,,,,
9,2014-01-10,,,,,
10,2014-01-11,,,,,
11,2014-01-12,,,,,
12,2014-01-13,,,,,
13,2014-01-14,,,,,
14,2014-01-15,,,,,
15,2014-01-16,,,,,
16,2014-01-17,,,,,
17,2014-01-18,,,,,
18,2014-01-19,,,,,
19,2014-01-20,,,,,
20,2014-01-21,,,,,
21,2014-01-22,,,,,
22,2014-01-23,,,,,
23,2014-01-24,,,,,
24,2014-01-25,,,,,
25,2014-01-26,,,,,
26,2014-01-27,,,,,
27,2014-01-28,,,,,
28,2014-01-29,,,,,
29,2014-01-30,,,,,
30,2014-01-31,,,,,
31,2014-02-01,,,,,
32,2014-02-02,,,,,
33,2014-02-03,,,,,
34,2014-02-04,,,,,
35,2014-02-05,,,,,
36,2014-02-06,,,,,
37,2014-02-07,,,,,
38,2014-02-08,,,,,
39,2014-02-09,,,,,
40,2014-02-10,,,,,
41,2014-02-11,,,,,
42,2014-02-12,,,,,
43,2014-02-13,,,,,
44,2014-02-14,,,,,
45,2014-02-15,,,,,
46,2014-02-16,,,,,
47,2014-02-17,,,,,
48,2014-02-18,,,,,
49,2014-02-19,,,,,
50,2014-02-20,,,,,
51,2014-02-21,,,,,
52,2014-02-22,,,,,
53,2014-02-23,,,,,
54,2014-02-24,,,,,
55,2014-02-25,,,,,
56,2014-02-26,,,,,
57,2014-02-27,,,,,
58,2014-02-28,,,,,
59,2014-03-01,,,,,
60,2014-03-02,,,,,
61,2014-03-03,,,,,
62,2014-03-04,,,,,
63,2014-03-05,,,,,
64,2014-03-06,,,,,
65,2014-03-07,,,,,
66,2014-03-08,,,,,
67,2014-03-09,,,,,
68,2014-03-10,,,,,
69,2014-03-11,,,,,
70,2014-03-12,,,,,
71,2014-03-13,,,,,
72,2014-03-14,,,,,
73,2014-03-15,,,,,
74,2014-03-16,,,,,
75,2014-03-17,,,,,
76,2014-03-18,,,,,
77,2014-03-19,,,,,
78,2014-03-20,,,,,
79,2014-03-21,,,,,
80,2014-03-22,,,,,
81,2014-03-23,,,,,
82,2014-03-24,,,,,
83,2014-03-25,,,,,
84,2014-03-26,,,,,
85,2014-03-27,,,,,
86,2014-03-28,,,,,
87,2014-03-29,,,,,
88,2014-03-30,,,,,
89,2014-03-31,,,,,
90,2014-04-01,,,,,
91,2014-04-02,,,,,
92,2014-04-03,,,,,
93,2014-04-04,,,,,
94,2014-04-05,,,,,
95,2014-04-06,,,,,
96,2014-04-07,,,,,
97,2014-04-08,,,,,
98,2014-04-09,,,,,
99,2014-04-10,,,,,
100,2014-04-11,,,,,
101,2014-04-12,,,,,
102,2014-04-13,,,,,
103,2014-04-14,,,,,
104,2014-04-15,,,,,
105,2014-04-16,,,,,
106,2014-04-17,,,,,
107,2014-04-18,,,,,
108,2014-04-19,,,,,
109,2014-04-20,,,,,
110,2014-04-21,,,,,
111,2014-04-22,,,,,
112,2014-04-23,,,,,
113,2014-04-24,,,,,
114,2014-04-25,,,,,
115,2014-04-26,,,,,
116,2014-04-27,,,,,
117,2014-04-28,,,,,
118,2014-04-29,,,,,
119,2014-04-30,,,,,
120,2014-05-01,,,,,
121,2014-05-02,,,,,
122,2014-05-03,,,,,
123,2014-05-04,,,,,
124,2014-05-05,,,,,
125,2014-05-06,,,,,
126,2014-05-07,,,,,
127,2014-05-08,,,,,
128,2014-05-09,,,,,
129,2014-05-10,,,,,
130,2014-05-11,,,,,
131,2014-05-12,,,,,
132,2014-05-13,,,,,
133,2014-05-14,,,,,
134,2014-05-15,,,,,
135,2014-05-16,,,,,
136,2014-05-17,,,,,
137,2014-05-18,,,,,
138,2014-05-19,,,,,
139,2014-05-20,,,,,
140,2014-05-21,,,,,
141,2014-05-22,,,,,
142,2014-05-23,,,,,
143,2014-05-24,,,,,
144,2014-05-25,,,,,
145,2014-05-26,,,,,
146,2014-05-27,,,,,
147,2014-05-28,,,,,
148,2014-05-29,,,,,
149,2014-05-30,,,,,
150,2014-05-31,,,,,
151,2014-06-01,,,,,
152,2014-06-02,,,,,
153,2014-06-03,,,,,
154,2014-06-04,,,,,
155,2014-06-05,,,,,
156,2014-06-06,,,,,
157,2014-06-07,,,,,
158,2014-06-08,,,,,
159,2014-06-09,,,,,
160,2014-06-10,,,,,
161,2014-06-11,,,,,
162,2014-06-12,,,,,
163,2014-06-13,,,,,
164,2014-06-14,,,,,
165,2014-06-15,,,,,
166,2014-06-16,,,,,
167,2014-06-17,,,,,
168,2014-06-18,,,,,
169,2014-06-19,,,,,
170,2014-06-20,,,,,
171,2014-06-21,,,,,
172,2014-06-22,,,,,
173,2014-06-23,,,,,
174,2014-06-24,,,,,
175,2014-06-25,,,,,
176,2014-06-26,,,,,
177,2014-06-27,,,,,
178,2014-06-28,,,,,
179,2014-06-29,,,,,
180,2014-06-30,,,,,
181,2014-07-01,,,,,
182,2014-07-02,,,,,
183,2014-07-03,,,,,
184,2014-07-04,,,,,
185,2014-07-05,,,,,
186,2014-07-06,,,,,
187,2014-07-07,,,,,
188,2014-07-08,,,,,
189,2014-07-09,,,,,
190,2014-07-10,,,,,
191,2014-07-11,,,,,
192,2014-07-12,,,,,
193,2014-07-13,,,,,
194,2014-07-14,,,,,
195,2014-07-15,,,,,
196,2014-07-16,,,,,
197,2014-07-17,,,,,
198,2014-07-18,,,,,
199,2014-07-19,,,,,
200,2014-07-20,,,,,
201,2014-07-21,,,,,
202,2014-07-22,,,,,
203,2014-07-23,,,,,
204,2014-07-24,,,,,
205,2014-07-25,,,,,
206,2014-07-26,,,,,
207,2014-07-27,,,,,
208,2014-07-28,,,,,
209,2014-07-29,,,,,
210,2014-07-30,,,,,
211,2014-07-31,,,,,
212,2014-08-01,,,,,
213,2014-08-02,,,,,
214,2014-08-03,,,,,
215,2014-08-04,,,,,
216,2014-08-05,,,,,
217,2014-08-06,,,,,
218,2014-08-07,,,,,
219,2014-08-08,,,,,
220,2014-08-09,,,,,
221,2014-08-10,,,,,
222,2014-08-11,,,,,
223,2014-08-12,,,,,
224,2014-08-13,,,,,
225,2014-08-14,,,,,
226,2014-08-15,,,,,
227,2014-08-16,,,,,
228,2014-08-17,,,,,
229,2014-08-18,,,,,
230,2014-08-19,,,,,
231,2014-08-20,,,,,
232,2014-08-21,,,,,
233,2014-08-22,,,,,
234,2014-08-23,,,,,
235,2014-08-24,,,,,
236,2014-08-25,,,,,
237,2014-08-26,,,,,
238,2014-08-27,,,,,
239,2014-08-28,,,,,
240,2014-08-29,,,,,
241,2014-08-30,,,,,
242,2014-08-31,,,,,
243,2014-09-01,,,,,
244,2014-09-02,,,,,
245,2014-09-03,,,,,
246,2014-09-04,,,,,
247,2014-09-05,,,,,
248,2014-09-06,,,,,
249,2014-09-07,,,,,
250,2014-09-08,,,,,
251,2014-09-09,,,,,
252,2014-09-10,,,,,
253,2014-09-11,,,,,
254,2014-09-12,,,,,
255,2014-09-13,,,,,
256,2014-09-14,,,,,
257,2014-09-15,,,,,
258,2014-09-16,,,,,
259,2014-09-17,,,,,
260,2014-09-18,,,,,
261,2014-09-19,,,,,
262,2014-09-20,,,,,
263,2014-09-21,,,,,
264,2014-09-22,,,,,
265,2014-09-23,,,,,
266,2014-09-24,,,,,
267,2014-09-25,,,,,
268,2014-09-26,,,,,
269,2014-09-27,,,,,
270,2014-09-28,,,,,
271,2014-09-29,,,,,
272,2014-09-30,,,,,
273,2014-10-01,,,,,
274,2014-10-02,,,,,
275,2014-10-03,,,,,
276,2014-10-04,,,,,
277,2014-10-05,,,,,
278,2014-10-06,,,,,
279,2014-10-07,,,,,
280,2014-10-08,,,,,
281,2014-10-09,,,,,
282,2014-10-10,,,,,
283,2014-10-11,,,,,
284,2014-10-12,,,,,
285,2014-10-13,,,,,
286,2014-10-14,,,,,
287,2014-10-15,,,,,
288,2014-10-16,,,,,
289,2014-10-17,,,,,
290,2014-10-18,,,,,
291,2014-10-19,,,,,
292,2014-10-20,,,,,
293,2014-10-21,,,,,
294,2014-10-22,,,,,
295,2014-10-23,,,,,
296,2014-10-24,,,,,
297,2014-10-25,,,,,
298,2014-10-26,,,,,
299,2014-10-27,,,,,
300,2014-10-28,,,,,
301,2014-10-29,,,,,
302,2014-10-30,,,,,
303,2014-10-31,,,,,
304,2014-11-01,,,,,
305,2014-11-02,,,,,
306,2014-11-03,,,,,
307,2014-11-04,,,,,
308,2014-11-05,,,,,
309,2014-11-06,,,,,
310,2014-11-07,,,,,
311,2014-11-08,,,,,
312,2014-11-09,,,,,
313,2014-11-10,,,,,
314,2014-11-11,,,,,
315,2014-11-12,,,,,
316,2014-11-13,,,,,
317,2014-11-14,,,,,
318,2014-11-15,,,,,
319,2014-11-16,,,,,
320,2014-11-17,,,,,
321,2014-11-18,,,,,
322,2014-11-19,,,,,
323,2014-11-20,,,,,
324,2014-11-21,,,,,
325,2014-11-22,,,,,
326,2014-11-23,,,,,
327,2014-11-24,,,,,
328,2014-11-25,,,,,
329,2014-11-26,,,,,
330,2014-11-27,,,,,
331,2014-11-28,,,,,
332,2014-11-29,,,,,
333,2014-11-30,,,,,
334,2014-12-01,,,,,
335,2014-12-02,,,,,
336,2014-12-03,,,,,
337,2014-12-04,,,,,
338,2014-12-05,,,,,
339,2014-12-06,,,,,
340,2014-12-07,,,,,
341,2014-12-08,,,,,
342,2014-12-09,,,,,
343,2014-12-10,,,,,
344,2014-12-11,,,,,
345,2014-12-12,,,,,
346,2014-12-13,,,,,
347,2014-12-14,,,,,
348,2014-12-15,,,,,
349,2014-12-16,,,,,
350,2014-12-17,,,,,
351,2014-12-18,,,,,
352,2014-12-19,,,,,
353,2014-12-20,,,,,
354,2014-12-21,,,,,
355,2014-12-22,,,,,
356,2014-12-23,,,,,
357,2014-12-24,,,,,
358,2014-12-25,,,,,
359,2014-12-26,,,,,
360,2014-12-27,,,,,
361,2014-12-28,,,,,
362,2014-12-29,,,,,
363,2014-12-30,,,,,
364,2014-12-31,,,,,
365,2015-01-01,,,,,
366,2015-01-02,,,,,
367,2015-01-03,,,,,
368,2015-01-04,,,,,
369,2015-01-05,,,,,
370,2015-01-06,,,,,
371,2015-01-07,,,,,
372,2015-01-08,,,,,
373,2015-01-09,,,,,
374,2015-01-10,,,,,
375,2015-01-11,,,,,
376,2015-01-12,,,,,
377,2015-01-13,,,,,
378,2015-01-14,,,,,
379,2015-01-15,,,,,
380,2015-01-16,,,,,
381,2015-01-17,,,,,
382,2015-01-18,,,,,
383,2015-01-19,,,,,
384,2015-01-20,,,,,
385,2015-01-21,,,,,
386,2015-01-22,,,,,
387,2015-01-23,,,,,
388,2015-01-24,,,,,
389,2015-01-25,,,,,
390,2015-01-26,,,,,
391,2015-01-27,,,,,
392,2015-01-28,,,,,
393,2015-01-29,,,,,
394,2015-01-30,,,,,
395,2015-01-31,,,,,
396,2015-02-01,,,,,
397,2015-02-02,,,,,
398,2015-02-03,,,,,
399,2015-02-04,,,,,
400,2015-02-05,,,,,
401,2015-02-06,,,,,
402,2015-02-07,,,,,
403,2015-02-08,,,,,
404,2015-02-09,,,,,
405,2015-02-10,,,,,
406,2015-02-11,,,,,
407,2015-02-12,,,,,
408,2015-02-13,,,,,
409,2015-02-14,,,,,
410,2015-02-15,,,,,
411,2015-02-16,,,,,
412,2015-02-17,,,,,
413,2015-02-18,,,,,
414,2015-02-19,,,,,
415,2015-02-20,,,,,
416,2015-02-21,,,,,
417,2015-02-22,,,,,
418,2015-02-23,,,,,
419,2015-02-24,,,,,
420,2015-02-25,,,,,
421,2015-02-26,,,,,
422,2015-02-27,,,,,
423,2015-02-28,,,,,
424,2015-03-01,,,,,
425,2015-03-02,,,,,
426,2015-03-03,,,,,
427,2015-03-04,,,,,
428,2015-03-05,,,,,
429,2015-03-06,,,,,
430,2015-03-07,,,,,
431,2015-03-08,,,,,
432,2015-03-09,,,,,
433,2015-03-10,,,,,
434,2015-03-11,,,,,
435,2015-03-12,,,,,
436,2015-03-13,,,,,
437,2015-03-14,,,,,
438,2015-03-15,,,,,
439,2015-03-16,,,,,
440,2015-03-17,,,,,
441,2015-03-18,,,,,
442,2015-03-19,,,,,
443,2015-03-20,,,,,
444,2015-03-21,,,,,
445,2015-03-22,,,,,
446,2015-03-23,,,,,
447,2015-03-24,,,,,
448,2015-03-25,,,,,
449,2015-03-26,,,,,
450,2015-03-27,,,,,
451,2015-03-28,,,,,
452,2015-03-29,,,,,
453,2015-03-30,,,,,
454,2015-03-31,,,,,
455,2015-04-01,,,,,
456,2015-04-02,,,,,
457,2015-04-03,,,,,
458,2015-04-04,,,,,
459,2015-04-05,,,,,
460,2015-04-06,,,,,
461,2015-04-07,,,,,
462,2015-04-08,,,,,
463,2015-04-09,,,,,
464,2015-04-10,,,,,
465,2015-04-11,,,,,
466,2015-04-12,,,,,
467,2015-04-13,,,,,
468,2015-04-14,,,,,
469,2015-04-15,,,,,
470,2015-04-16,,,,,
471,2015-04-17,,,,,
472,2015-04-18,,,,,
473,2015-04-19,,,,,
474,2015-04-20,,,,,
475,2015-04-21,,,,,
476,2015-04-22,,,,,
477,2015-04-23,,,,,
478,2015-04-24,,,,,
479,2015-04-25,,,,,
480,2015-04-26,,,,,
481,2015-04-27,,,,,
482,2015-04-28,,,,,
483,2015-04-29,,,,,
484,2015-04-30,,,,,
485,2015-05-01,,,,,
486,2015-05-02,,,,,
487,2015-05-03,,,,,
488,2015-05-04,,,,,
489,2015-05-05,,,,,
490,2015-05-06,,,,,
491,2015-05-07,,,,,
492,2015-05-08,,,,,
493,2015-05-09,,,,,
494,2015-05-10,,,,,
495,2015-05-11,,,,,
496,2015-05-12,,,,,
497,2015-05-13,,,,,
498,2015-05-14,,,,,
499,2015-05-15,,,,,
500,2015-05-16,,,,,
501,2015-05-17,,,,,
502,2015-05-18,,,,,
503,2015-05-19,,,,,
504,2015-05-20,,,,,
505,2015-05-21,,,,,
506,2015-05-22,,,,,
507,2015-05-23,,,,,
508,2015-05-24,,,,,
509,2015-05-25,,,,,
510,2015-05-26,,,,,
511,2015-05-27,,,,,
512,2015-05-28,,,,,
513,2015-05-29,,,,,
514,2015-05-30,,,,,
515,2015-05-31,,,,,
516,2015-06-01,,,,,
517,2015-06-02,,,,,
518,2015-06-03,,,,,
519,2015-06-04,,,,,
520,2015-06-05,,,,,
521,2015-06-06,,,,,
522,2015-06-07,,,,,
523,2015-06-08,,,,,
524,2015-06-09,,,,,
525,2015-06-10,,,,,
526,2015-06-11,,,,,
527,2015-06-12,,,,,
528,2015-06-13,,,,,
529,2015-06-14,,,,,
530,2015-06-15,,,,,
531,2015-06-16,,,,,
532,2015-06-17,,,,,
533,2015-06-18,,,,,
534,2015-06-19,,,,,
535,2015-06-20,,,,,
536,2015-06-21,,,,,
537,2015-06-22,,,,,
538,2015-06-23,,,,,
539,2015-06-24,,,,,
540,2015-06-25,,,,,
541,2015-06-26,,,,,
542,2015-06-27,,,,,
543,2015-06-28,,,,,
544,2015-06-29,,,,,
545,2015-06-30,,,,,
546,2015-07-01,,,,,
547,2015-07-02,,,,,
548,2015-07-03,,,,,
549,2015-07-04,,,,,
550,2015-07-05,,,,,
551,2015-07-06,,,,,
552,2015-07-07,,,,,
553,2015-07-08,,,,,
554,2015-07-09,,,,,
555,2015-07-10,,,,,
556,2015-07-11,,,,,
557,2015-07-12,,,,,
558,2015-07-13,,,,,
559,2015-07-14,,,,,
560,2015-07-15,,,,,
561,2015-07-16,,,,,
562,2015-07-17,,,,,
563,2015-07-18,,,,,
564,2015-07-19,,,,,
565,2015-07-20,,,,,
566,2015-07-21,,,,,
567,2015-07-22,,,,,
568,2015-07-23,,,,,
569,2015-07-24,,,,,
570,2015-07-25,,,,,
571,2015-07-26,,,,,
572,2015-07-27,,,,,
573,2015-07-28,,,,,
574,2015-07-29,,,,,
575,2015-07-30,,,,,
576,2015-07-31,,,,,
577,2015-08-01,,,,,
578,2015-08-02,,,,,
579,2015-08-03,,,,,
580,2015-08-04,,,,,
581,2015-08-05,,,,,
582,2015-08-06,,,,,
583,2015-08-07,,,,,
584,2015-08-08,,,,,
585,2015-08-09,,,,,
586,2015-08-10,,,,,
587,2015-08-11,,,,,
588,2015-08-12,,,,,
589,2015-08-13,,,,,
590,2015-08-14,,,,,
591,2015-08-15,,,,,
592,2015-08-16,,,,,
593,2015-08-17,,,,,
594,2015-08-18,,,,,
595,2015-08-19,,,,,
596,2015-08-20,,,,,
597,2015-08-21,,,,,
598,2015-08-22,,,,,
599,2015-08-23,,,,,
600,2015-08-24,,,,,
601,2015-08-25,,,,,
602,2015-08-26,,,,,
603,2015-08-27,,,,,
604,2015-08-28,,,,,
605,2015-08-29,,,,,
606,2015-08-30,,,,,
607,2015-08-31,,,,,
608,2015-09-01,,,,,
609,2015-09-02,,,,,
610,2015-09-03,,,,,
611,2015-09-04,,,,,
612,2015-09-05,,,,,
613,2015-09-06,,,,,
614,2015-09-07,,,,,
615,2015-09-08,,,,,
616,2015-09-09,,,,,
617,2015-09-10,,,,,
618,2015-09-11,,,,,
619,2015-09-12,,,,,
620,2015-09-13,,,,,
621,2015-09-14,,,,,
622,2015-09-15,,,,,
623,2015-09-16,,,,,
624,2015-09-17,,,,,
625,2015-09-18,,,,,
626,2015-09-19,,,,,
627,2015-09-20,,,,,
628,2015-09-21,,,,,
629,2015-09-22,,,,,
630,2015-09-23,,,,,
631,2015-09-24,,,,,
632,2015-09-25,,,,,
633,2015-09-26,,,,,
634,2015-09-27,,,,,
635,2015-09-28,,,,,
636,2015-09-29,,,,,
637,2015-09-30,,,,,
638,2015-10-01,,,,,
639,2015-10-02,,,,,
640,2015-10-03,,,,,
641,2015-10-04,,,,,
642,2015-10-05,,,,,
643,2015-10-06,,,,,
644,2015-10-07,,,,,
645,2015-10-08,,,,,
646,2015-10-09,,,,,
647,2015-10-10,,,,,
648,2015-10-11,,,,,
649,2015-10-12,,,,,
650,2015-10-13,,,,,
651,2015-10-14,,,,,
652,2015-10-15,,,,,
653,2015-10-16,,,,,
654,2015-10-17,,,,,
655,2015-10-18,,,,,
656,2015-10-19,,,,,
657,2015-10-20,,,,,
658,2015-10-21,,,,,
659,2015-10-22,,,,,
660,2015-10-23,,,,,
661,2015-10-24,,,,,
662,2015-10-25,,,,,
663,2015-10-26,,,,,
664,2015-10-27,,,,,
665,2015-10-28,,,,,
666,2015-10-29,,,,,
667,2015-10-30,,,,,
668,2015-10-31,,,,,
669,2015-11-01,,,,,
670,2015-11-02,,,,,
671,2015-11-03,,,,,
672,2015-11-04,,,,,
673,2015-11-05,,,,,
674,2015-11-06,,,,,
675,2015-11-07,,,,,
676,2015-11-08,,,,,
677,2015-11-09,,,,,
678,2015-11-10,,,,,
679,2015-11-11,,,,,
680,2015-11-12,,,,,
681,2015-11-13,,,,,
682,2015-11-14,,,,,
683,2015-11-15,,,,,
684,2015-11-16,,,,,
685,2015-11-17,,,,,
686,2015-11-18,,,,,
687,2015-11-19,,,,,
688,2015-11-20,,,,,
689,2015-11-21,,,,,
690,2015-11-22,,,,,
691,2015-11-23,,,,,
692,2015-11-24,,,,,
693,2015-11-25,,,,,
694,2015-11-26,,,,,
695,2015-11-27,,,,,
696,2015-11-28,,,,,
697,2015-11-29,,,,,
698,2015-11-30,,,,,
699,2015-12-01,,,,,
700,2015-12-02,,,,,
701,2015-12-03,,,,,
702,2015-12-04,,,,,
703,2015-12-05,,,,,
704,2015-12-06,,,,,
705,2015-12-07,,,,,
706,2015-12-08,,,,,
707,2015-12-09,,,,,
708,2015-12-10,,,,,
709,2015-12-11,,,,,
710,2015-12-12,,,,,
711,2015-12-13,,,,,
712,2015-12-14,,,,,
713,2015-12-15,,,,,
714,2015-12-16,,,,,
715,2015-12-17,,,,,
716,2015-12-18,,,,,
717,2015-12-19,,,,,
718,2015-12-20,,,,,
719,2015-12-21,,,,,
720,2015-12-22,,,,,
721,2015-12-23,,,,,
722,2015-12-24,,,,,
723,2015-12-25,,,,,
724,2015-12-26,,,,,
725,2015-12-27,,,,,
726,2015-12-28,,,,,
727,2015-12-29,,,,,
728,2015-12-30,,,,,
729,2015-12-31,,,,,
730,2016-01-01,,,,,
731,2016-01-02,,,,,
732,2016-01-03,,,,,
733,2016-01-04,,,,,
734,2016-01-05,,,,,
735,2016-01-06,,,,,
736,2016-01-07,,,,,
737,2016-01-08,,,,,
738,2016-01-09,,,,,
739,2016-01-10,,,,,
740,2016-01-11,,,,,
741,2016-01-12,,,,,
742,2016-01-13,,,,,
743,2016-01-14,,,,,
744,2016-01-15,,,,,
745,2016-01-16,,,,,
746,2016-01-17,,,,,
747,2016-01-18,,,,,
748,2016-01-19,,,,,
749,2016-01-20,,,,,
750,2016-01-21,,,,,
751,2016-01-22,,,,,
752,2016-01-23,,,,,
753,2016-01-24,,,,,
754,2016-01-25,,,,,
755,2016-01-26,,,,,
756,2016-01-27,,,,,
757,2016-01-28,,,,,
758,2016-01-29,,,,,
759,2016-01-30,,,,,
760,2016-01-31,,,,,
761,2016-02-01,,,,,
762,2016-02-02,,,,,
763,2016-02-03,,,,,
764,2016-02-04,,,,,
765,2016-02-05,,,,,
766,2016-02-06,,,,,
767,2016-02-07,,,,,
768,2016-02-08,,,,,
769,2016-02-09,,,,,
770,2016-02-10,,,,,
771,2016-02-11,,,,,
772,2016-02-12,,,,,
773,2016-02-13,,,,,
774,2016-02-14,,,,,
775,2016-02-15,,,,,
776,2016-02-16,,,,,
777,2016-02-17,,,,,
778,2016-02-18,,,,,
779,2016-02-19,,,,,
780,2016-02-20,,,,,
781,2016-02-21,,,,,
782,2016-02-22,,,,,
783,2016-02-23,,,,,
784,2016-02-24,,,,,
785,2016-02-25,,,,,
786,2016-02-26,,,,,
787,2016-02-27,,,,,
788,2016-02-28,,,,,
789,2016-02-29,,,,,
790,2016-03-01,,,,,
791,2016-03-02,,,,,
792,2016-03-03,,,,,
793,2016-03-04,,,,,
794,2016-03-05,,,,,
795,2016-03-06,,,,,
796,2016-03-07,,,,,
797,2016-03-08,,,,,
798,2016-03-09,,,,,
799,2016-03-10,,,,,
800,2016-03-11,,,,,
801,2016-03-12,,,,,
802,2016-03-13,,,,,
803,2016-03-14,,,,,
804,2016-03-15,,,,,
805,2016-03-16,,,,,
806,2016-03-17,,,,,
807,2016-03-18,,,,,
808,2016-03-19,,,,,
809,2016-03-20,,,,,
810,2016-03-21,,,,,
811,2016-03-22,,,,,
812,2016-03-23,,,,,
813,2016-03-24,,,,,
814,2016-03-25,,,,,
815,2016-03-26,,,,,
816,2016-03-27,,,,,
817,2016-03-28,,,,,
818,2016-03-29,,,,,
819,2016-03-30,,,,,
820,2016-03-31,,,,,
821,2016-04-01,,,,,
822,2016-04-02,,,,,
823,2016-04-03,,,,,
824,2016-04-04,,,,,
825,2016-04-05,,,,,
826,2016-04-06,,,,,
827,2016-04-07,,,,,
828,2016-04-08,,,,,
829,2016-04-09,,,,,
830,2016-04-10,,,,,
831,2016-04-11,,,,,
832,2016-04-12,,,,,
833,2016-04-13,,,,,
834,2016-04-14,,,,,
835,2016-04-15,,,,,
836,2016-04-16,,,,,
837,2016-04-17,,,,,
838,2016-04-18,,,,,
839,2016-04-19,,,,,
840,2016-04-20,,,,,
841,2016-04-21,,,,,
842,2016-04-22,,,,,
843,2016-04-23,,,,,
844,2016-04-24,,,,,
845,2016-04-25,,,,,
846,2016-04-26,,,,,
847,2016-04-27,,,,,
848,2016-04-28,,,,,
849,2016-04-29,,,,,
850,2016-04-30,,,,,
851,2016-05-01,,,,,
852,2016-05-02,,,,,
853,2016-05-03,,,,,
854,2016-05-04,,,,,
855,2016-05-05,,,,,
856,2016-05-06,,,,,
857,2016-05-07,,,,,
858,2016-05-08,,,,,
859,2016-05-09,,,,,
860,2016-05-10,,,,,
861,2016-05-11,,,,,
862,2016-05-12,,,,,
863,2016-05-13,,,,,
864,2016-05-14,,,,,
865,2016-05-15,,,,,
866,2016-05-16,,,,,
867,2016-05-17,,,,,
868,2016-05-18,,,,,
869,2016-05-19,,,,,
870,2016-05-20,,,,,
871,2016-05-21,,,,,
872,2016-05-22,,,,,
873,2016-05-23,,,,,
874,2016-05-24,,,,,
875,2016-05-25,,,,,
876,2016-05-26,,,,,
877,2016-05-27,,,,,
878,2016-05-28,,,,,
879,2016-05-29,,,,,
880,2016-05-30,,,,,
881,2016-05-31,,,,,
882,2016-06-01,,,,,
883,2016-06-02,,,,,
884,2016-06-03,,,,,
885,2016-06-04,,,,,
886,2016-06-05,,,,,
887,2016-06-06,,,,,
888,2016-06-07,,,,,
889,2016-06-08,,,,,
890,2016-06-09,,,,,
891,2016-06-10,,,,,
892,2016-06-11,,,,,
893,2016-06-12,,,,,
894,2016-06-13,,,,,
895,2016-06-14,,,,,
896,2016-06-15,,,,,
897,2016-06-16,,,,,
898,2016-06-17,,,,,
899,2016-06-18,,,,,
900,2016-06-19,,,,,
901,2016-06-20,,,,,
902,2016-06-21,,,,,
903,2016-06-22,,,,,
904,2016-06-23,,,,,
905,2016-06-24,,,,,
906,2016-06-25,,,,,
907,2016-06-26,,,,,
908,2016-06-27,,,,,
909,2016-06-28,,,,,
910,2016-06-29,,,,,
911,2016-06-30,,,,,
912,2016-07-01,,,,,
913,2016-07-02,,,,,
914,2016-07-03,,,,,
915,2016-07-04,,,,,
916,2016-07-05,,,,,
917,2016-07-06,,,,,
918,2016-07-07,,,,,
919,2016-07-08,,,,,
920,2016-07-09,,,,,
921,2016-07-10,,,,,
922,2016-07-11,,,,,
923,2016-07-12,,,,,
924,2016-07-13,,,,,
925,2016-07-14,,,,,
926,2016-07-15,,,,,
927,2016-07-16,,,,,
928,2016-07-17,,,,,
929,2016-07-18,,,,,
930,2016-07-19,,,,,
931,2016-07-20,,,,,
932,2016-07-21,,,,,
933,2016-07-22,,,,,
934,2016-07-23,,,,,
935,2016-07-24,,,,,
936,2016-07-25,,,,,
937,2016-07-26,,,,,
938,2016-07-27,,,,,
939,2016-07-28,,,,,
940,2016-07-29,,,,,
941,2016-07-30,,,,,
942,2016-07-31,,,,,
943,2016-08-01,,,,,
944,2016-08-02,,,,,
945,2016-08-03,,,,,
946,2016-08-04,,,,,
947,2016-08-05,,,,,
948,2016-08-06,,,,,
949,2016-08-07,,,,,
950,2016-08-08,,,,,
951,2016-08-09,,,,,
952,2016-08-10,,,,,
953,2016-08-11,,,,,
954,2016-08-12,,,,,
955,2016-08-13,,,,,
956,2016-08-14,,,,,
957,2016-08-15,,,,,
958,2016-08-16,,,,,
959,2016-08-17,,,,,
960,2016-08-18,,,,,
961,2016-08-19,,,,,
962,2016-08-20,,,,,
963,2016-08-21,,,,,
964,2016-08-22,,,,,
965,2016-08-23,,,,,
966,2016-08-24,,,,,
967,2016-08-25,,,,,
968,2016-08-26,,,,,
969,2016-08-27,,,,,
970,2016-08-28,,,,,
971,2016-08-29,,,,,
972,2016-08-30,,,,,
973,2016-08-31,,,,,
974,2016-09-01,,,,,
975,2016-09-02,,,,,
976,2016-09-03,,,,,
977,2016-09-04,,,,,
978,2016-09-05,,,,,
979,2016-09-06,,,,,
980,2016-09-07,,,,,
981,2016-09-08,,,,,
982,2016-09-09,,,,,
983,2016-09-10,,,,,
984,2016-09-11,,,,,
985,2016-09-12,,,,,
986,2016-09-13,,,,,
987,2016-09-14,,,,,
988,2016-09-15,,,,,
989,2016-09-16,,,,,
990,2016-09-17,,,,,
991,2016-09-18,,,,,
992,2016-09-19,,,,,
993,2016-09-20,,,,,
994,2016-09-21,,,,,
995,2016-09-22,,,,,
996,2016-09-23,,,,,
997,2016-09-24,,,,,
998,2016-09-25,,,,,
999,2016-09-26,,,,,
1000,2016-09-27,,,,,
1001,2016-09-28,,,,,
1002,2016-09-29,,,,,
1003,2016-09-30,,,,,
1004,2016-10-01,,,,,
1005,2016-10-02,,,,,
1006,2016-10-03,,,,,
1007,2016-10-04,,,,,
1008,2016-10-05,,,,,
1009,2016-10-06,,,,,
1010,2016-10-07,,,,,
1011,2016-10-08,,,,,
1012,2016-10-09,,,,,
1013,2016-10-10,,,,,
1014,2016-10-11,,,,,
1015,2016-10-12,,,,,
1016,2016-10-13,,,,,
1017,2016-10-14,,,,,
1018,2016-10-15,,,,,
1019,2016-10-16,,,,,
1020,2016-10-17,,,,,
1021,2016-10-18,,,,,
1022,2016-10-19,,,,,
1023,2016-10-20,,,,,
1024,2016-10-21,,,,,
1025,2016-10-22,,,,,
1026,2016-10-23,,,,,
1027,2016-10-24,,,,,
1028,2016-10-25,,,,,
1029,2016-10-26,,,,,
1030,2016-10-27,,,,,
1031,2016-10-28,,,,,
1032,2016-10-29,,,,,
1033,2016-10-30,,,,,
1034,2016-10-31,,,,,
1035,2016-11-01,,,,,
1036,2016-11-02,,,,,
1037,2016-11-03,,,,,
1038,2016-11-04,,,,,
1039,2016-11-05,,,,,
1040,2016-11-06,,,,,
1041,2016-11-07,,,,,
1042,2016-11-08,,,,,
1043,2016-11-09,,,,,
1044,2016-11-10,,,,,
1045,2016-11-11,,,,,
1046,2016-11-12,,,,,
1047,2016-11-13,,,,,
1048,2016-11-14,,,,,
1049,2016-11-15,,,,,
1050,2016-11-16,,,,,
1051,2016-11-17,,,,,
1052,2016-11-18,,,,,
1053,2016-11-19,,,,,
1054,2016-11-20,,,,,
1055,2016-11-21,,,,,
1056,2016-11-22,,,,,
1057,2016-11-23,,,,,
1058,2016-11-24,,,,,
1059,2016-11-25,,,,,
1060,2016-11-26,,,,,
1061,2016-11-27,,,,,
1062,2016-11-28,,,,,
1063,2016-11-29,,,,,
1064,2016-11-30,,,,,
1065,2016-12-01,,,,,
1066,2016-12-02,,,,,
1067,2016-12-03,,,,,
1068,2016-12-04,,,,,
1069,2016-12-05,,,,,
1070,2016-12-06,,,,,
1071,2016-12-07,,,,,
1072,2016-12-08,,,,,
1073,2016-12-09,,,,,
1074,2016-12-10,,,,,
1075,2016-12-11,,,,,
1076,2016-12-12,,,,,
1077,2016-12-13,,,,,
1078,2016-12-14,,,,,
1079,2016-12-15,,,,,
1080,2016-12-16,,,,,
1081,2016-12-17,,,,,
1082,2016-12-18,,,,,
1083,2016-12-19,,,,,
1084,2016-12-20,,,,,
1085,2016-12-21,,,,,
1086,2016-12-22,,,,,
1087,2016-12-23,,,,,
1088,2016-12-24,,,,,
1089,2016-12-25,,,,,
1090,2016-12-26,,,,,
1091,2016-12-27,,,,,
1092,2016-12-28,,,,,
1093,2016-12-29,,,,,
1094,2016-12-30,,,,,
1095,2016-12-31,,,,,
1096,2017-01-01,,,,,
1097,2017-01-02,,,,,
1098,2017-01-03,,,,,
1099,2017-01-04,,,,,
1100,2017-01-05,,,,,
1101,2017-01-06,,,,,
1102,2017-01-07,,,,,
1103,2017-01-08,,,,,
1104,2017-01-09,,,,,
1105,2017-01-10,,,,,
1106,2017-01-11,,,,,
1107,2017-01-12,,,,,
1108,2017-01-13,,,,,
1109,2017-01-14,,,,,
1110,2017-01-15,,,,,
1111,2017-01-16,,,,,
1112,2017-01-17,,,,,
1113,2017-01-18,,,,,
1114,2017-01-19,,,,,
1115,2017-01-20,,,,,
1116,2017-01-21,,,,,
1117,2017-01-22,,,,,
1118,2017-01-23,,,,,
1119,2017-01-24,,,,,
1120,2017-01-25,,,,,
1121,2017-01-26,,,,,
1122,2017-01-27,,,,,
1123,2017-01-28,,,,,
1124,2017-01-29,,,,,
1125,2017-01-30,,,,,
1126,2017-01-31,,,,,
1127,2017-02-01,,,,,
1128,2017-02-02,,,,,
1129,2017-02-03,,,,,
1130,2017-02-04,,,,,
1131,2017-02-05,,,,,
1132,2017-02-06,,,,,
1133,2017-02-07,,,,,
1134,2017-02-08,,,,,
1135,2017-02-09,,,,,
1136,2017-02-10,,,,,
1137,2017-02-11,,,,,
1138,2017-02-12,,,,,
1139,2017-02-13,,,,,
1140,2017-02-14,,,,,
1141,2017-02-15,,,,,
1142,2017-02-16,,,,,
1143,2017-02-17,,,,,
1144,2017-02-18,,,,,
1145,2017-02-19,,,,,
1146,2017-02-20,,,,,
1147,2017-02-21,,,,,
1148,2017-02-22,,,,,
1149,2017-02-23,,,,,
1150,2017-02-24,,,,,
1151,2017-02-25,,,,,
1152,2017-02-26,,,,,
1153,2017-02-27,,,,,
1154,2017-02-28,,,,,
1155,2017-03-01,,,,,
1156,2017-03-02,,,,,
1157,2017-03-03,,,,,
1158,2017-03-04,,,,,
1159,2017-03-05,,,,,
1160,2017-03-06,,,,,
1161,2017-03-07,,,,,
1162,2017-03-08,,,,,
1163,2017-03-09,,,,,
1164,2017-03-10,,,,,
1165,2017-03-11,,,,,
1166,2017-03-12,,,,,
1167,2017-03-13,,,,,
1168,2017-03-14,,,,,
1169,2017-03-15,,,,,
1170,2017-03-16,,,,,
1171,2017-03-17,,,,,
1172,2017-03-18,,,,,
1173,2017-03-19,,,,,
1174,2017-03-20,,,,,
1175,2017-03-21,,,,,
1176,2017-03-22,,,,,
1177,2017-03-23,,,,,
1178,2017-03-24,,,,,
1179,2017-03-25,,,,,
1180,2017-03-26,,,,,
1181,2017-03-27,,,,,
1182,2017-03-28,,,,,
1183,2017-03-29,,,,,
1184,2017-03-30,,,,,
1185,2017-03-31,,,,,
1186,2017-04-01,,,,,
1187,2017-04-02,,,,,
1188,2017-04-03,,,,,
1189,2017-04-04,,,,,
1190,2017-04-05,,,,,
1191,2017-04-06,,,,,
1192,2017-04-07,,,,,
1193,2017-04-08,,,,,
1194,2017-04-09,,,,,
1195,2017-04-10,,,,,
1196,2017-04-11,,,,,
1197,2017-04-12,,,,,
1198,2017-04-13,,,,,
1199,2017-04-14,,,,,
1200,2017-04-15,,,,,
1201,2017-04-16,,,,,
1202,2017-04-17,,,,,
1203,2017-04-18,,,,,
1204,2017-04-19,,,,,
1205,2017-04-20,,,,,
1206,2017-04-21,,,,,
1207,2017-04-22,,,,,
1208,2017-04-23,,,,,
1209,2017-04-24,,,,,
1210,2017-04-25,,,,,
1211,2017-04-26,,,,,
1212,2017-04-27,,,,,
1213,2017-04-28,,,,,
1214,2017-04-29,,,,,
1215,2017-04-30,,,,,
1216,2017-05-01,,,,,
1217,2017-05-02,,,,,
1218,2017-05-03,,,,,
1219,2017-05-04,,,,,
1220,2017-05-05,,,,,
1221,2017-05-06,,,,,
1222,2017-05-07,,,,,
1223,2017-05-08,,,,,
1224,2017-05-09,,,,,
1225,2017-05-10,,,,,
1226,2017-05-11,,,,,
1227,2017-05-12,,,,,
1228,2017-05-13,,,,,
1229,2017-05-14,,,,,
1230,2017-05-15,,,,,
1231,2017-05-16,,,,,
1232,2017-05-17,,,,,
1233,2017-05-18,,,,,
1234,2017-05-19,,,,,
1235,2017-05-20,,,,,
1236,2017-05-21,,,,,
1237,2017-05-22,,,,,
1238,2017-05-23,,,,,
1239,2017-05-24,,,,,
1240,2017-05-25,,,,,
1241,2017-05-26,,,,,
1242,2017-05-27,,,,,
1243,2017-05-28,,,,,
1244,2017-05-29,,,,,
1245,2017-05-30,,,,,
1246,2017-05-31,,,,,
1247,2017-06-01,,,,,
1248,2017-06-02,,,,,
1249,2017-06-03,,,,,
1250,2017-06-04,,,,,
1251,2017-06-05,,,,,
1252,2017-06-06,,,,,
1253,2017-06-07,,,,,
1254,2017-06-08,,,,,
1255,2017-06-09,,,,,
1256,2017-06-10,,,,,
1257,2017-06-11,,,,,
1258,2017-06-12,,,,,
1259,2017-06-13,,,,,
1260,2017-06-14,,,,,
1261,2017-06-15,,,,,
1262,2017-06-16,,,,,
1263,2017-06-17,,,,,
1264,2017-06-18,,,,,
1265,2017-06-19,,,,,
1266,2017-06-20,,,,,
1267,2017-06-21,,,,,
1268,2017-06-22,,,,,
1269,2017-06-23,,,,,
1270,2017-06-24,,,,,
1271,2017-06-25,,,,,
1272,2017-06-26,,,,,
1273,2017-06-27,,,,,
1274,2017-06-28,,,,,
1275,2017-06-29,,,,,
1276,2017-06-30,,,,,
1277,2017-07-01,,,,,
1278,2017-07-02,,,,,
1279,2017-07-03,,,,,
1280,2017-07-04,,,,,
1281,2017-07-05,,,,,
1282,2017-07-06,,,,,
1283,2017-07-07,,,,,
1284,2017-07-08,,,,,
1285,2017-07-09,,,,,
1286,2017-07-10,,,,,
1287,2017-07-11,,,,,
1288,2017-07-12,,,,,
1289,2017-07-13,,,,,
1290,2017-07-14,,,,,
1291,2017-07-15,,,,,
1292,2017-07-16,,,,,
1293,2017-07-17,,,,,
1294,2017-07-18,,,,,
1295,2017-07-19,,,,,
1296,2017-07-20,,,,,
1297,2017-07-21,,,,,
1298,2017-07-22,,,,,
1299,2017-07-23,,,,,
1300,2017-07-24,,,,,
1301,2017-07-25,,,,,
1302,2017-07-26,,,,,
1303,2017-07-27,,,,,
1304,2017-07-28,,,,,
1305,2017-07-29,,,,,
1306,2017-07-30,,,,,
1307,2017-07-31,,,,,
1308,2017-08-01,,,,,
1309,2017-08-02,,,,,
1310,2017-08-03,,,,,
1311,2017-08-04,,,,,
1312,2017-08-05,,,,,
1313,2017-08-06,,,,,
1314,2017-08-07,,,,,
1315,2017-08-08,,,,,
1316,2017-08-09,,,,,
1317,2017-08-10,,,,,
1318,2017-08-11,,,,,
1319,2017-08-12,,,,,
1320,2017-08-13,,,,,
1321,2017-08-14,,,,,
1322,2017-08-15,,,,,
1323,2017-08-16,,,,,
1324,2017-08-17,,,,,
1325,2017-08-18,,,,,
1326,2017-08-19,,,,,
1327,2017-08-20,,,,,
1328,2017-08-21,,,,,
1329,2017-08-22,,,,,
1330,2017-08-23,,,,,
1331,2017-08-24,,,,,
1332,2017-08-25,,,,,
1333,2017-08-26,,,,,
1334,2017-08-27,,,,,
1335,2017-08-28,,,,,
1336,2017-08-29,,,,,
1337,2017-08-30,,,,,
1338,2017-08-31,,,,,
1339,2017-09-01,,,,,
1340,2017-09-02,,,,,
1341,2017-09-03,,,,,
1342,2017-09-04,,,,,
1343,2017-09-05,,,,,
1344,2017-09-06,,,,,
1345,2017-09-07,,,,,
1346,2017-09-08,,,,,
1347,2017-09-09,,,,,
1348,2017-09-10,,,,,
1349,2017-09-11,,,,,
1350,2017-09-12,,,,,
1351,2017-09-13,,,,,
1352,2017-09-14,,,,,
1353,2017-09-15,,,,,
1354,2017-09-16,,,,,
1355,2017-09-17,,,,,
1356,2017-09-18,,,,,
1357,2017-09-19,,,,,
1358,2017-09-20,,,,,
1359,2017-09-21,,,,,
1360,2017-09-22,,,,,
1361,2017-09-23,,,,,
1362,2017-09-24,,,,,
1363,2017-09-25,,,,,
1364,2017-09-26,,,,,
1365,2017-09-27,,,,,
1366,2017-09-28,,,,,
1367,2017-09-29,,,,,
1368,2017-09-30,,,,,
1369,2017-10-01,,,,,
1370,2017-10-02,,,,,
1371,2017-10-03,,,,,
1372,2017-10-04,,,,,
1373,2017-10-05,,,,,
1374,2017-10-06,,,,,
1375,2017-10-07,,,,,
1376,2017-10-08,,,,,
1377,2017-10-09,,,,,
1378,2017-10-10,,,,,
1379,2017-10-11,,,,,
1380,2017-10-12,,,,,
1381,2017-10-13,,,,,
1382,2017-10-14,,,,,
1383,2017-10-15,,,,,
1384,2017-10-16,,,,,
1385,2017-10-17,,,,,
1386,2017-10-18,,,,,
1387,2017-10-19,,,,,
1388,2017-10-20,,,,,
1389,2017-10-21,,,,,
1390,2017-10-22,,,,,
1391,2017-10-23,,,,,
1392,2017-10-24,,,,,
1393,2017-10-25,,,,,
1394,2017-10-26,,,,,
1395,2017-10-27,,,,,
1396,2017-10-28,,,,,
1397,2017-10-29,,,,,
1398,2017-10-30,,,,,
1399,2017-10-31,,,,,
1400,2017-11-01,,,,,
1401,2017-11-02,,,,,
1402,2017-11-03,,,,,
1403,2017-11-04,,,,,
1404,2017-11-05,,,,,
1405,2017-11-06,,,,,
1406,2017-11-07,,,,,
1407,2017-11-08,,,,,
1408,2017-11-09,,,,,
1409,2017-11-10,,,,,
1410,2017-11-11,,,,,
1411,2017-11-12,,,,,
1412,2017-11-13,,,,,
1413,2017-11-14,,,,,
1414,2017-11-15,,,,,
1415,2017-11-16,,,,,
1416,2017-11-17,,,,,
1417,2017-11-18,,,,,
1418,2017-11-19,,,,,
1419,2017-11-20,,,,,
1420,2017-11-21,,,,,
1421,2017-11-22,,,,,
1422,2017-11-23,,,,,
1423,2017-11-24,,,,,
1424,2017-11-25,,,,,
1425,2017-11-26,,,,,
1426,2017-11-27,,,,,
1427,2017-11-28,,,,,
1428,2017-11-29,,,,,
1429,2017-11-30,,,,,
1430,2017-12-01,,,,,
1431,2017-12-02,,,,,
1432,2017-12-03,,,,,
1433,2017-12-04,,,,,
1434,2017-12-05,,,,,
1435,2017-12-06,,,,,
1436,2017-12-07,,,,,
1437,2017-12-08,,,,,
1438,2017-12-09,,,,,
1439,2017-12-10,,,,,
1440,2017-12-11,,,,,
1441,2017-12-12,,,,,
1442,2017-12-13,,,,,
1443,2017-12-14,,,,,
1444,2017-12-15,,,,,
1445,2017-12-16,,,,,
1446,2017-12-17,,,,,
1447,2017-12-18,,,,,
1448,2017-12-19,,,,,
1449,2017-12-20,,,,,
1450,2017-12-21,,,,,
1451,2017-12-22,,,,,
1452,2017-12-23,,,,,
1453,2017-12-24,,,,,
1454,2017-12-25,,,,,
1455,2017-12-26,,,,,
1456,2017-12-27,,,,,
1457,2017-12-28,,,,,
1458,2017-12-29,,,,,
1459,2017-12-30,,,,,
1460,2017-12-31,,,,,
1461,2018-01-01,,,,,
1462,2018-01-02,,,,,
1463,2018-01-03,,,,,
1464,2018-01-04,,,,,
1465,2018-01-05,,,,,
1466,2018-01-06,,,,,
1467,2018-01-07,,,,,
1468,2018-01-08,,,,,
1469,2018-01-09,,,,,
1470,2018-01-10,,,,,
1471,2018-01-11,,,,,
1472,2018-01-12,,,,,
1473,2018-01-13,,,,,
1474,2018-01-14,,,,,
1475,2018-01-15,,,,,
1476,2018-01-16,,,,,
1477,2018-01-17,,,,,
1478,2018-01-18,,,,,
1479,2018-01-19,,,,,
1480,2018-01-20,,,,,
1481,2018-01-21,,,,,
1482,2018-01-22,,,,,
1483,2018-01-23,,,,,
1484,2018-01-24,,,,,
1485,2018-01-25,,,,,
1486,2018-01-26,,,,,
1487,2018-01-27,,,,,
1488,2018-01-28,,,,,
1489,2018-01-29,,,,,
1490,2018-01-30,,,,,
1491,2018-01-31,,,,,
1492,2018-02-01,,,,,
1493,2018-02-02,,,,,
1494,2018-02-03,,,,,
1495,2018-02-04,,,,,
1496,2018-02-05,,,,,
1497,2018-02-06,,,,,
1498,2018-02-07,,,,,
1499,2018-02-08,,,,,
1500,2018-02-09,,,,,
1501,2018-02-10,,,,,
1502,2018-02-11,,,,,
1503,2018-02-12,,,,,
1504,2018-02-13,,,,,
1505,2018-02-14,,,,,
1506,2018-02-15,,,,,
1507,2018-02-16,,,,,
1508,2018-02-17,,,,,
1509,2018-02-18,,,,,
1510,2018-02-19,,,,,
1511,2018-02-20,,,,,
1512,2018-02-21,,,,,
1513,2018-02-22,,,,,
1514,2018-02-23,,,,,
1515,2018-02-24,,,,,
1516,2018-02-25,,,,,
1517,2018-02-26,,,,,
1518,2018-02-27,,,,,
1519,2018-02-28,,,,,
1520,2018-03-01,,,,,
1521,2018-03-02,,,,,
1522,2018-03-03,,,,,
1523,2018-03-04,,,,,
1524,2018-03-05,,,,,
1525,2018-03-06,,,,,
1526,2018-03-07,,,,,
1527,2018-03-08,,,,,
1528,2018-03-09,,,,,
1529,2018-03-10,,,,,
1530,2018-03-11,,,,,
1531,2018-03-12,,,,,
1532,2018-03-13,,,,,
1533,2018-03-14,,,,,
1534,2018-03-15,,,,,
1535,2018-03-16,,,,,
1536,2018-03-17,,,,,
1537,2018-03-18,,,,,
1538,2018-03-19,,,,,
1539,2018-03-20,,,,,
1540,2018-03-21,,,,,
1541,2018-03-22,,,,,
1542,2018-03-23,,,,,
1543,2018-03-24,,,,,
1544,2018-03-25,,,,,
1545,2018-03-26,,,,,
1546,2018-03-27,,,,,
1547,2018-03-28,,,,,
1548,2018-03-29,,,,,
1549,2018-03-30,,,,,
1550,2018-03-31,,,,,
1551,2018-04-01,,,,,
1552,2018-04-02,,,,,
1553,2018-04-03,,,,,
1554,2018-04-04,,,,,
1555,2018-04-05,,,,,
1556,2018-04-06,,,,,
1557,2018-04-07,,,,,
1558,2018-04-08,,,,,
1559,2018-04-09,,,,,
1560,2018-04-10,,,,,
1561,2018-04-11,,,,,
1562,2018-04-12,,,,,
1563,2018-04-13,,,,,
1564,2018-04-14,,,,,
1565,2018-04-15,,,,,
1566,2018-04-16,,,,,
1567,2018-04-17,,,,,
1568,2018-04-18,,,,,
1569,2018-04-19,,,,,
1570,2018-04-20,,,,,
1571,2018-04-21,,,,,
1572,2018-04-22,,,,,
1573,2018-04-23,,,,,
1574,2018-04-24,,,,,
1575,2018-04-25,,,,,
1576,2018-04-26,,,,,
1577,2018-04-27,,,,,
1578,2018-04-28,,,,,
1579,2018-04-29,,,,,
1580,2018-04-30,,,,,
1581,2018-05-01,,,,,
1582,2018-05-02,,,,,
1583,2018-05-03,,,,,
1584,2018-05-04,,,,,
1585,2018-05-05,,,,,
1586,2018-05-06,,,,,
1587,2018-05-07,,,,,
1588,2018-05-08,,,,,
1589,2018-05-09,,,,,
1590,2018-05-10,,,,,
1591,2018-05-11,,,,,
1592,2018-05-12,,,,,
1593,2018-05-13,,,,,
1594,2018-05-14,,,,,
1595,2018-05-15,,,,,
1596,2018-05-16,,,,,
1597,2018-05-17,,,,,
1598,2018-05-18,,,,,
1599,2018-05-19,,,,,
1600,2018-05-20,,,,,
1601,2018-05-21,,,,,
1602,2018-05-22,,,,,
1603,2018-05-23,,,,,
1604,2018-05-24,,,,,
1605,2018-05-25,,,,,
1606,2018-05-26,,,,,
1607,2018-05-27,,,,,
1608,2018-05-28,,,,,
1609,2018-05-29,,,,,
1610,2018-05-30,,,,,
1611,2018-05-31,,,,,
1612,2018-06-01,,,,,
1613,2018-06-02,,,,,
1614,2018-06-03,,,,,
1615,2018-06-04,,,,,
1616,2018-06-05,,,,,
1617,2018-06-06,,,,,
1618,2018-06-07,,,,,
1619,2018-06-08,,,,,
1620,2018-06-09,,,,,
1621,2018-06-10,,,,,
1622,2018-06-11,,,,,
1623,2018-06-12,,,,,
1624,2018-06-13,,,,,
1625,2018-06-14,,,,,
1626,2018-06-15,,,,,
1627,2018-06-16,,,,,
1628,2018-06-17,,,,,
1629,2018-06-18,,,,,
1630,2018-06-19,,,,,
1631,2018-06-20,,,,,
1632,2018-06-21,,,,,
1633,2018-06-22,,,,,
1634,2018-06-23,,,,,
1635,2018-06-24,,,,,
1636,2018-06-25,,,,,
1637,2018-06-26,,,,,
1638,2018-06-27,,,,,
1639,2018-06-28,,,,,
1640,2018-06-29,,,,,
1641,2018-06-30,,,,,
1642,2018-07-01,,,,,
1643,2018-07-02,,,,,
1644,2018-07-03,,,,,
1645,2018-07-04,,,,,
1646,2018-07-05,,,,,
1647,2018-07-06,,,,,
1648,2018-07-07,,,,,
1649,2018-07-08,,,,,
1650,2018-07-09,,,,,
1651,2018-07-10,,,,,
1652,2018-07-11,,,,,
1653,2018-07-12,,,,,
1654,2018-07-13,,,,,
1655,2018-07-14,,,,,
1656,2018-07-15,,,,,
1657,2018-07-16,,,,,
1658,2018-07-17,,,,,
1659,2018-07-18,,,,,
1660,2018-07-19,,,,,
1661,2018-07-20,,,,,
1662,2018-07-21,,,,,
1663,2018-07-22,,,,,
1664,2018-07-23,,,,,
1665,2018-07-24,,,,,
1666,2018-07-25,,,,,
1667,2018-07-26,,,,,
1668,2018-07-27,,,,,
1669,2018-07-28,,,,,
1670,2018-07-29,,,,,
1671,2018-07-30,,,,,
1672,2018-07-31,,,,,
1673,2018-08-01,,,,,
1674,2018-08-02,,,,,
1675,2018-08-03,,,,,
1676,2018-08-04,,,,,
1677,2018-08-05,,,,,
1678,2018-08-06,,,,,
1679,2018-08-07,,,,,
1680,2018-08-08,,,,,
1681,2018-08-09,,,,,
1682,2018-08-10,,,,,
1683,2018-08-11,,,,,
1684,2018-08-12,,,,,
1685,2018-08-13,,,,,
1686,2018-08-14,,,,,
1687,2018-08-15,,,,,
1688,2018-08-16,,,,,
1689,2018-08-17,,,,,
1690,2018-08-18,,,,,
1691,2018-08-19,,,,,
1692,2018-08-20,,,,,
1693,2018-08-21,,,,,
1694,2018-08-22,,,,,
1695,2018-08-23,,,,,
1696,2018-08-24,,,,,
1697,2018-08-25,,,,,
1698,2018-08-26,,,,,
1699,2018-08-27,,,,,
1700,2018-08-28,,,,,
1701,2018-08-29,,,,,
1702,2018-08-30,,,,,
1703,2018-08-31,,,,,
1704,2018-09-01,,,,,
1705,2018-09-02,,,,,
1706,2018-09-03,,,,,
1707,2018-09-04,,,,,
1708,2018-09-05,,,,,
1709,2018-09-06,,,,,
1710,2018-09-07,,,,,
1711,2018-09-08,,,,,
1712,2018-09-09,,,,,
1713,2018-09-10,,,,,
1714,2018-09-11,,,,,
1715,2018-09-12,,,,,
1716,2018-09-13,,,,,
1717,2018-09-14,,,,,
1718,2018-09-15,,,,,
1719,2018-09-16,,,,,
1720,2018-09-17,,,,,
1721,2018-09-18,,,,,
1722,2018-09-19,,,,,
1723,2018-09-20,,,,,
1724,2018-09-21,,,,,
1725,2018-09-22,,,,,
1726,2018-09-23,,,,,
1727,2018-09-24,,,,,
1728,2018-09-25,,,,,
1729,2018-09-26,,,,,
1730,2018-09-27,,,,,
1731,2018-09-28,,,,,
1732,2018-09-29,,,,,
1733,2018-09-30,,,,,
1734,2018-10-01,,,,,
1735,2018-10-02,,,,,
1736,2018-10-03,,,,,
1737,2018-10-04,,,,,
1738,2018-10-05,,,,,
1739,2018-10-06,,,,,
1740,2018-10-07,,,,,
1741,2018-10-08,,,,,
1742,2018-10-09,,,,,
1743,2018-10-10,,,,,
1744,2018-10-11,,,,,
1745,2018-10-12,,,,,
1746,2018-10-13,,,,,
1747,2018-10-14,,,,,
1748,2018-10-15,,,,,
1749,2018-10-16,,,,,
1750,2018-10-17,,,,,
1751,2018-10-18,,,,,
1752,2018-10-19,,,,,
1753,2018-10-20,,,,,
1754,2018-10-21,,,,,
1755,2018-10-22,,,,,
1756,2018-10-23,,,,,
1757,2018-10-24,,,,,
1758,2018-10-25,,,,,
1759,2018-10-26,,,,,
1760,2018-10-27,,,,,
1761,2018-10-28,,,,,
1762,2018-10-29,,,,,
1763,2018-10-30,,,,,
1764,2018-10-31,,,,,
1765,2018-11-01,,,,,
1766,2018-11-02,,,,,
1767,2018-11-03,,,,,
1768,2018-11-04,,,,,
1769,2018-11-05,,,,,
1770,2018-11-06,,,,,
1771,2018-11-07,,,,,
1772,2018-11-08,,,,,
1773,2018-11-09,,,,,
1774,2018-11-10,,,,,
1775,2018-11-11,,,,,
1776,2018-11-12,,,,,
1777,2018-11-13,,,,,
1778,2018-11-14,,,,,
1779,2018-11-15,,,,,
1780,2018-11-16,,,,,
1781,2018-11-17,,,,,
1782,2018-11-18,,,,,
1783,2018-11-19,,,,,
1784,2018-11-20,,,,,
1785,2018-11-21,,,,,
1786,2018-11-22,,,,,
1787,2018-11-23,,,,,
1788,2018-11-24,,,,,
1789,2018-11-25,,,,,
1790,2018-11-26,,,,,
1791,2018-11-27,,,,,
1792,2018-11-28,,,,,
1793,2018-11-29,,,,,
1794,2018-11-30,,,,,
1795,2018-12-01,,,,,
1796,2018-12-02,,,,,
1797,2018-12-03,,,,,
1798,2018-12-04,,,,,
1799,2018-12-05,,,,,
1800,2018-12-06,,,,,
1801,2018-12-07,,,,,
1802,2018-12-08,,,,,
1803,2018-12-09,,,,,
1804,2018-12-10,,,,,
1805,2018-12-11,,,,,
1806,2018-12-12,,,,,
1807,2018-12-13,,,,,
1808,2018-12-14,,,,,
1809,2018-12-15,,,,,
1810,2018-12-16,,,,,
1811,2018-12-17,,,,,
1812,2018-12-18,,,,,
1813,2018-12-19,,,,,
1814,2018-12-20,,,,,
1815,2018-12-21,,,,,
1816,2018-12-22,,,,,
1817,2018-12-23,,,,,
1818,2018-12-24,,,,,
1819,2018-12-25,,,,,
1820,2018-12-26,,,,,
1821,2018-12-27,,,,,
1822,2018-12-28,,,,,
1823,2018-12-29,,,,,
1824,2018-12-30,,,,,
1825,2018-12-31,,,,,
1826,2019-01-01,,,,,
1827,2019-01-02,,,,,
1828,2019-01-03,,,,,
1829,2019-01-04,,,,,
1830,2019-01-05,,,,,
1831,2019-01-06,,,,,
1832,2019-01-07,,,,,
1833,2019-01-08,,,,,
1834,2019-01-09,,,,,
1835,2019-01-10,,,,,
1836,2019-01-11,,,,,
1837,2019-01-12,,,,,
1838,2019-01-13,,,,,
1839,2019-01-14,,,,,
1840,2019-01-15,,,,,
1841,2019-01-16,,,,,
1842,2019-01-17,,,,,
1843,2019-01-18,,,,,
1844,2019-01-19,,,,,
1845,2019-01-20,,,,,
1846,2019-01-21,,,,,
1847,2019-01-22,,,,,
1848,2019-01-23,,,,,
1849,2019-01-24,,,,,
1850,2019-01-25,,,,,
1851,2019-01-26,,,,,
1852,2019-01-27,,,,,
1853,2019-01-28,,,,,
1854,2019-01-29,,,,,
1855,2019-01-30,,,,,
1856,2019-01-31,,,,,
1857,2019-02-01,,,,,
1858,2019-02-02,,,,,
1859,2019-02-03,,,,,
1860,2019-02-04,,,,,
1861,2019-02-05,,,,,
1862,2019-02-06,,,,,
1863,2019-02-07,,,,,
1864,2019-02-08,,,,,
1865,2019-02-09,,,,,
1866,2019-02-10,,,,,
1867,2019-02-11,,,,,
1868,2019-02-12,,,,,
1869,2019-02-13,,,,,
1870,2019-02-14,,,,,
1871,2019-02-15,,,,,
1872,2019-02-16,,,,,
1873,2019-02-17,,,,,
1874,2019-02-18,,,,,
1875,2019-02-19,,,,,
1876,2019-02-20,,,,,
1877,2019-02-21,,,,,
1878,2019-02-22,,,,,
1879,2019-02-23,,,,,
1880,2019-02-24,,,,,
1881,2019-02-25,,,,,
1882,2019-02-26,,,,,
1883,2019-02-27,,,,,
1884,2019-02-28,,,,,
1885,2019-03-01,,,,,
1886,2019-03-02,,,,,
1887,2019-03-03,,,,,
1888,2019-03-04,,,,,
1889,2019-03-05,,,,,
1890,2019-03-06,,,,,
1891,2019-03-07,,,,,
1892,2019-03-08,,,,,
1893,2019-03-09,,,,,
1894,2019-03-10,,,,,
1895,2019-03-11,,,,,
1896,2019-03-12,,,,,
1897,2019-03-13,,,,,
1898,2019-03-14,,,,,
1899,2019-03-15,,,,,
1900,2019-03-16,,,,,
1901,2019-03-17,,,,,
1902,2019-03-18,,,,,
1903,2019-03-19,,,,,
1904,2019-03-20,,,,,
1905,2019-03-21,,,,,
1906,2019-03-22,,,,,
1907,2019-03-23,,,,,
1908,2019-03-24,,,,,
1909,2019-03-25,,,,,
1910,2019-03-26,,,,,
1911,2019-03-27,,,,,
1912,2019-03-28,,,,,
1913,2019-03-29,,,,,
1914,2019-03-30,,,,,
1915,2019-03-31,,,,,
1916,2019-04-01,,,,,
1917,2019-04-02,,,,,
1918,2019-04-03,,,,,
1919,2019-04-04,,,,,
1920,2019-04-05,,,,,
1921,2019-04-06,,,,,
1922,2019-04-07,,,,,
1923,2019-04-08,,,,,
1924,2019-04-09,,,,,
1925,2019-04-10,,,,,
1926,2019-04-11,,,,,
1927,2019-04-12,,,,,
1928,2019-04-13,,,,,
1929,2019-04-14,,,,,
1930,2019-04-15,,,,,
1931,2019-04-16,,,,,
1932,2019-04-17,,,,,
1933,2019-04-18,,,,,
1934,2019-04-19,,,,,
1935,2019-04-20,,,,,
1936,2019-04-21,,,,,
1937,2019-04-22,,,,,
1938,2019-04-23,,,,,
1939,2019-04-24,,,,,
1940,2019-04-25,,,,,
1941,2019-04-26,,,,,
1942,2019-04-27,,,,,
1943,2019-04-28,,,,,
1944,2019-04-29,,,,,
1945,2019-04-30,,,,,
1946,2019-05-01,,,,,
1947,2019-05-02,,,,,
1948,2019-05-03,,,,,
1949,2019-05-04,,,,,
1950,2019-05-05,,,,,
1951,2019-05-06,,,,,
1952,2019-05-07,,,,,
1953,2019-05-08,,,,,
1954,2019-05-09,,,,,
1955,2019-05-10,,,,,
1956,2019-05-11,,,,,
1957,2019-05-12,,,,,
1958,2019-05-13,,,,,
1959,2019-05-14,,,,,
1960,2019-05-15,,,,,
1961,2019-05-16,,,,,
1962,2019-05-17,,,,,
1963,2019-05-18,,,,,
1964,2019-05-19,,,,,
1965,2019-05-20,,,,,
1966,2019-05-21,,,,,
1967,2019-05-22,,,,,
1968,2019-05-23,,,,,
1969,2019-05-24,,,,,
1970,2019-05-25,,,,,
1971,2019-05-26,,,,,
1972,2019-05-27,,,,,
1973,2019-05-28,,,,,
1974,2019-05-29,,,,,
1975,2019-05-30,,,,,
1976,2019-05-31,,,,,
1977,2019-06-01,,,,,
1978,2019-06-02,,,,,
1979,2019-06-03,,,,,
1980,2019-06-04,,,,,
1981,2019-06-05,,,,,
1982,2019-06-06,,,,,
1983,2019-06-07,,,,,
1984,2019-06-08,,,,,
1985,2019-06-09,,,,,
1986,2019-06-10,,,,,
1987,2019-06-11,,,,,
1988,2019-06-12,,,,,
1989,2019-06-13,,,,,
1990,2019-06-14,,,,,
1991,2019-06-15,,,,,
1992,2019-06-16,,,,,
1993,2019-06-17,,,,,
1994,2019-06-18,,,,,
1995,2019-06-19,,,,,
1996,2019-06-20,,,,,
1997,2019-06-21,,,,,
1998,2019-06-22,,,,,
1999,2019-06-23,,,,,
2000,2019-06-24,,,,,
2001,2019-06-25,,,,,
2002,2019-06-26,,,,,
2003,2019-06-27,,,,,
2004,2019-06-28,,,,,
2005,2019-06-29,,,,,
2006,2019-06-30,,,,,
2007,2019-07-01,,,,,
2008,2019-07-02,,,,,
2009,2019-07-03,,,,,
2010,2019-07-04,,,,,
2011,2019-07-05,,,,,
2012,2019-07-06,,,,,
2013,2019-07-07,,,,,
2014,2019-07-08,,,,,
2015,2019-07-09,,,,,
2016,2019-07-10,,,,,
2017,2019-07-11,,,,,
2018,2019-07-12,,,,,
2019,2019-07-13,,,,,
2020,2019-07-14,,,,,
2021,2019-07-15,,,,,
2022,2019-07-16,,,,,
2023,2019-07-17,,,,,
2024,2019-07-18,,,,,
2025,2019-07-19,,,,,
2026,2019-07-20,,,,,
2027,2019-07-21,,,,,
2028,2019-07-22,,,,,
2029,2019-07-23,,,,,
2030,2019-07-24,,,,,
2031,2019-07-25,,,,,
2032,2019-07-26,,,,,
2033,2019-07-27,,,,,
2034,2019-07-28,,,,,
2035,2019-07-29,,,,,
2036,2019-07-30,,,,,
2037,2019-07-31,,,,,
2038,2019-08-01,,,,,
2039,2019-08-02,,,,,
2040,2019-08-03,,,,,
2041,2019-08-04,,,,,
2042,2019-08-05,,,,,
2043,2019-08-06,,,,,
2044,2019-08-07,,,,,
2045,2019-08-08,,,,,
2046,2019-08-09,,,,,
2047,2019-08-10,,,,,
2048,2019-08-11,,,,,
2049,2019-08-12,,,,,
2050,2019-08-13,,,,,
2051,2019-08-14,,,,,
2052,2019-08-15,,,,,
2053,2019-08-16,,,,,
2054,2019-08-17,,,,,
2055,2019-08-18,,,,,
2056,2019-08-19,,,,,
2057,2019-08-20,,,,,
2058,2019-08-21,,,,,
2059,2019-08-22,,,,,
2060,2019-08-23,,,,,
2061,2019-08-24,,,,,
2062,2019-08-25,,,,,
2063,2019-08-26,,,,,
2064,2019-08-27,,,,,
2065,2019-08-28,,,,,
2066,2019-08-29,,,,,
2067,2019-08-30,,,,,
2068,2019-08-31,,,,,
2069,2019-09-01,,,,,
2070,2019-09-02,,,,,
2071,2019-09-03,,,,,
2072,2019-09-04,,,,,
2073,2019-09-05,,,,,
2074,2019-09-06,,,,,
2075,2019-09-07,,,,,
2076,2019-09-08,,,,,
2077,2019-09-09,,,,,
2078,2019-09-10,,,,,
2079,2019-09-11,,,,,
2080,2019-09-12,,,,,
2081,2019-09-13,,,,,
2082,2019-09-14,,,,,
2083,2019-09-15,,,,,
2084,2019-09-16,,,,,
2085,2019-09-17,,,,,
2086,2019-09-18,,,,,
2087,2019-09-19,,,,,
2088,2019-09-20,,,,,
2089,2019-09-21,,,,,
2090,2019-09-22,,,,,
2091,2019-09-23,,,,,
2092,2019-09-24,,,,,
2093,2019-09-25,,,,,
2094,2019-09-26,,,,,
2095,2019-09-27,,,,,
2096,2019-09-28,,,,,
2097,2019-09-29,,,,,
2098,2019-09-30,,,,,
2099,2019-10-01,,,,,
2100,2019-10-02,,,,,
2101,2019-10-03,,,,,
2102,2019-10-04,,,,,
2103,2019-10-05,,,,,
2104,2019-10-06,,,,,
2105,2019-10-07,,,,,
2106,2019-10-08,,,,,
2107,2019-10-09,,,,,
2108,2019-10-10,,,,,
2109,2019-10-11,,,,,
2110,2019-10-12,,,,,
2111,2019-10-13,,,,,
2112,2019-10-14,,,,,
2113,2019-10-15,,,,,
2114,2019-10-16,,,,,
2115,2019-10-17,,,,,
2116,2019-10-18,,,,,
2117,2019-10-19,,,,,
2118,2019-10-20,,,,,
2119,2019-10-21,,,,,
2120,2019-10-22,,,,,
2121,2019-10-23,,,,,
2122,2019-10-24,,,,,
2123,2019-10-25,,,,,
2124,2019-10-26,,,,,
2125,2019-10-27,,,,,
2126,2019-10-28,,,,,
2127,2019-10-29,,,,,
2128,2019-10-30,,,,,
2129,2019-10-31,,,,,
2130,2019-11-01,,,,,
2131,2019-11-02,,,,,
2132,2019-11-03,,,,,
2133,2019-11-04,,,,,
2134,2019-11-05,,,,,
2135,2019-11-06,,,,,
2136,2019-11-07,,,,,
2137,2019-11-08,,,,,
2138,2019-11-09,,,,,
2139,2019-11-10,,,,,
2140,2019-11-11,,,,,
2141,2019-11-12,,,,,
2142,2019-11-13,,,,,
2143,2019-11-14,,,,,
2144,2019-11-15,,,,,
2145,2019-11-16,,,,,
2146,2019-11-17,,,,,
2147,2019-11-18,,,,,
2148,2019-11-19,,,,,
2149,2019-11-20,,,,,
2150,2019-11-21,,,,,
2151,2019-11-22,,,,,
2152,2019-11-23,,,,,
2153,2019-11-24,,,,,
2154,2019-11-25,,,,,
2155,2019-11-26,,,,,
2156,2019-11-27,,,,,
2157,2019-11-28,,,,,
2158,2019-11-29,,,,,
2159,2019-11-30,,,,,
2160,2019-12-01,,,,,
2161,2019-12-02,,,,,
2162,2019-12-03,,,,,
2163,2019-12-04,,,,,
2164,2019-12-05,,,,,
2165,2019-12-06,,,,,
2166,2019-12-07,,,,,
2167,2019-12-08,,,,,
2168,2019-12-09,,,,,
2169,2019-12-10,,,,,
2170,2019-12-11,,,,,
2171,2019-12-12,,,,,
2172,2019-12-13,,,,,
2173,2019-12-14,,,,,
2174,2019-12-15,,,,,
2175,2019-12-16,,,,,
2176,2019-12-17,,,,,
2177,2019-12-18,,,,,
2178,2019-12-19,,,,,
2179,2019-12-20,,,,,
2180,2019-12-21,,,,,
2181,2019-12-22,,,,,
2182,2019-12-23,,,,,
2183,2019-12-24,,,,,
2184,2019-12-25,,,,,
2185,2019-12-26,,,,,
2186,2019-12-27,,,,,
2187,2019-12-28,,,,,
2188,2019-12-29,,,,,
2189,2019-12-30,,,,,
2190,2019-12-31,,,,,
2191,2020-01-01,,,,,
2192,2020-01-02,,,,,
2193,2020-01-03,,,,,
2194,2020-01-04,,,,,
2195,2020-01-05,,,,,
2196,2020-01-06,,,,,
2197,2020-01-07,,,,,
2198,2020-01-08,,,,,
2199,2020-01-09,,,,,
2200,2020-01-10,,,,,
2201,2020-01-11,,,,,
2202,2020-01-12,,,,,
2203,2020-01-13,,,,,
2204,2020-01-14,,,,,
2205,2020-01-15,,,,,
2206,2020-01-16,,,,,
2207,2020-01-17,,,,,
2208,2020-01-18,,,,,
2209,2020-01-19,,,,,
2210,2020-01-20,,,,,
2211,2020-01-21,,,,,
2212,2020-01-22,,,,,
2213,2020-01-23,,,,,
2214,2020-01-24,,,,,
2215,2020-01-25,,,,,
2216,2020-01-26,,,,,
2217,2020-01-27,,,,,
2218,2020-01-28,,,,,
2219,2020-01-29,,,,,
2220,2020-01-30,,,,,
2221,2020-01-31,,,,,
2222,2020-02-01,,,,,
2223,2020-02-02,,,,,
2224,2020-02-03,,,,,
2225,2020-02-04,,,,,
2226,2020-02-05,,,,,
2227,2020-02-06,,,,,
2228,2020-02-07,,,,,
2229,2020-02-08,,,,,
2230,2020-02-09,,,,,
2231,2020-02-10,,,,,
2232,2020-02-11,,,,,
2233,2020-02-12,,,,,
2234,2020-02-13,,,,,
2235,2020-02-14,,,,,
2236,2020-02-15,,,,,
2237,2020-02-16,,,,,
2238,2020-02-17,,,,,
2239,2020-02-18,,,,,
2240,2020-02-19,,,,,
2241,2020-02-20,,,,,
2242,2020-02-21,,,,,
2243,2020-02-22,,,,,
2244,2020-02-23,,,,,
2245,2020-02-24,,,,,
2246,2020-02-25,,,,,
2247,2020-02-26,,,,,
2248,2020-02-27,,,,,
2249,2020-02-28,,,,,
2250,2020-02-29,,,,,
2251,2020-03-01,,,,,
2252,2020-03-02,,,,,
2253,2020-03-03,,,,,
2254,2020-03-04,,,,,
2255,2020-03-05,,,,,
2256,2020-03-06,,,,,
2257,2020-03-07,,,,,
2258,2020-03-08,,,,,
2259,2020-03-09,,,,,
2260,2020-03-10,,,,,
2261,2020-03-11,,,,,
2262,2020-03-12,,,,,
2263,2020-03-13,,,,,
2264,2020-03-14,,,,,
2265,2020-03-15,,,,,
2266,2020-03-16,,,,,
2267,2020-03-17,,,,,
2268,2020-03-18,,,,,
2269,2020-03-19,,,,,
2270,2020-03-20,,,,,
2271,2020-03-21,,,,,
2272,2020-03-22,,,,,
2273,2020-03-23,,,,,
2274,2020-03-24,,,,,
2275,2020-03-25,,,,,
2276,2020-03-26,,,,,
2277,2020-03-27,,,,,
2278,2020-03-28,,,,,
2279,2020-03-29,,,,,
2280,2020-03-30,,,,,
2281,2020-03-31,,,,,
2282,2020-04-01,,,,,
2283,2020-04-02,,,,,
2284,2020-04-03,,,,,
2285,2020-04-04,,,,,
2286,2020-04-05,,,,,
2287,2020-04-06,,,,,
2288,2020-04-07,,,,,
2289,2020-04-08,,,,,
2290,2020-04-09,,,,,
2291,2020-04-10,,,,,
2292,2020-04-11,,,,,
2293,2020-04-12,,,,,
2294,2020-04-13,,,,,
2295,2020-04-14,,,,,
2296,2020-04-15,,,,,
2297,2020-04-16,,,,,
2298,2020-04-17,,,,,
2299,2020-04-18,,,,,
2300,2020-04-19,,,,,
2301,2020-04-20,,,,,
2302,2020-04-21,,,,,
2303,2020-04-22,,,,,
2304,2020-04-23,,,,,
2305,2020-04-24,,,,,
2306,2020-04-25,,,,,
2307,2020-04-26,,,,,
2308,2020-04-27,,,,,
2309,2020-04-28,,,,,
2310,2020-04-29,,,,,
2311,2020-04-30,,,,,
2312,2020-05-01,,,,,
2313,2020-05-02,,,,,
2314,2020-05-03,,,,,
2315,2020-05-04,,,,,
2316,2020-05-05,,,,,
2317,2020-05-06,,,,,
2318,2020-05-07,,,,,
2319,2020-05-08,,,,,
2320,2020-05-09,,,,,
2321,2020-05-10,,,,,
2322,2020-05-11,,,,,
2323,2020-05-12,,,,,
2324,2020-05-13,,,,,
2325,2020-05-14,,,,,
2326,2020-05-15,,,,,
2327,2020-05-16,,,,,
2328,2020-05-17,,,,,
2329,2020-05-18,,,,,
2330,2020-05-19,,,,,
2331,2020-05-20,,,,,
2332,2020-05-21,,,,,
2333,2020-05-22,,,,,
2334,2020-05-23,,,,,
2335,2020-05-24,,,,,
2336,2020-05-25,,,,,
2337,2020-05-26,,,,,
2338,2020-05-27,,,,,
2339,2020-05-28,,,,,
2340,2020-05-29,,,,,
2341,2020-05-30,,,,,
2342,2020-05-31,,,,,
2343,2020-06-01,,,,,
2344,2020-06-02,,,,,
2345,2020-06-03,,,,,
2346,2020-06-04,,,,,
2347,2020-06-05,,,,,
2348,2020-06-06,,,,,
2349,2020-06-07,,,,,
2350,2020-06-08,,,,,
2351,2020-06-09,,,,,
2352,2020-06-10,,,,,
2353,2020-06-11,,,,,
2354,2020-06-12,,,,,
2355,2020-06-13,,,,,
2356,2020-06-14,,,,,
2357,2020-06-15,,,,,
2358,2020-06-16,,,,,
2359,2020-06-17,,,,,
2360,2020-06-18,,,,,
2361,2020-06-19,,,,,
2362,2020-06-20,,,,,
2363,2020-06-21,,,,,
2364,2020-06-22,,,,,
2365,2020-06-23,,,,,
2366,2020-06-24,,,,,
2367,2020-06-25,,,,,
2368,2020-06-26,,,,,
2369,2020-06-27,,,,,
2370,2020-06-28,,,,,
2371,2020-06-29,,,,,
2372,2020-06-30,,,,,
2373,2020-07-01,,,,,
2374,2020-07-02,,,,,
2375,2020-07-03,,,,,
2376,2020-07-04,,,,,
2377,2020-07-05,,,,,
2378,2020-07-06,,,,,
2379,2020-07-07,,,,,
2380,2020-07-08,,,,,
2381,2020-07-09,,,,,
2382,2020-07-10,,,,,
2383,2020-07-11,,,,,
2384,2020-07-12,,,,,
2385,2020-07-13,,,,,
2386,2020-07-14,,,,,
2387,2020-07-15,,,,,
2388,2020-07-16,,,,,
2389,2020-07-17,,,,,
2390,2020-07-18,,,,,
2391,2020-07-19,,,,,
2392,2020-07-20,,,,,
2393,2020-07-21,,,,,
2394,2020-07-22,,,,,
2395,2020-07-23,,,,,
2396,2020-07-24,,,,,
2397,2020-07-25,,,,,
2398,2020-07-26,,,,,
2399,2020-07-27,,,,,
2400,2020-07-28,,,,,
2401,2020-07-29,,,,,
2402,2020-07-30,,,,,
2403,2020-07-31,,,,,
2404,2020-08-01,,,,,
2405,2020-08-02,,,,,
2406,2020-08-03,,,,,
2407,2020-08-04,,,,,
2408,2020-08-05,,,,,
2409,2020-08-06,,,,,
2410,2020-08-07,,,,,
2411,2020-08-08,,,,,
2412,2020-08-09,,,,,
2413,2020-08-10,,,,,
2414,2020-08-11,,,,,
2415,2020-08-12,,,,,
2416,2020-08-13,,,,,
2417,2020-08-14,,,,,
2418,2020-08-15,,,,,
2419,2020-08-16,,,,,
2420,2020-08-17,,,,,
2421,2020-08-18,,,,,
2422,2020-08-19,,,,,
2423,2020-08-20,,,,,
2424,2020-08-21,,,,,
2425,2020-08-22,,,,,
2426,2020-08-23,,,,,
2427,2020-08-24,,,,,
2428,2020-08-25,,,,,
2429,2020-08-26,,,,,
2430,2020-08-27,,,,,
2431,2020-08-28,,,,,
2432,2020-08-29,,,,,
2433,2020-08-30,,,,,
2434,2020-08-31,,,,,
2435,2020-09-01,,,,,
2436,2020-09-02,,,,,
2437,2020-09-03,,,,,
2438,2020-09-04,,,,,
2439,2020-09-05,,,,,
2440,2020-09-06,,,,,
2441,2020-09-07,,,,,
2442,2020-09-08,,,,,
2443,2020-09-09,,,,,
2444,2020-09-10,,,,,
2445,2020-09-11,,,,,
2446,2020-09-12,,,,,
2447,2020-09-13,,,,,
2448,2020-09-14,,,,,
2449,2020-09-15,,,,,
2450,2020-09-16,,,,,
2451,2020-09-17,,,,,
2452,2020-09-18,,,,,
2453,2020-09-19,,,,,
2454,2020-09-20,,,,,
2455,2020-09-21,,,,,
2456,2020-09-22,,,,,
2457,2020-09-23,,,,,
2458,2020-09-24,,,,,
2459,2020-09-25,,,,,
2460,2020-09-26,,,,,
2461,2020-09-27,,,,,
2462,2020-09-28,,,,,
2463,2020-09-29,,,,,
2464,2020-09-30,,,,,
2465,2020-10-01,,,,,
2466,2020-10-02,,,,,
2467,2020-10-03,,,,,
2468,2020-10-04,,,,,
2469,2020-10-05,,,,,
2470,2020-10-06,,,,,
2471,2020-10-07,,,,,
2472,2020-10-08,,,,,
2473,2020-10-09,,,,,
2474,2020-10-10,,,,,
2475,2020-10-11,,,,,
2476,2020-10-12,,,,,
2477,2020-10-13,,,,,
2478,2020-10-14,,,,,
2479,2020-10-15,,,,,
2480,2020-10-16,,,,,
2481,2020-10-17,,,,,
2482,2020-10-18,,,,,
2483,2020-10-19,,,,,
2484,2020-10-20,,,,,
2485,2020-10-21,,,,,
2486,2020-10-22,,,,,
2487,2020-10-23,,,,,
2488,2020-10-24,,,,,
2489,2020-10-25,,,,,
2490,2020-10-26,,,,,
2491,2020-10-27,,,,,
2492,2020-10-28,,,,,
2493,2020-10-29,,,,,
2494,2020-10-30,,,,,
2495,2020-10-31,,,,,
2496,2020-11-01,,,,,
2497,2020-11-02,,,,,
2498,2020-11-03,,,,,
2499,2020-11-04,,,,,
2500,2020-11-05,,,,,
2501,2020-11-06,,,,,
2502,2020-11-07,,,,,
2503,2020-11-08,,,,,
2504,2020-11-09,,,,,
2505,2020-11-10,,,,,
2506,2020-11-11,,,,,
2507,2020-11-12,,,,,
2508,2020-11-13,,,,,
2509,2020-11-14,,,,,
2510,2020-11-15,,,,,
2511,2020-11-16,,,,,
2512,2020-11-17,,,,,
2513,2020-11-18,,,,,
2514,2020-11-19,,,,,
2515,2020-11-20,,,,,
2516,2020-11-21,,,,,
2517,2020-11-22,,,,,
2518,2020-11-23,,,,,
2519,2020-11-24,,,,,
2520,2020-11-25,,,,,
2521,2020-11-26,,,,,
2522,2020-11-27,,,,,
2523,2020-11-28,,,,,
2524,2020-11-29,,,,,
2525,2020-11-30,,,,,
2526,2020-12-01,,,,,
2527,2020-12-02,,,,,
2528,2020-12-03,,,,,
2529,2020-12-04,,,,,
2530,2020-12-05,,,,,
2531,2020-12-06,,,,,
2532,2020-12-07,,,,,
2533,2020-12-08,,,,,
2534,2020-12-09,,,,,
2535,2020-12-10,,,,,
2536,2020-12-11,,,,,
2537,2020-12-12,,,,,
2538,2020-12-13,,,,,
2539,2020-12-14,,,,,
2540,2020-12-15,,,,,
2541,2020-12-16,,,,,
2542,2020-12-17,,,,,
2543,2020-12-18,,,,,
2544,2020-12-19,,,,,
2545,2020-12-20,,,,,
2546,2020-12-21,,,,,
2547,2020-12-22,,,,,
2548,2020-12-23,,,,,
2549,2020-12-24,,,,,
2550,2020-12-25,,,,,
2551,2020-12-26,,,,,
2552,2020-12-27,,,,,
2553,2020-12-28,,,,,
2554,2020-12-29,,,,,
2555,2020-12-30,,,,,
2556,2020-12-31,,,,,
