Date,Demand
2014-01-01,1.11797e+06
2014-01-02,1.22993e+06
2014-01-03,1.23158e+06
2014-01-04,1.16127e+06
2014-01-05,1.14003e+06
2014-01-06,1.22477e+06
2014-01-07,1.24631e+06
2014-01-08,1.24823e+06
2014-01-09,1.28736e+06
2014-01-10,1.336e+06
2014-01-11,1.27433e+06
2014-01-12,1.31801e+06
2014-01-13,1.52149e+06
2014-01-14,1.51628e+06
2014-01-15,1.50352e+06
2014-01-16,1.50484e+06
2014-01-17,1.52028e+06
2014-01-18,1.42571e+06
2014-01-19,1.40349e+06
2014-01-20,1.52956e+06
2014-01-21,1.52326e+06
2014-01-22,1.53658e+06
2014-01-23,1.55819e+06
2014-01-24,1.53153e+06
2014-01-25,1.41131e+06
2014-01-26,1.37666e+06
2014-01-27,1.50885e+06
2014-01-28,1.4912e+06
2014-01-29,1.50818e+06
2014-01-30,1.54172e+06
2014-01-31,1.52628e+06
2014-02-01,1.37722e+06
2014-02-02,1.27818e+06
2014-02-03,1.35836e+06
2014-02-04,1.36565e+06
2014-02-05,1.3668e+06
2014-02-06,1.37747e+06
2014-02-07,1.35364e+06
2014-02-08,1.23675e+06
2014-02-09,1.20708e+06
2014-02-10,1.31723e+06
2014-02-11,1.32426e+06
2014-02-12,1.33601e+06
2014-02-13,1.34354e+06
2014-02-14,1.3151e+06
2014-02-15,1.23246e+06
2014-02-16,1.19749e+06
2014-02-17,1.29716e+06
2014-02-18,1.33165e+06
2014-02-19,1.35815e+06
2014-02-20,1.37034e+06
2014-02-21,1.34098e+06
2014-02-22,1.21516e+06
2014-02-23,1.166e+06
2014-02-24,1.24528e+06
2014-02-25,1.25717e+06
2014-02-26,1.28571e+06
2014-02-27,1.28932e+06
2014-02-28,1.26835e+06
2014-03-01,1.18512e+06
2014-03-02,1.18471e+06
2014-03-03,1.28879e+06
2014-03-04,1.27732e+06
2014-03-05,1.28614e+06
2014-03-06,1.26503e+06
2014-03-07,1.23905e+06
2014-03-08,1.13783e+06
2014-03-09,1.09773e+06
2014-03-10,1.20212e+06
2014-03-11,1.21293e+06
2014-03-12,1.20331e+06
2014-03-13,1.19483e+06
2014-03-14,1.1975e+06
2014-03-15,1.1507e+06
2014-03-16,1.14254e+06
2014-03-17,1.26422e+06
2014-03-18,1.27803e+06
2014-03-19,1.30256e+06
2014-03-20,1.27399e+06
2014-03-21,1.19857e+06
2014-03-22,1.10934e+06
2014-03-23,1.09946e+06
2014-03-24,1.20714e+06
2014-03-25,1.20782e+06
2014-03-26,1.23663e+06
2014-03-27,1.21607e+06
2014-03-28,1.15669e+06
2014-03-29,1.0544e+06
2014-03-30,995337
2014-03-31,1.17084e+06
2014-04-01,1.19008e+06
2014-04-02,1.18924e+06
2014-04-03,1.17892e+06
2014-04-04,1.17145e+06
2014-04-05,1.09611e+06
2014-04-06,1.05282e+06
2014-04-07,1.14501e+06
2014-04-08,1.14787e+06
2014-04-09,1.17954e+06
2014-04-10,1.19039e+06
2014-04-11,1.1494e+06
2014-04-12,1.05749e+06
2014-04-13,1.03151e+06
2014-04-14,1.13131e+06
2014-04-15,1.13461e+06
2014-04-16,1.127e+06
2014-04-17,1.08495e+06
2014-04-18,1.00776e+06
2014-04-19,968186
2014-04-20,914653
2014-04-21,931135
2014-04-22,1.02438e+06
2014-04-23,1.0563e+06
2014-04-24,1.07861e+06
2014-04-25,1.0583e+06
2014-04-26,948969
2014-04-27,916492
2014-04-28,1.02784e+06
2014-04-29,1.04018e+06
2014-04-30,1.06395e+06
2014-05-01,991042
2014-05-02,1.04319e+06
2014-05-03,984761
2014-05-04,971379
2014-05-05,1.0877e+06
2014-05-06,1.09077e+06
2014-05-07,1.10396e+06
2014-05-08,1.10205e+06
2014-05-09,1.07454e+06
2014-05-10,957345
2014-05-11,925680
2014-05-12,1.03723e+06
2014-05-13,1.0404e+06
2014-05-14,1.05004e+06
2014-05-15,1.04806e+06
2014-05-16,988723
2014-05-17,873991
2014-05-18,859915
2014-05-19,972775
2014-05-20,964610
2014-05-21,961830
2014-05-22,964793
2014-05-23,952407
2014-05-24,855307
2014-05-25,843461
2014-05-26,961341
2014-05-27,965908
2014-05-28,985192
2014-05-29,901503
2014-05-30,925579
2014-05-31,859487
2014-06-01,850695
2014-06-02,963754
2014-06-03,969426
2014-06-04,964083
2014-06-05,944493
2014-06-06,898892
2014-06-07,829962
2014-06-08,810877
2014-06-09,900829
2014-06-10,946747
2014-06-11,954332
2014-06-12,952543
2014-06-13,952491
2014-06-14,858493
2014-06-15,841600
2014-06-16,959991
2014-06-17,973065
2014-06-18,957060
2014-06-19,934756
2014-06-20,870224
2014-06-21,824809
2014-06-22,828285
2014-06-23,943818
2014-06-24,950585
2014-06-25,968263
2014-06-26,973090
2014-06-27,954178
2014-06-28,869754
2014-06-29,850878
2014-06-30,957983
2014-07-01,957120
2014-07-02,945956
2014-07-03,939162
2014-07-04,923189
2014-07-05,826183
2014-07-06,806815
2014-07-07,910239
2014-07-08,910061
2014-07-09,900869
2014-07-10,891804
2014-07-11,870609
2014-07-12,802536
2014-07-13,797584
2014-07-14,873762
2014-07-15,863979
2014-07-16,859899
2014-07-17,865329
2014-07-18,861426
2014-07-19,792928
2014-07-20,776900
2014-07-21,855161
2014-07-22,860206
2014-07-23,865486
2014-07-24,865579
2014-07-25,862820
2014-07-26,806942
2014-07-27,786953
2014-07-28,874741
2014-07-29,875591
2014-07-30,880116
2014-07-31,871238
2014-08-01,869683
2014-08-02,806912
2014-08-03,798466
2014-08-04,907529
2014-08-05,918229
2014-08-06,921563
2014-08-07,920486
2014-08-08,913554
2014-08-09,824266
2014-08-10,810795
2014-08-11,943443
2014-08-12,937273
2014-08-13,941704
2014-08-14,950297
2014-08-15,929192
2014-08-16,846369
2014-08-17,853344
2014-08-18,952031
2014-08-19,947441
2014-08-20,952227
2014-08-21,961136
2014-08-22,949134
2014-08-23,870718
2014-08-24,864500
2014-08-25,979901
2014-08-26,971017
2014-08-27,965075
2014-08-28,971177
2014-08-29,958735
2014-08-30,876900
2014-08-31,863033
2014-09-01,977704
2014-09-02,982465
2014-09-03,977120
2014-09-04,976234
2014-09-05,952479
2014-09-06,872653
2014-09-07,853645
2014-09-08,973885
2014-09-09,977916
2014-09-10,968643
2014-09-11,979615
2014-09-12,974166
2014-09-13,879670
2014-09-14,866704
2014-09-15,987082
2014-09-16,990825
2014-09-17,998828
2014-09-18,1.00586e+06
2014-09-19,995165
2014-09-20,903865
2014-09-21,888453
2014-09-22,1.03859e+06
2014-09-23,1.08124e+06
2014-09-24,1.07726e+06
2014-09-25,1.06562e+06
2014-09-26,1.03564e+06
2014-09-27,931045
2014-09-28,909577
2014-09-29,1.0213e+06
2014-09-30,1.04766e+06
2014-10-01,1.06689e+06
2014-10-02,1.05834e+06
2014-10-03,1.03794e+06
2014-10-04,937357
2014-10-05,924389
2014-10-06,1.05949e+06
2014-10-07,1.08985e+06
2014-10-08,1.07559e+06
2014-10-09,1.07340e+06
2014-10-10,1.05409e+06
2014-10-11,983771
2014-10-12,970838
2014-10-13,1.10004e+06
2014-10-14,1.10618e+06
2014-10-15,1.12735e+06
2014-10-16,1.1633e+06
2014-10-17,1.15876e+06
2014-10-18,1.05213e+06
2014-10-19,1.00132e+06
2014-10-20,1.11639e+06
2014-10-21,1.1516e+06
2014-10-22,1.18216e+06
2014-10-23,1.20336e+06
2014-10-24,1.16142e+06
2014-10-25,1.03744e+06
2014-10-26,1.03982e+06
2014-10-27,1.09612e+06
2014-10-28,1.09392e+06
2014-10-29,1.11476e+06
2014-10-30,1.17745e+06
2014-10-31,1.1853e+06
2014-11-01,1.06433e+06
2014-11-02,1.011e+06
2014-11-03,1.11158e+06
2014-11-04,1.14741e+06
2014-11-05,1.21323e+06
2014-11-06,1.26498e+06
2014-11-07,1.264e+06
2014-11-08,1.13569e+06
2014-11-09,1.06485e+06
2014-11-10,1.17083e+06
2014-11-11,1.15122e+06
2014-11-12,1.19397e+06
2014-11-13,1.21156e+06
2014-11-14,1.19743e+06
2014-11-15,1.10306e+06
2014-11-16,1.09437e+06
2014-11-17,1.22821e+06
2014-11-18,1.23818e+06
2014-11-19,1.26007e+06
2014-11-20,1.27501e+06
2014-11-21,1.27655e+06
2014-11-22,1.19002e+06
2014-11-23,1.14593e+06
2014-11-24,1.23324e+06
2014-11-25,1.25163e+06
2014-11-26,1.28148e+06
2014-11-27,1.29211e+06
2014-11-28,1.28353e+06
2014-11-29,1.20204e+06
2014-11-30,1.19395e+06
2014-12-01,1.33325e+06
2014-12-02,1.3431e+06
2014-12-03,1.31656e+06
2014-12-04,1.30837e+06
2014-12-05,1.29581e+06
2014-12-06,1.19880e+06
2014-12-07,1.16791e+06
2014-12-08,1.29736e+06
2014-12-09,1.32609e+06
2014-12-10,1.31108e+06
2014-12-11,1.30892e+06
2014-12-12,1.30764e+06
2014-12-13,1.22356e+06
2014-12-14,1.2061e+06
2014-12-15,1.29825e+06
2014-12-16,1.33428e+06
2014-12-17,1.36864e+06
2014-12-18,1.33986e+06
2014-12-19,1.29254e+06
2014-12-20,1.23168e+06
2014-12-21,1.22695e+06
2014-12-22,1.28489e+06
2014-12-23,1.27125e+06
2014-12-24,1.23582e+06
2014-12-25,1.27036e+06
2014-12-26,1.3033e+06
2014-12-27,1.32597e+06
2014-12-28,1.37846e+06
2014-12-29,1.44836e+06
2014-12-30,1.33814e+06
2014-12-31,1.20611e+06
2015-01-01,1.13458e+06
2015-01-02,1.20405e+06
2015-01-03,1.21353e+06
2015-01-04,1.24382e+06
2015-01-05,1.39078e+06
2015-01-06,1.36554e+06
2015-01-07,1.37665e+06
2015-01-08,1.33368e+06
2015-01-09,1.35513e+06
2015-01-10,1.28782e+06
2015-01-11,1.30536e+06
2015-01-12,1.43476e+06
2015-01-13,1.37273e+06
2015-01-14,1.37099e+06
2015-01-15,1.3646e+06
2015-01-16,1.32373e+06
2015-01-17,1.22092e+06
2015-01-18,1.23656e+06
2015-01-19,1.4043e+06
2015-01-20,1.43288e+06
2015-01-21,1.43924e+06
2015-01-22,1.45703e+06
2015-01-23,1.4659e+06
2015-01-24,1.32949e+06
2015-01-25,1.27532e+06
2015-01-26,1.36824e+06
2015-01-27,1.36373e+06
2015-01-28,1.34444e+06
2015-01-29,1.35974e+06
2015-01-30,1.36004e+06
2015-01-31,1.28056e+06
2015-02-01,1.27261e+06
2015-02-02,1.42472e+06
2015-02-03,1.44674e+06
2015-02-04,1.45905e+06
2015-02-05,1.45428e+06
2015-02-06,1.39199e+06
2015-02-07,1.25439e+06
2015-02-08,1.26789e+06
2015-02-09,1.33151e+06
2015-02-10,1.2904e+06
2015-02-11,1.3067e+06
2015-02-12,1.33009e+06
2015-02-13,1.3401e+06
2015-02-14,1.24451e+06
2015-02-15,1.24464e+06
2015-02-16,1.38106e+06
2015-02-17,1.37325e+06
2015-02-18,1.30392e+06
2015-02-19,1.28306e+06
2015-02-20,1.27722e+06
2015-02-21,1.20406e+06
2015-02-22,1.19796e+06
2015-02-23,1.33149e+06
2015-02-24,1.30531e+06
2015-02-25,1.27679e+06
2015-02-26,1.29508e+06
2015-02-27,1.29113e+06
2015-02-28,1.18977e+06
2015-03-01,1.1848e+06
2015-03-02,1.27973e+06
2015-03-03,1.29153e+06
2015-03-04,1.30695e+06
2015-03-05,1.29885e+06
2015-03-06,1.25263e+06
2015-03-07,1.15136e+06
2015-03-08,1.0937e+06
2015-03-09,1.21966e+06
2015-03-10,1.23424e+06
2015-03-11,1.22059e+06
2015-03-12,1.23549e+06
2015-03-13,1.22633e+06
2015-03-14,1.14714e+06
2015-03-15,1.12114e+06
2015-03-16,1.21956e+06
2015-03-17,1.20866e+06
2015-03-18,1.20133e+06
2015-03-19,1.21575e+06
2015-03-20,1.23023e+06
2015-03-21,1.1749e+06
2015-03-22,1.19385e+06
2015-03-23,1.25153e+06
2015-03-24,1.22115e+06
2015-03-25,1.25773e+06
2015-03-26,1.30134e+06
2015-03-27,1.25889e+06
2015-03-28,1.1321e+06
2015-03-29,1.06562e+06
2015-03-30,1.22058e+06
2015-03-31,1.24018e+06
2015-04-01,1.20984e+06
2015-04-02,1.17114e+06
2015-04-03,1.09601e+06
2015-04-04,1.07486e+06
2015-04-05,1.05424e+06
2015-04-06,1.07061e+06
2015-04-07,1.14503e+06
2015-04-08,1.14963e+06
2015-04-09,1.14615e+06
2015-04-10,1.11249e+06
2015-04-11,1.02084e+06
2015-04-12,1.01728e+06
2015-04-13,1.12895e+06
2015-04-14,1.1641e+06
2015-04-15,1.14461e+06
2015-04-16,1.13267e+06
2015-04-17,1.12741e+06
2015-04-18,1.02684e+06
2015-04-19,971860
2015-04-20,1.05756e+06
2015-04-21,1.04821e+06
2015-04-22,1.05755e+06
2015-04-23,1.06237e+06
2015-04-24,1.07522e+06
2015-04-25,996796
2015-04-26,977009
2015-04-27,1.09612e+06
2015-04-28,1.09482e+06
2015-04-29,1.10351e+06
2015-04-30,1.09021e+06
2015-05-01,985841
2015-05-02,981601
2015-05-03,955700
2015-05-04,1.0846e+06
2015-05-05,1.06053e+06
2015-05-06,1.02616e+06
2015-05-07,1.0332e+06
2015-05-08,1.03234e+06
2015-05-09,965664
2015-05-10,953882
2015-05-11,1.04384e+06
2015-05-12,1.04979e+06
2015-05-13,1.05486e+06
2015-05-14,980419
2015-05-15,1.01672e+06
2015-05-16,957670
2015-05-17,949804
2015-05-18,1.04616e+06
2015-05-19,1.04972e+06
2015-05-20,1.03779e+06
2015-05-21,1.02487e+06
2015-05-22,1.00486e+06
2015-05-23,903897
2015-05-24,893073
2015-05-25,977842
2015-05-26,1.01396e+06
2015-05-27,1.00676e+06
2015-05-28,1.02024e+06
2015-05-29,1.00182e+06
2015-05-30,928859
2015-05-31,905720
2015-06-01,1.01263e+06
2015-06-02,1.03864e+06
2015-06-03,1.02624e+06
2015-06-04,1.00769e+06
2015-06-05,963173
2015-06-06,877301
2015-06-07,879095
2015-06-08,1.00521e+06
2015-06-09,1.00222e+06
2015-06-10,988198
2015-06-11,986564
2015-06-12,974886
2015-06-13,884081
2015-06-14,875419
2015-06-15,1.00015e+06
2015-06-16,996246
2015-06-17,1.00571e+06
2015-06-18,990921
2015-06-19,904593
2015-06-20,839546
2015-06-21,839105
2015-06-22,955235
2015-06-23,962830
2015-06-24,962621
2015-06-25,988540
2015-06-26,972332
2015-06-27,877777
2015-06-28,849946
2015-06-29,965415
2015-06-30,963791
2015-07-01,954796
2015-07-02,941495
2015-07-03,934551
2015-07-04,846538
2015-07-05,834459
2015-07-06,913855
2015-07-07,934825
2015-07-08,939344
2015-07-09,926854
2015-07-10,919065
2015-07-11,842675
2015-07-12,827413
2015-07-13,896210
2015-07-14,901129
2015-07-15,897276
2015-07-16,899026
2015-07-17,879718
2015-07-18,823967
2015-07-19,820895
2015-07-20,878641
2015-07-21,888401
2015-07-22,891343
2015-07-23,884509
2015-07-24,886704
2015-07-25,840426
2015-07-26,840420
2015-07-27,903403
2015-07-28,910835
2015-07-29,911896
2015-07-30,900530
2015-07-31,895067
2015-08-01,842706
2015-08-02,834038
2015-08-03,931333
2015-08-04,939585
2015-08-05,946734
2015-08-06,949386
2015-08-07,930858
2015-08-08,842015
2015-08-09,839159
2015-08-10,956361
2015-08-11,958165
2015-08-12,965995
2015-08-13,962576
2015-08-14,941732
2015-08-15,855222
2015-08-16,835807
2015-08-17,944430
2015-08-18,950002
2015-08-19,956680
2015-08-20,953814
2015-08-21,947405
2015-08-22,856527
2015-08-23,836955
2015-08-24,929921
2015-08-25,965197
2015-08-26,966273
2015-08-27,974441
2015-08-28,955830
2015-08-29,864936
2015-08-30,865985
2015-08-31,983645
2015-09-01,1.00088e+06
2015-09-02,996414
2015-09-03,995762
2015-09-04,990252
2015-09-05,899861
2015-09-06,891200
2015-09-07,1.00992e+06
2015-09-08,1.01813e+06
2015-09-09,1.01997e+06
2015-09-10,1.01605e+06
2015-09-11,993821
2015-09-12,902168
2015-09-13,894530
2015-09-14,999596
2015-09-15,1.01196e+06
2015-09-16,1.02042e+06
2015-09-17,1.00663e+06
2015-09-18,931210
2015-09-19,878473
2015-09-20,894955
2015-09-21,1.02149e+06
2015-09-22,1.03658e+06
2015-09-23,1.0308e+06
2015-09-24,1.02223e+06
2015-09-25,1.00309e+06
2015-09-26,927892
2015-09-27,927902
2015-09-28,1.03892e+06
2015-09-29,1.04218e+06
2015-09-30,1.03908e+06
2015-10-01,1.03097e+06
2015-10-02,1.02996e+06
2015-10-03,962670
2015-10-04,960737
2015-10-05,1.08216e+06
2015-10-06,1.09679e+06
2015-10-07,1.11863e+06
2015-10-08,1.14021e+06
2015-10-09,1.1317e+06
2015-10-10,1.05175e+06
2015-10-11,1.02041e+06
2015-10-12,1.13541e+06
2015-10-13,1.13646e+06
2015-10-14,1.14572e+06
2015-10-15,1.14758e+06
2015-10-16,1.13931e+06
2015-10-17,1.06275e+06
2015-10-18,1.0288e+06
2015-10-19,1.15498e+06
2015-10-20,1.15702e+06
2015-10-21,1.14755e+06
2015-10-22,1.12022e+06
2015-10-23,1.10122e+06
2015-10-24,1.02616e+06
2015-10-25,1.04585e+06
2015-10-26,1.14657e+06
2015-10-27,1.17256e+06
2015-10-28,1.1913e+06
2015-10-29,1.20368e+06
2015-10-30,1.17636e+06
2015-10-31,1.04341e+06
2015-11-01,1.02119e+06
2015-11-02,1.12254e+06
2015-11-03,1.14222e+06
2015-11-04,1.15577e+06
2015-11-05,1.18801e+06
2015-11-06,1.15782e+06
2015-11-07,1.0436e+06
2015-11-08,1.02561e+06
2015-11-09,1.16253e+06
2015-11-10,1.17194e+06
2015-11-11,1.18341e+06
2015-11-12,1.20040e+06
2015-11-13,1.18686e+06
2015-11-14,1.09969e+06
2015-11-15,1.10014e+06
2015-11-16,1.23435e+06
2015-11-17,1.23625e+06
2015-11-18,1.23667e+06
2015-11-19,1.25114e+06
2015-11-20,1.30344e+06
2015-11-21,1.24192e+06
2015-11-22,1.25047e+06
2015-11-23,1.38785e+06
2015-11-24,1.33389e+06
2015-11-25,1.30783e+06
2015-11-26,1.30972e+06
2015-11-27,1.22899e+06
2015-11-28,1.14326e+06
2015-11-29,1.16226e+06
2015-11-30,1.30918e+06
2015-12-01,1.32044e+06
2015-12-02,1.31701e+06
2015-12-03,1.28649e+06
2015-12-04,1.26821e+06
2015-12-05,1.14797e+06
2015-12-06,1.12391e+06
2015-12-07,1.28217e+06
2015-12-08,1.28197e+06
2015-12-09,1.24158e+06
2015-12-10,1.25109e+06
2015-12-11,1.28084e+06
2015-12-12,1.21931e+06
2015-12-13,1.251e+06
2015-12-14,609546
2015-12-15,1.42206e+06
2015-12-16,1.40672e+06
2015-12-17,1.35355e+06
2015-12-18,1.26285e+06
2015-12-19,1.13226e+06
2015-12-20,1.09131e+06
2015-12-21,1.19058e+06
2015-12-22,1.2072e+06
2015-12-23,1.17904e+06
2015-12-24,1.07943e+06
2015-12-25,1.05838e+06
2015-12-26,1.12853e+06
2015-12-27,1.20772e+06
2015-12-28,1.33544e+06
2015-12-29,1.337e+06
2015-12-30,1.30258e+06
2015-12-31,1.23796e+06
2016-01-01,1.18713e+06
2016-01-02,1.28312e+06
2016-01-03,1.34006e+06
2016-01-04,1.5094e+06
2016-01-05,1.54856e+06
2016-01-06,1.58344e+06
2016-01-07,1.65055e+06
2016-01-08,1.60232e+06
2016-01-09,1.49389e+06
2016-01-10,1.43618e+06
2016-01-11,1.50106e+06
2016-01-12,1.49967e+06
2016-01-13,1.54814e+06
2016-01-14,1.59926e+06
2016-01-15,1.61963e+06
2016-01-16,1.5279e+06
2016-01-17,1.50744e+06
2016-01-18,1.61368e+06
2016-01-19,1.60967e+06
2016-01-20,1.63523e+06
2016-01-21,1.64684e+06
2016-01-22,1.61694e+06
2016-01-23,1.42724e+06
2016-01-24,1.33958e+06
2016-01-25,1.41126e+06
2016-01-26,1.3672e+06
2016-01-27,1.33655e+06
2016-01-28,1.34416e+06
2016-01-29,1.34045e+06
2016-01-30,1.24446e+06
2016-01-31,1.24379e+06
2016-02-01,1.39595e+06
2016-02-02,1.37424e+06
2016-02-03,1.37695e+06
2016-02-04,1.40554e+06
2016-02-05,1.40739e+06
2016-02-06,1.26123e+06
2016-02-07,1.19245e+06
2016-02-08,1.31197e+06
2016-02-09,1.31594e+06
2016-02-10,1.34192e+06
2016-02-11,1.35923e+06
2016-02-12,1.38784e+06
2016-02-13,1.30995e+06
2016-02-14,1.30443e+06
2016-02-15,1.44609e+06
2016-02-16,1.44116e+06
2016-02-17,1.4036e+06
2016-02-18,1.4164e+06
2016-02-19,1.38298e+06
2016-02-20,1.27768e+06
2016-02-21,1.23298e+06
2016-02-22,1.35316e+06
2016-02-23,1.36453e+06
2016-02-24,1.36524e+06
2016-02-25,1.37828e+06
2016-02-26,1.36405e+06
2016-02-27,1.28785e+06
2016-02-28,1.26369e+06
2016-02-29,1.40363e+06
2016-03-01,1.39883e+06
2016-03-02,1.39291e+06
2016-03-03,1.38627e+06
2016-03-04,1.36118e+06
2016-03-05,1.2548e+06
2016-03-06,1.24894e+06
2016-03-07,1.35718e+06
2016-03-08,1.34745e+06
2016-03-09,1.33388e+06
2016-03-10,1.32869e+06
2016-03-11,1.31631e+06
2016-03-12,1.23337e+06
2016-03-13,1.2026e+06
2016-03-14,1.27189e+06
2016-03-15,1.23143e+06
2016-03-16,1.22034e+06
2016-03-17,1.24038e+06
2016-03-18,1.25497e+06
2016-03-19,1.17183e+06
2016-03-20,1.14235e+06
2016-03-21,1.25095e+06
2016-03-22,1.27007e+06
2016-03-23,1.25497e+06
2016-03-24,1.22582e+06
2016-03-25,1.1378e+06
2016-03-26,1.08415e+06
2016-03-27,1.00547e+06
2016-03-28,1.06515e+06
2016-03-29,1.17276e+06
2016-03-30,1.21698e+06
2016-03-31,1.22247e+06
2016-04-01,1.21547e+06
2016-04-02,1.10809e+06
2016-04-03,1.07094e+06
2016-04-04,1.16971e+06
2016-04-05,1.17061e+06
2016-04-06,1.16071e+06
2016-04-07,1.16173e+06
2016-04-08,1.16074e+06
2016-04-09,1.07440e+06
2016-04-10,1.04992e+06
2016-04-11,1.14142e+06
2016-04-12,1.13738e+06
2016-04-13,1.14516e+06
2016-04-14,1.16201e+06
2016-04-15,1.15707e+06
2016-04-16,1.04796e+06
2016-04-17,1.038e+06
2016-04-18,1.13709e+06
2016-04-19,1.14398e+06
2016-04-20,1.13936e+06
2016-04-21,1.13264e+06
2016-04-22,1.12562e+06
2016-04-23,1.07042e+06
2016-04-24,1.06904e+06
2016-04-25,1.18277e+06
2016-04-26,1.17519e+06
2016-04-27,1.15851e+06
2016-04-28,1.1667e+06
2016-04-29,1.12122e+06
2016-04-30,1.03073e+06
2016-05-01,975516
2016-05-02,1.08329e+06
2016-05-03,1.06257e+06
2016-05-04,1.05233e+06
2016-05-05,962662
2016-05-06,979751
2016-05-07,905930
2016-05-08,869129
2016-05-09,961087
2016-05-10,969960
2016-05-11,977215
2016-05-12,998988
2016-05-13,1.00985e+06
2016-05-14,940092
2016-05-15,922421
2016-05-16,999566
2016-05-17,993190
2016-05-18,1.03373e+06
2016-05-19,1.02584e+06
2016-05-20,1.00343e+06
2016-05-21,897325
2016-05-22,875740
2016-05-23,984076
2016-05-24,983301
2016-05-25,992573
2016-05-26,1.00146e+06
2016-05-27,980119
2016-05-28,874493
2016-05-29,859047
2016-05-30,969236
2016-05-31,966963
2016-06-01,962282
2016-06-02,956855
2016-06-03,942923
2016-06-04,853139
2016-06-05,836594
2016-06-06,924858
2016-06-07,965332
2016-06-08,973770
2016-06-09,989100
2016-06-10,976899
2016-06-11,889525
2016-06-12,866516
2016-06-13,971291
2016-06-14,966830
2016-06-15,968228
2016-06-16,965619
2016-06-17,954440
2016-06-18,863896
2016-06-19,850964
2016-06-20,955948
2016-06-21,950518
2016-06-22,936855
2016-06-23,915731
2016-06-24,848209
2016-06-25,795037
2016-06-26,805836
2016-06-27,916459
2016-06-28,939827
2016-06-29,952359
2016-06-30,955527
2016-07-01,932619
2016-07-02,845857
2016-07-03,840919
2016-07-04,938610
2016-07-05,957473
2016-07-06,937965
2016-07-07,940366
2016-07-08,919832
2016-07-09,830109
2016-07-10,821158
2016-07-11,900093
2016-07-12,896211
2016-07-13,895076
2016-07-14,901622
2016-07-15,889617
2016-07-16,817043
2016-07-17,804378
2016-07-18,881465
2016-07-19,879981
2016-07-20,871800
2016-07-21,867081
2016-07-22,868559
2016-07-23,819238
2016-07-24,793277
2016-07-25,873770
2016-07-26,861176
2016-07-27,871194
2016-07-28,872540
2016-07-29,876547
2016-07-30,813046
2016-07-31,793508
2016-08-01,880680
2016-08-02,890702
2016-08-03,895817
2016-08-04,902400
2016-08-05,894161
2016-08-06,825195
2016-08-07,821356
2016-08-08,914455
2016-08-09,944530
2016-08-10,964357
2016-08-11,967498
2016-08-12,956560
2016-08-13,871405
2016-08-14,851003
2016-08-15,960307
2016-08-16,973332
2016-08-17,976527
2016-08-18,977856
2016-08-19,960252
2016-08-20,870127
2016-08-21,862399
2016-08-22,969718
2016-08-23,968854
2016-08-24,970405
2016-08-25,980409
2016-08-26,960466
2016-08-27,863122
2016-08-28,872718
2016-08-29,980047
2016-08-30,983195
2016-08-31,986116
2016-09-01,981160
2016-09-02,962053
2016-09-03,871856
2016-09-04,862895
2016-09-05,981112
2016-09-06,988442
2016-09-07,982432
2016-09-08,978775
2016-09-09,970639
2016-09-10,864817
2016-09-11,856346
2016-09-12,982266
2016-09-13,991995
2016-09-14,984109
2016-09-15,977272
2016-09-16,968414
2016-09-17,891585
2016-09-18,880637
2016-09-19,959920
2016-09-20,993282
2016-09-21,1.00282e+06
2016-09-22,1.0041e+06
2016-09-23,993419
2016-09-24,912696
2016-09-25,873550
2016-09-26,964118
2016-09-27,1.0077e+06
2016-09-28,1.01061e+06
2016-09-29,1.01691e+06
2016-09-30,1.00504e+06
2016-10-01,932628
2016-10-02,934206
2016-10-03,1.05676e+06
2016-10-04,1.08152e+06
2016-10-05,1.09388e+06
2016-10-06,1.09748e+06
2016-10-07,1.0782e+06
2016-10-08,1.00181e+06
2016-10-09,1.01393e+06
2016-10-10,1.12894e+06
2016-10-11,1.15104e+06
2016-10-12,1.16964e+06
2016-10-13,1.17829e+06
2016-10-14,1.17328e+06
2016-10-15,1.06866e+06
2016-10-16,1.0556e+06
2016-10-17,1.15331e+06
2016-10-18,1.14344e+06
2016-10-19,1.13705e+06
2016-10-20,1.15142e+06
2016-10-21,1.15755e+06
2016-10-22,1.09926e+06
2016-10-23,1.09296e+06
2016-10-24,1.19682e+06
2016-10-25,1.21476e+06
2016-10-26,1.21665e+06
2016-10-27,1.16851e+06
2016-10-28,1.13052e+06
2016-10-29,1.07051e+06
2016-10-30,1.1134e+06
2016-10-31,1.19161e+06
2016-11-01,1.20305e+06
2016-11-02,1.26633e+06
2016-11-03,1.3023e+06
2016-11-04,1.30428e+06
2016-11-05,1.21619e+06
2016-11-06,1.23917e+06
2016-11-07,1.41394e+06
2016-11-08,1.42622e+06
2016-11-09,1.42252e+06
2016-11-10,1.40852e+06
2016-11-11,1.40318e+06
2016-11-12,1.29545e+06
2016-11-13,1.2279e+06
2016-11-14,1.31759e+06
2016-11-15,1.28186e+06
2016-11-16,1.27785e+06
2016-11-17,1.27035e+06
2016-11-18,1.2596e+06
2016-11-19,1.17876e+06
2016-11-20,1.16386e+06
2016-11-21,1.25439e+06
2016-11-22,1.23668e+06
2016-11-23,1.22644e+06
2016-11-24,1.28296e+06
2016-11-25,1.27717e+06
2016-11-26,1.15139e+06
2016-11-27,1.19697e+06
2016-11-28,1.36839e+06
2016-11-29,1.35135e+06
2016-11-30,1.32867e+06
2016-12-01,1.32863e+06
2016-12-02,1.35318e+06
2016-12-03,1.30486e+06
2016-12-04,1.26042e+06
2016-12-05,1.25998e+06
2016-12-06,1.33142e+06
2016-12-07,1.3065e+06
2016-12-08,1.26016e+06
2016-12-09,1.25708e+06
2016-12-10,1.17749e+06
2016-12-11,1.25781e+06
2016-12-12,1.41563e+06
2016-12-13,1.38799e+06
2016-12-14,1.40733e+06
2016-12-15,1.42855e+06
2016-12-16,1.38052e+06
2016-12-17,1.2699e+06
2016-12-18,1.23542e+06
2016-12-19,1.30679e+06
2016-12-20,1.29075e+06
2016-12-21,1.25114e+06
2016-12-22,1.27939e+06
2016-12-23,1.23709e+06
2016-12-24,1.12324e+06
2016-12-25,1.09823e+06
2016-12-26,1.12156e+06
2016-12-27,1.24011e+06
2016-12-28,1.28791e+06
2016-12-29,1.19876e+06
2016-12-30,1.20968e+06
2016-12-31,1.10737e+06
2017-01-01,1.13372e+06
2017-01-02,1.37704e+06
2017-01-03,1.42273e+06
2017-01-04,1.47707e+06
2017-01-05,1.29112e+06
2017-01-06,1.55435e+06
2017-01-07,1.38409e+06
2017-01-08,844362
2017-01-09,1.3295e+06
2017-01-10,1.37523e+06
2017-01-11,1.36288e+06
2017-01-12,1.39288e+06
2017-01-13,1.35386e+06
2017-01-14,1.32008e+06
2017-01-15,1.34496e+06
2017-01-16,1.49814e+06
2017-01-17,1.47033e+06
2017-01-18,1.39778e+06
2017-01-19,1.35569e+06
2017-01-20,1.32563e+06
2017-01-21,1.26359e+06
2017-01-22,1.26653e+06
2017-01-23,1.37930e+06
2017-01-24,1.41788e+06
2017-01-25,1.39532e+06
2017-01-26,1.36637e+06
2017-01-27,1.32205e+06
2017-01-28,1.29121e+06
2017-01-29,1.22586e+06
2017-01-30,1.36958e+06
2017-01-31,1.40144e+06
2017-02-01,1.40893e+06
2017-02-02,1.40568e+06
2017-02-03,1.38518e+06
2017-02-04,1.28388e+06
2017-02-05,1.28193e+06
2017-02-06,1.42971e+06
2017-02-07,1.50573e+06
2017-02-08,1.53451e+06
2017-02-09,1.53774e+06
2017-02-10,1.49475e+06
2017-02-11,1.372e+06
2017-02-12,1.34676e+06
2017-02-13,1.42317e+06
2017-02-14,1.37451e+06
2017-02-15,1.39314e+06
2017-02-16,1.37658e+06
2017-02-17,1.32773e+06
2017-02-18,1.25429e+06
2017-02-19,1.19347e+06
2017-02-20,1.30682e+06
2017-02-21,1.32979e+06
2017-02-22,1.35754e+06
2017-02-23,1.37311e+06
2017-02-24,1.3819e+06
2017-02-25,1.30093e+06
2017-02-26,1.24849e+06
2017-02-27,1.344e+06
2017-02-28,1.31829e+06
2017-03-01,1.32114e+06
2017-03-02,1.28521e+06
2017-03-03,1.33485e+06
2017-03-04,1.20935e+06
2017-03-05,1.27486e+06
2017-03-06,1.41025e+06
2017-03-07,1.38961e+06
2017-03-08,1.4162e+06
2017-03-09,1.36315e+06
2017-03-10,1.25889e+06
2017-03-11,1.20837e+06
2017-03-12,1.18835e+06
2017-03-13,1.30728e+06
2017-03-14,1.27983e+06
2017-03-15,1.24631e+06
2017-03-16,1.25301e+06
2017-03-17,1.24317e+06
2017-03-18,1.18069e+06
2017-03-19,1.20164e+06
2017-03-20,1.28762e+06
2017-03-21,1.24873e+06
2017-03-22,1.25664e+06
2017-03-23,1.21556e+06
2017-03-24,1.25099e+06
2017-03-25,1.12988e+06
2017-03-26,1.02794e+06
2017-03-27,1.16055e+06
2017-03-28,1.17679e+06
2017-03-29,1.22859e+06
2017-03-30,1.25308e+06
2017-03-31,1.21697e+06
2017-04-01,1.09151e+06
2017-04-02,1.05398e+06
2017-04-03,1.16894e+06
2017-04-04,1.16544e+06
2017-04-05,1.16272e+06
2017-04-06,1.18494e+06
2017-04-07,1.14246e+06
2017-04-08,1.06294e+06
2017-04-09,1.03433e+06
2017-04-10,1.13012e+06
2017-04-11,1.16582e+06
2017-04-12,1.173e+06
2017-04-13,1.15961e+06
2017-04-14,1.07778e+06
2017-04-15,1.12134e+06
2017-04-16,1.09938e+06
2017-04-17,1.07843e+06
2017-04-18,1.22098e+06
2017-04-19,1.20969e+06
2017-04-20,1.17951e+06
2017-04-21,1.14792e+06
2017-04-22,1.07813e+06
2017-04-23,1.06658e+06
2017-04-24,1.17451e+06
2017-04-25,1.19924e+06
2017-04-26,1.1406e+06
2017-04-27,1.17053e+06
2017-04-28,1.16351e+06
2017-04-29,1.07667e+06
2017-04-30,1.0324e+06
2017-05-01,1.00556e+06
2017-05-02,1.06620e+06
2017-05-03,1.05224e+06
2017-05-04,1.04158e+06
2017-05-05,1.03077e+06
2017-05-06,923104
2017-05-07,931788
2017-05-08,1.0951e+06
2017-05-09,1.1286e+06
2017-05-10,1.11021e+06
2017-05-11,1.10304e+06
2017-05-12,1.03447e+06
2017-05-13,974064
2017-05-14,943159
2017-05-15,1.04857e+06
2017-05-16,1.0523e+06
2017-05-17,1.0108e+06
2017-05-18,1.00870e+06
2017-05-19,950550
2017-05-20,892744
2017-05-21,885851
2017-05-22,967290
2017-05-23,1.00146e+06
2017-05-24,986620
2017-05-25,916927
2017-05-26,937576
2017-05-27,848396
2017-05-28,830030
2017-05-29,914030
2017-05-30,999195
2017-05-31,998117
2017-06-01,1.00166e+06
2017-06-02,997185
2017-06-03,900480
2017-06-04,877413
2017-06-05,930385
2017-06-06,935398
2017-06-07,967195
2017-06-08,984913
2017-06-09,967214
2017-06-10,873870
2017-06-11,870665
2017-06-12,943836
2017-06-13,969864
2017-06-14,968313
2017-06-15,960349
2017-06-16,944594
2017-06-17,862707
2017-06-18,848993
2017-06-19,966776
2017-06-20,958511
2017-06-21,964554
2017-06-22,955640
2017-06-23,872851
2017-06-24,782794
2017-06-25,819751
2017-06-26,937200
2017-06-27,969929
2017-06-28,961977
2017-06-29,968969
2017-06-30,945743
2017-07-01,848593
2017-07-02,833985
2017-07-03,948135
2017-07-04,959087
2017-07-05,775655
2017-07-06,963871
2017-07-07,939693
2017-07-08,852039
2017-07-09,836302
2017-07-10,925478
2017-07-11,927605
2017-07-12,919982
2017-07-13,925457
2017-07-14,910861
2017-07-15,839856
2017-07-16,782154
2017-07-17,889777
2017-07-18,855707
2017-07-19,894397
2017-07-20,882748
2017-07-21,884243
2017-07-22,821773
2017-07-23,801539
2017-07-24,883880
2017-07-25,881670
2017-07-26,888411
2017-07-27,885272
2017-07-28,885285
2017-07-29,825144
2017-07-30,820995
2017-07-31,793256
2017-08-01,896509
2017-08-02,898771
2017-08-03,905206
2017-08-04,892936
2017-08-05,837744
2017-08-06,831184
2017-08-07,937931
2017-08-08,945275
2017-08-09,957705
2017-08-10,957106
2017-08-11,937804
2017-08-12,858398
2017-08-13,847148
2017-08-14,967049
2017-08-15,973555
2017-08-16,984489
2017-08-17,980449
2017-08-18,976402
2017-08-19,873971
2017-08-20,863804
2017-08-21,977937
2017-08-22,988173
2017-08-23,992028
2017-08-24,1.002e+06
2017-08-25,991830
2017-08-26,915972
2017-08-27,896763
2017-08-28,1.00338e+06
2017-08-29,990295
2017-08-30,1.00303e+06
2017-08-31,1.00515e+06
2017-09-01,985957
2017-09-02,914418
2017-09-03,900403
2017-09-04,981927
2017-09-05,1.02341e+06
2017-09-06,1.02785e+06
2017-09-07,1.04107e+06
2017-09-08,1.02676e+06
2017-09-09,945237
2017-09-10,899990
2017-09-11,1.00533e+06
2017-09-12,1.02303e+06
2017-09-13,1.03152e+06
2017-09-14,1.04301e+06
2017-09-15,1.01856e+06
2017-09-16,940632
2017-09-17,927189
2017-09-18,1.03562e+06
2017-09-19,1.04558e+06
2017-09-20,1.05746e+06
2017-09-21,1.06213e+06
2017-09-22,1.0453e+06
2017-09-23,956178
2017-09-24,930365
2017-09-25,1.03306e+06
2017-09-26,1.02726e+06
2017-09-27,1.02786e+06
2017-09-28,1.02962e+06
2017-09-29,1.03773e+06
2017-09-30,959325
2017-10-01,952620
2017-10-02,1.01777e+06
2017-10-03,1.05948e+06
2017-10-04,1.07308e+06
2017-10-05,1.09065e+06
2017-10-06,1.07508e+06
2017-10-07,1.00575e+06
2017-10-08,990858
2017-10-09,1.10328e+06
2017-10-10,1.11870e+06
2017-10-11,1.11917e+06
2017-10-12,1.10752e+06
2017-10-13,1.06944e+06
2017-10-14,954025
2017-10-15,974657
2017-10-16,1.06448e+06
2017-10-17,1.08889e+06
2017-10-18,1.10523e+06
2017-10-19,1.15207e+06
2017-10-20,1.16e+06
2017-10-21,1.07185e+06
2017-10-22,1.06839e+06
2017-10-23,1.202e+06
2017-10-24,1.21642e+06
2017-10-25,1.19211e+06
2017-10-26,1.18544e+06
2017-10-27,1.17004e+06
2017-10-28,1.07273e+06
2017-10-29,1.1316e+06
2017-10-30,1.24877e+06
2017-10-31,1.24142e+06
2017-11-01,1.20838e+06
2017-11-02,1.20136e+06
2017-11-03,1.20485e+06
2017-11-04,1.09029e+06
2017-11-05,1.07009e+06
2017-11-06,1.20389e+06
2017-11-07,1.24691e+06
2017-11-08,1.19459e+06
2017-11-09,1.20952e+06
2017-11-10,1.18688e+06
2017-11-11,1.15858e+06
2017-11-12,1.16481e+06
2017-11-13,1.29992e+06
2017-11-14,1.3234e+06
2017-11-15,1.29376e+06
2017-11-16,1.15697e+06
2017-11-17,1.265e+06
2017-11-18,1.19102e+06
2017-11-19,1.21708e+06
2017-11-20,1.37845e+06
2017-11-21,1.40792e+06
2017-11-22,1.4105e+06
2017-11-23,1.3085e+06
2017-11-24,1.23095e+06
2017-11-25,1.21969e+06
2017-11-26,1.19873e+06
2017-11-27,1.32724e+06
2017-11-28,1.36103e+06
2017-11-29,1.38204e+06
2017-11-30,1.3952e+06
2017-12-01,1.39528e+06
2017-12-02,1.27405e+06
2017-12-03,1.22056e+06
2017-12-04,1.38473e+06
2017-12-05,1.3731e+06
2017-12-06,1.35162e+06
2017-12-07,1.33313e+06
2017-12-08,1.32664e+06
2017-12-09,1.2461e+06
2017-12-10,1.27434e+06
2017-12-11,1.0694e+06
2017-12-12,1.42343e+06
2017-12-13,1.42586e+06
2017-12-14,1.42288e+06
2017-12-15,1.41077e+06
2017-12-16,1.33538e+06
2017-12-17,1.35563e+06
2017-12-18,1.43621e+06
2017-12-19,1.4098e+06
2017-12-20,1.357e+06
2017-12-21,1.35584e+06
2017-12-22,1.34306e+06
2017-12-23,1.20992e+06
2017-12-24,1.16804e+06
2017-12-25,1.17009e+06
2017-12-26,1.19902e+06
2017-12-27,1.29885e+06
2017-12-28,1.31468e+06
2017-12-29,1.30951e+06
2017-12-30,1.23318e+06
2017-12-31,1.24597e+06
2018-01-01,1.20489e+06
2018-01-02,1.32421e+06
2018-01-03,1.36572e+06
2018-01-04,1.38602e+06
2018-01-05,1.38342e+06
2018-01-06,1.32566e+06
2018-01-07,1.34688e+06
2018-01-08,1.4365e+06
2018-01-09,1.4328e+06
2018-01-10,1.46407e+06
2018-01-11,1.44775e+06
2018-01-12,1.44625e+06
2018-01-13,1.35033e+06
2018-01-14,1.32947e+06
2018-01-15,1.46124e+06
2018-01-16,1.45247e+06
2018-01-17,1.45784e+06
2018-01-18,1.46339e+06
2018-01-19,1.46347e+06
2018-01-20,1.3752e+06
2018-01-21,1.37272e+06
2018-01-22,1.51349e+06
2018-01-23,1.50794e+06
2018-01-24,1.40975e+06
2018-01-25,1.35534e+06
2018-01-26,1.35985e+06
2018-01-27,1.29787e+06
2018-01-28,1.27109e+06
2018-01-29,1.38616e+06
2018-01-30,1.42118e+06
2018-01-31,1.40539e+06
2018-02-01,1.41180e+06
2018-02-02,1.45146e+06
2018-02-03,1.41519e+06
2018-02-04,1.42169e+06
2018-02-05,1.5574e+06
2018-02-06,1.55277e+06
2018-02-07,1.52752e+06
2018-02-08,1.49443e+06
2018-02-09,1.45439e+06
2018-02-10,1.35798e+06
2018-02-11,1.33706e+06
2018-02-12,1.43988e+06
2018-02-13,1.42578e+06
2018-02-14,1.3997e+06
2018-02-15,1.42094e+06
2018-02-16,1.41463e+06
2018-02-17,1.33147e+06
2018-02-18,1.31446e+06
2018-02-19,1.45275e+06
2018-02-20,1.4895e+06
2018-02-21,1.50757e+06
2018-02-22,1.5083e+06
2018-02-23,1.43591e+06
2018-02-24,1.4173e+06
2018-02-25,1.40922e+06
2018-02-26,1.54209e+06
2018-02-27,1.59841e+06
2018-02-28,1.64939e+06
2018-03-01,1.60558e+06
2018-03-02,1.5693e+06
2018-03-03,1.44605e+06
2018-03-04,1.39117e+06
2018-03-05,1.50322e+06
2018-03-06,1.47761e+06
2018-03-07,1.46519e+06
2018-03-08,1.4062e+06
2018-03-09,1.42202e+06
2018-03-10,1.32465e+06
2018-03-11,1.30773e+06
2018-03-12,1.39991e+06
2018-03-13,1.38465e+06
2018-03-14,1.40162e+06
2018-03-15,1.44051e+06
2018-03-16,1.48006e+06
2018-03-17,1.39616e+06
2018-03-18,1.33482e+06
2018-03-19,1.38791e+06
2018-03-20,1.3726e+06
2018-03-21,1.3693e+06
2018-03-22,1.34308e+06
2018-03-23,1.34456e+06
2018-03-24,1.24054e+06
2018-03-25,1.14014e+06
2018-03-26,1.33962e+06
2018-03-27,1.38214e+06
2018-03-28,1.37022e+06
2018-03-29,1.32052e+06
2018-03-30,1.24943e+06
2018-03-31,1.21771e+06
2018-04-01,1.1926e+06
2018-04-02,1.21487e+06
2018-04-03,1.32468e+06
2018-04-04,1.29192e+06
2018-04-05,1.26199e+06
2018-04-06,1.24238e+06
2018-04-07,1.14589e+06
2018-04-08,1.10628e+06
2018-04-09,1.2045e+06
2018-04-10,1.1982e+06
2018-04-11,1.20104e+06
2018-04-12,1.17834e+06
2018-04-13,1.13049e+06
2018-04-14,1.02342e+06
2018-04-15,1.00557e+06
2018-04-16,1.19093e+06
2018-04-17,1.12489e+06
2018-04-18,1.10187e+06
2018-04-19,1.08152e+06
2018-04-20,1.06192e+06
2018-04-21,992672
2018-04-22,998720
2018-04-23,1.11515e+06
2018-04-24,1.12874e+06
2018-04-25,1.12231e+06
2018-04-26,1.11681e+06
2018-04-27,1.10048e+06
2018-04-28,1.03146e+06
2018-04-29,1.01277e+06
2018-04-30,1.08001e+06
2018-05-01,1.05783e+06
2018-05-02,1.11762e+06
2018-05-03,1.11005e+06
2018-05-04,1.09315e+06
2018-05-05,978990
2018-05-06,936151
2018-05-07,1.03173e+06
2018-05-08,1.01533e+06
2018-05-09,1.00587e+06
2018-05-10,953465
2018-05-11,980634
2018-05-12,917856
2018-05-13,897173
2018-05-14,988355
2018-05-15,986596
2018-05-16,986269
2018-05-17,973918
2018-05-18,980232
2018-05-19,892096
2018-05-20,863944
2018-05-21,944797
2018-05-22,984167
2018-05-23,990834
2018-05-24,981558
2018-05-25,966416
2018-05-26,881391
2018-05-27,865684
2018-05-28,941315
2018-05-29,973376
2018-05-30,972300
2018-05-31,933163
2018-06-01,957469
2018-06-02,868416
2018-06-03,858190
2018-06-04,980719
2018-06-05,951713
2018-06-06,969968
2018-06-07,986655
2018-06-08,979080
2018-06-09,889719
2018-06-10,870728
2018-06-11,976111
2018-06-12,986306
2018-06-13,996131
2018-06-14,977047
2018-06-15,957323
2018-06-16,876791
2018-06-17,871007
2018-06-18,940804
2018-06-19,971620
2018-06-20,985268
2018-06-21,973069
2018-06-22,908191
2018-06-23,855975
2018-06-24,840435
2018-06-25,951856
2018-06-26,969591
2018-06-27,945660
2018-06-28,977263
2018-06-29,967226
2018-06-30,879521
2018-07-01,863090
2018-07-02,960030
2018-07-03,958895
2018-07-04,967972
2018-07-05,964698
2018-07-06,946721
2018-07-07,860940
2018-07-08,847109
2018-07-09,902046
2018-07-10,831226
2018-07-11,936160
2018-07-12,929789
2018-07-13,921428
2018-07-14,840311
2018-07-15,830590
2018-07-16,906406
2018-07-17,908506
2018-07-18,905371
2018-07-19,894758
2018-07-20,893338
2018-07-21,837380
2018-07-22,821039
2018-07-23,899609
2018-07-24,904759
2018-07-25,906436
2018-07-26,912270
2018-07-27,907332
2018-07-28,847679
2018-07-29,825720
2018-07-30,907414
2018-07-31,920998
2018-08-01,924612
2018-08-02,929910
2018-08-03,920745
2018-08-04,844985
2018-08-05,827953
2018-08-06,910311
2018-08-07,947454
2018-08-08,967198
2018-08-09,965620
2018-08-10,923694
2018-08-11,863541
2018-08-12,866424
2018-08-13,975901
2018-08-14,978182
2018-08-15,974241
2018-08-16,979966
2018-08-17,961856
2018-08-18,879764
2018-08-19,870269
2018-08-20,977103
2018-08-21,985604
2018-08-22,998348
2018-08-23,994599
2018-08-24,990021
2018-08-25,899023
2018-08-26,884892
2018-08-27,1.00041e+06
2018-08-28,1.0023e+06
2018-08-29,1.00156e+06
2018-08-30,1.00114e+06
2018-08-31,996414
2018-09-01,914242
2018-09-02,886742
2018-09-03,995298
2018-09-04,1.00997e+06
2018-09-05,1.01306e+06
2018-09-06,1.01115e+06
2018-09-07,995283
2018-09-08,901113
2018-09-09,892251
2018-09-10,994003
2018-09-11,1.02121e+06
2018-09-12,1.02459e+06
2018-09-13,1.0325e+06
2018-09-14,1.01967e+06
2018-09-15,939427
2018-09-16,935636
2018-09-17,1.03872e+06
2018-09-18,1.02146e+06
2018-09-19,1.01610e+06
2018-09-20,1.02618e+06
2018-09-21,1.02256e+06
2018-09-22,953318
2018-09-23,952718
2018-09-24,1.08363e+06
2018-09-25,1.09970e+06
2018-09-26,1.09192e+06
2018-09-27,1.11527e+06
2018-09-28,1.07613e+06
2018-09-29,1.04084e+06
2018-09-30,997145
2018-10-01,1.11454e+06
2018-10-02,1.1535e+06
2018-10-03,1.15726e+06
2018-10-04,759268
2018-10-05,1.11675e+06
2018-10-06,1.04783e+06
2018-10-07,1.04677e+06
2018-10-08,1.14549e+06
2018-10-09,1.07375e+06
2018-10-10,1.08682e+06
2018-10-11,1.04892e+06
2018-10-12,1.07592e+06
2018-10-13,980265
2018-10-14,947278
2018-10-15,1.07134e+06
2018-10-16,1.10553e+06
2018-10-17,1.05631e+06
2018-10-18,1.10413e+06
2018-10-19,1.14625e+06
2018-10-20,1.06884e+06
2018-10-21,1.02715e+06
2018-10-22,1.09523e+06
2018-10-23,1.17602e+06
2018-10-24,1.2113e+06
2018-10-25,1.21037e+06
2018-10-26,1.24490e+06
2018-10-27,1.1937e+06
2018-10-28,1.25202e+06
2018-10-29,1.33383e+06
2018-10-30,1.31967e+06
2018-10-31,1.24129e+06
2018-11-01,1.20761e+06
2018-11-02,1.18754e+06
2018-11-03,1.1067e+06
2018-11-04,1.0911e+06
2018-11-05,1.20626e+06
2018-11-06,1.19657e+06
2018-11-07,1.19743e+06
2018-11-08,1.19954e+06
2018-11-09,1.19225e+06
2018-11-10,1.10485e+06
2018-11-11,1.07472e+06
2018-11-12,1.14812e+06
2018-11-13,1.18992e+06
2018-11-14,1.21343e+06
2018-11-15,1.18732e+06
2018-11-16,1.17019e+06
2018-11-17,1.11928e+06
2018-11-18,1.13537e+06
2018-11-19,1.3021e+06
2018-11-20,1.32998e+06
2018-11-21,1.33584e+06
2018-11-22,1.37041e+06
2018-11-23,1.39026e+06
2018-11-24,1.30319e+06
2018-11-25,1.30813e+06
2018-11-26,1.43329e+06
2018-11-27,1.421e+06
2018-11-28,1.43267e+06
2018-11-29,1.41285e+06
2018-11-30,1.34081e+06
2018-12-01,1.23287e+06
2018-12-02,1.21629e+06
2018-12-03,1.30522e+06
2018-12-04,1.32917e+06
2018-12-05,1.38812e+06
2018-12-06,1.38919e+06
2018-12-07,1.36403e+06
2018-12-08,1.27075e+06
2018-12-09,1.24544e+06
2018-12-10,1.36735e+06
2018-12-11,1.38333e+06
2018-12-12,1.43181e+06
2018-12-13,1.46506e+06
2018-12-14,1.49204e+06
2018-12-15,1.39328e+06
2018-12-16,1.36263e+06
2018-12-17,1.41061e+06
2018-12-18,1.45833e+06
2018-12-19,1.37749e+06
2018-12-20,1.40365e+06
2018-12-21,1.39475e+06
2018-12-22,1.3551e+06
2018-12-23,1.35016e+06
2018-12-24,1.33241e+06
2018-12-25,1.20374e+06
2018-12-26,1.19344e+06
2018-12-27,1.23889e+06
2018-12-28,1.24297e+06
2018-12-29,1.25016e+06
2018-12-30,1.24985e+06
2018-12-31,1.26912e+06
2019-01-01,1.19943e+06
2019-01-02,1.38696e+06
2019-01-03,1.38253e+06
2019-01-04,1.30894e+06
2019-01-05,1.26679e+06
2019-01-06,1.25979e+06
2019-01-07,1.37774e+06
2019-01-08,1.34027e+06
2019-01-09,1.42677e+06
2019-01-10,1.44382e+06
2019-01-11,1.33659e+06
2019-01-12,1.32623e+06
2019-01-13,1.31159e+06
2019-01-14,1.46351e+06
2019-01-15,1.48157e+06
2019-01-16,1.47686e+06
2019-01-17,1.51174e+06
2019-01-18,1.53086e+06
2019-01-19,1.41844e+06
2019-01-20,1.41419e+06
2019-01-21,1.5548e+06
2019-01-22,1.49047e+06
2019-01-23,1.45958e+06
2019-01-24,1.48506e+06
2019-01-25,1.52503e+06
2019-01-26,1.44145e+06
2019-01-27,1.45472e+06
2019-01-28,1.55115e+06
2019-01-29,1.54876e+06
2019-01-30,1.56568e+06
2019-01-31,1.54943e+06
2019-02-01,1.44424e+06
2019-02-02,1.42173e+06
2019-02-03,1.41265e+06
2019-02-04,1.52946e+06
2019-02-05,1.43622e+06
2019-02-06,1.46662e+06
2019-02-07,1.45388e+06
2019-02-08,1.35323e+06
2019-02-09,1.28487e+06
2019-02-10,1.25057e+06
2019-02-11,1.37879e+06
2019-02-12,1.40625e+06
2019-02-13,1.29494e+06
2019-02-14,1.32882e+06
2019-02-15,1.29176e+06
2019-02-16,1.21387e+06
2019-02-17,1.2135e+06
2019-02-18,1.2675e+06
2019-02-19,1.29681e+06
2019-02-20,1.30225e+06
2019-02-21,1.34482e+06
2019-02-22,1.40057e+06
2019-02-23,1.23122e+06
2019-02-24,1.1841e+06
2019-02-25,1.28914e+06
2019-02-26,1.22158e+06
2019-02-27,1.2296e+06
2019-02-28,1.29386e+06
2019-03-01,1.34322e+06
2019-03-02,1.25899e+06
2019-03-03,1.2366e+06
2019-03-04,1.31708e+06
2019-03-05,1.4144e+06
2019-03-06,1.42875e+06
2019-03-07,1.37009e+06
2019-03-08,1.2907e+06
2019-03-09,1.28412e+06
2019-03-10,1.27344e+06
2019-03-11,1.39832e+06
2019-03-12,1.41292e+06
2019-03-13,1.3811e+06
2019-03-14,1.3569e+06
2019-03-15,1.33558e+06
2019-03-16,1.23228e+06
2019-03-17,1.21547e+06
2019-03-18,1.30782e+06
2019-03-19,1.29344e+06
2019-03-20,1.22751e+06
2019-03-21,1.23429e+06
2019-03-22,1.19850e+06
2019-03-23,1.14533e+06
2019-03-24,1.14843e+06
2019-03-25,1.25509e+06
2019-03-26,1.22137e+06
2019-03-27,1.24035e+06
2019-03-28,1.2066e+06
2019-03-29,1.16278e+06
2019-03-30,1.1068e+06
2019-03-31,1.06868e+06
2019-04-01,1.24232e+06
2019-04-02,1.21149e+06
2019-04-03,1.16308e+06
2019-04-04,1.16902e+06
2019-04-05,1.15065e+06
2019-04-06,1.06965e+06
2019-04-07,1.05711e+06
2019-04-08,1.15498e+06
2019-04-09,1.23123e+06
2019-04-10,1.26314e+06
2019-04-11,1.26201e+06
2019-04-12,1.24039e+06
2019-04-13,1.12805e+06
2019-04-14,1.09315e+06
2019-04-15,1.17683e+06
2019-04-16,1.15536e+06
2019-04-17,1.12326e+06
2019-04-18,1.04677e+06
2019-04-19,972992
2019-04-20,942790
2019-04-21,921818
2019-04-22,899294
2019-04-23,1.02041e+06
2019-04-24,1.0223e+06
2019-04-25,987058
2019-04-26,1.01616e+06
2019-04-27,935294
2019-04-28,941249
2019-04-29,1.04477e+06
2019-04-30,1.01962e+06
2019-05-01,970045
2019-05-02,1.09384e+06
2019-05-03,1.1322e+06
2019-05-04,1.04826e+06
2019-05-05,1.0175e+06
2019-05-06,1.11786e+06
2019-05-07,1.12528e+06
2019-05-08,1.10857e+06
2019-05-09,1.09844e+06
2019-05-10,1.06667e+06
2019-05-11,968301
2019-05-12,969602
2019-05-13,1.0716e+06
2019-05-14,1.05628e+06
2019-05-15,1.03031e+06
2019-05-16,1.00046e+06
2019-05-17,943730
2019-05-18,887637
2019-05-19,875203
2019-05-20,975148
2019-05-21,968511
2019-05-22,961954
2019-05-23,985418
2019-05-24,996829
2019-05-25,926493
2019-05-26,923094
2019-05-27,1.02961e+06
2019-05-28,1.03335e+06
2019-05-29,1.03161e+06
2019-05-30,976525
2019-05-31,991442
2019-06-01,923049
2019-06-02,903645
2019-06-03,1.00857e+06
2019-06-04,989213
2019-06-05,972900
2019-06-06,942911
2019-06-07,949198
2019-06-08,870297
2019-06-09,854102
2019-06-10,938513
2019-06-11,987454
2019-06-12,1.00615e+06
2019-06-13,1.00898e+06
2019-06-14,979778
2019-06-15,886901
2019-06-16,870980
2019-06-17,966184
2019-06-18,959974
2019-06-19,965871
2019-06-20,956774
2019-06-21,878290
2019-06-22,829137
2019-06-23,834506
2019-06-24,943825
2019-06-25,980240
2019-06-26,985812
2019-06-27,975430
2019-06-28,963230
2019-06-29,879358
2019-06-30,865477
2019-07-01,966562
2019-07-02,972864
2019-07-03,975083
2019-07-04,984710
2019-07-05,966947
2019-07-06,882308
2019-07-07,866745
2019-07-08,951217
2019-07-09,949111
2019-07-10,932867
2019-07-11,933186
2019-07-12,915047
2019-07-13,841781
2019-07-14,831467
2019-07-15,901663
2019-07-16,900028
2019-07-17,892062
2019-07-18,897901
2019-07-19,889357
2019-07-20,824054
2019-07-21,811740
2019-07-22,879669
2019-07-23,880167
2019-07-24,879345
2019-07-25,881986
2019-07-26,886719
2019-07-27,830246
2019-07-28,824766
2019-07-29,900863
2019-07-30,896711
2019-07-31,905227
2019-08-01,906163
2019-08-02,902563
2019-08-03,838959
2019-08-04,831874
2019-08-05,933779
2019-08-06,935124
2019-08-07,939480
2019-08-08,940649
2019-08-09,938931
2019-08-10,864212
2019-08-11,845764
2019-08-12,949920
2019-08-13,959745
2019-08-14,960012
2019-08-15,972048
2019-08-16,958635
2019-08-17,887866
2019-08-18,871063
2019-08-19,971830
2019-08-20,970848
2019-08-21,979081
2019-08-22,985668
2019-08-23,979852
2019-08-24,883451
2019-08-25,869187
2019-08-26,979790
2019-08-27,975490
2019-08-28,973333
2019-08-29,978011
2019-08-30,968702
2019-08-31,884027
2019-09-01,876672
2019-09-02,983191
2019-09-03,989534
2019-09-04,1.00554e+06
2019-09-05,1.0039e+06
2019-09-06,1.00393e+06
2019-09-07,926809
2019-09-08,915689
2019-09-09,1.01378e+06
2019-09-10,1.00023e+06
2019-09-11,986290
2019-09-12,993001
2019-09-13,985784
2019-09-14,934171
2019-09-15,922446
2019-09-16,1.03279e+06
2019-09-17,1.05753e+06
2019-09-18,1.06165e+06
2019-09-19,1.07772e+06
2019-09-20,1.06023e+06
2019-09-21,941846
2019-09-22,937380
2019-09-23,1.05973e+06
2019-09-24,1.07401e+06
2019-09-25,1.0729e+06
2019-09-26,1.06372e+06
2019-09-27,1.05348e+06
2019-09-28,956273
2019-09-29,945136
2019-09-30,1.0642e+06
2019-10-01,1.08523e+06
2019-10-02,1.10616e+06
2019-10-03,1.14008e+06
2019-10-04,1.16083e+06
2019-10-05,1.09884e+06
2019-10-06,1.08324e+06
2019-10-07,1.20222e+06
2019-10-08,1.20084e+06
2019-10-09,1.16644e+06
2019-10-10,1.13888e+06
2019-10-11,1.12393e+06
2019-10-12,1.03771e+06
2019-10-13,1.02864e+06
2019-10-14,1.15059e+06
2019-10-15,1.15873e+06
2019-10-16,1.15895e+06
2019-10-17,1.15974e+06
2019-10-18,1.12403e+06
2019-10-19,1.03361e+06
2019-10-20,1.05195e+06
2019-10-21,1.18687e+06
2019-10-22,1.14743e+06
2019-10-23,1.14448e+06
2019-10-24,1.13793e+06
2019-10-25,1.10944e+06
2019-10-26,1.07955e+06
2019-10-27,1.14459e+06
2019-10-28,1.23249e+06
2019-10-29,1.26478e+06
2019-10-30,1.29043e+06
2019-10-31,1.24426e+06
2019-11-01,1.24847e+06
2019-11-02,1.16609e+06
2019-11-03,1.15937e+06
2019-11-04,1.30833e+06
2019-11-05,1.35724e+06
2019-11-06,1.38729e+06
2019-11-07,1.38624e+06
2019-11-08,1.35997e+06
2019-11-09,1.25488e+06
2019-11-10,1.23984e+06
2019-11-11,1.3599e+06
2019-11-12,1.33183e+06
2019-11-13,1.29754e+06
2019-11-14,1.29393e+06
2019-11-15,1.29133e+06
2019-11-16,1.20602e+06
2019-11-17,1.175e+06
2019-11-18,1.27984e+06
2019-11-19,1.25687e+06
2019-11-20,1.26607e+06
2019-11-21,1.26497e+06
2019-11-22,1.25811e+06
2019-11-23,1.18915e+06
2019-11-24,1.19867e+06
2019-11-25,1.3169e+06
2019-11-26,1.30969e+06
2019-11-27,1.31479e+06
2019-11-28,1.32426e+06
2019-11-29,1.35573e+06
2019-11-30,1.31464e+06
2019-12-01,1.31043e+06
2019-12-02,1.42627e+06
2019-12-03,1.4072e+06
2019-12-04,1.32859e+06
2019-12-05,1.30399e+06
2019-12-06,1.27798e+06
2019-12-07,1.2176e+06
2019-12-08,1.23680e+06
2019-12-09,1.32094e+06
2019-12-10,1.41306e+06
2019-12-11,1.34686e+06
2019-12-12,1.32897e+06
2019-12-13,1.33697e+06
2019-12-14,1.24782e+06
2019-12-15,1.22932e+06
2019-12-16,1.34024e+06
2019-12-17,1.33793e+06
2019-12-18,1.35465e+06
2019-12-19,1.36466e+06
2019-12-20,1.29428e+06
2019-12-21,1.19251e+06
2019-12-22,1.17187e+06
2019-12-23,1.19764e+06
2019-12-24,1.1596e+06
2019-12-25,1.15254e+06
2019-12-26,1.20898e+06
2019-12-27,1.30949e+06
2019-12-28,1.30298e+06
2019-12-29,1.18812e+06
2019-12-30,1.18808e+06
2019-12-31,1.01285e+06
2020-01-01,1.16456e+06
2020-01-02,1.23939e+06
2020-01-03,1.2664e+06
2020-01-04,1.26454e+06
2020-01-05,1.27046e+06
2020-01-06,1.27299e+06
2020-01-07,1.29388e+06
2020-01-08,1.29215e+06
2020-01-09,1.33856e+06
2020-01-10,1.36157e+06
2020-01-11,1.27121e+06
2020-01-12,1.19909e+06
2020-01-13,1.34775e+06
2020-01-14,1.32921e+06
2020-01-15,1.30544e+06
2020-01-16,1.30643e+06
2020-01-17,1.305e+06
2020-01-18,1.2209e+06
2020-01-19,1.2363e+06
2020-01-20,1.31673e+06
2020-01-21,1.28604e+06
2020-01-22,1.33571e+06
2020-01-23,1.35188e+06
2020-01-24,1.30677e+06
2020-01-25,1.23564e+06
2020-01-26,1.18637e+06
2020-01-27,1.31807e+06
2020-01-28,1.32216e+06
2020-01-29,1.33246e+06
2020-01-30,1.34002e+06
2020-01-31,1.32452e+06
2020-02-01,1.19258e+06
2020-02-02,1.18568e+06
2020-02-03,1.35373e+06
2020-02-04,1.39438e+06
2020-02-05,1.37467e+06
2020-02-06,1.35252e+06
2020-02-07,1.34695e+06
2020-02-08,1.22431e+06
2020-02-09,1.19151e+06
2020-02-10,1.28573e+06
2020-02-11,1.32134e+06
2020-02-12,1.33524e+06
2020-02-13,1.36116e+06
2020-02-14,1.38002e+06
2020-02-15,1.25116e+06
2020-02-16,1.20974e+06
2020-02-17,1.30656e+06
2020-02-18,1.2975e+06
2020-02-19,1.32932e+06
2020-02-20,1.35946e+06
2020-02-21,1.30913e+06
2020-02-22,1.20785e+06
2020-02-23,1.21435e+06
2020-02-24,1.33555e+06
2020-02-25,1.38548e+06
2020-02-26,1.42304e+06
2020-02-27,1.43771e+06
2020-02-28,1.41028e+06
2020-02-29,1.32057e+06
2020-03-01,1.27282e+06
2020-03-02,1.34182e+06
2020-03-03,1.35342e+06
2020-03-04,1.36883e+06
2020-03-05,1.35612e+06
2020-03-06,1.3558e+06
2020-03-07,1.26579e+06
2020-03-08,1.21541e+06
2020-03-09,1.27751e+06
2020-03-10,1.29957e+06
2020-03-11,1.2778e+06
2020-03-12,1.30358e+06
2020-03-13,1.3383e+06
2020-03-14,1.30404e+06
2020-03-15,1.22975e+06
2020-03-16,1.28328e+06
2020-03-17,1.25545e+06
2020-03-18,1.23981e+06
2020-03-19,1.24837e+06
2020-03-20,1.26686e+06
2020-03-21,1.22775e+06
2020-03-22,1.21916e+06
2020-03-23,1.29382e+06
2020-03-24,1.26261e+06
2020-03-25,1.23192e+06
2020-03-26,1.22325e+06
2020-03-27,1.21516e+06
2020-03-28,1.15453e+06
2020-03-29,1.14053e+06
2020-03-30,596795
2020-03-31,1.2676e+06
2020-04-01,1.22218e+06
2020-04-02,1.24226e+06
2020-04-03,1.25232e+06
2020-04-04,1.16992e+06
2020-04-05,1.12371e+06
2020-04-06,1.14495e+06
2020-04-07,1.12005e+06
2020-04-08,1.12008e+06
2020-04-09,1.09663e+06
2020-04-10,1.07361e+06
2020-04-11,1.06882e+06
2020-04-12,1.02842e+06
2020-04-13,1.09385e+06
2020-04-14,1.19012e+06
2020-04-15,1.14201e+06
2020-04-16,1.12968e+06
2020-04-17,1.13823e+06
2020-04-18,1.06761e+06
2020-04-19,1.02227e+06
2020-04-20,1.07656e+06
2020-04-21,1.05938e+06
2020-04-22,1.03914e+06
2020-04-23,1.0366e+06
2020-04-24,1.04268e+06
2020-04-25,992847
2020-04-26,992375
2020-04-27,1.10713e+06
2020-04-28,1.13280e+06
2020-04-29,1.13633e+06
2020-04-30,1.1245e+06
2020-05-01,1.04091e+06
2020-05-02,994182
2020-05-03,967338
2020-05-04,1.08182e+06
2020-05-05,1.08764e+06
2020-05-06,1.05027e+06
2020-05-07,1.05249e+06
2020-05-08,1.03447e+06
2020-05-09,968594
2020-05-10,967908
2020-05-11,1.09578e+06
2020-05-12,1.11643e+06
2020-05-13,1.11454e+06
2020-05-14,1.08817e+06
2020-05-15,1.07046e+06
2020-05-16,1.00589e+06
2020-05-17,974302
2020-05-18,1.05994e+06
2020-05-19,1.04831e+06
2020-05-20,1.02986e+06
2020-05-21,950063
2020-05-22,940015
2020-05-23,908290
2020-05-24,893697
2020-05-25,969927
2020-05-26,958498
2020-05-27,953864
2020-05-28,967241
2020-05-29,947079
2020-05-30,851991
2020-05-31,816493
2020-06-01,898067
2020-06-02,938199
2020-06-03,954952
2020-06-04,952648
2020-06-05,943041
2020-06-06,886648
2020-06-07,870828
2020-06-08,973309
2020-06-09,970732
2020-06-10,961699
2020-06-11,956496
2020-06-12,935216
2020-06-13,845419
2020-06-14,837653
2020-06-15,942049
2020-06-16,944360
2020-06-17,945545
2020-06-18,927910
2020-06-19,858241
2020-06-20,800751
2020-06-21,805031
2020-06-22,913098
2020-06-23,925366
2020-06-24,936207
2020-06-25,947584
2020-06-26,942489
2020-06-27,860413
2020-06-28,845681
2020-06-29,945145
2020-06-30,955021
2020-07-01,955614
2020-07-02,941709
2020-07-03,919311
2020-07-04,855658
2020-07-05,832414
2020-07-06,925064
2020-07-07,935184
2020-07-08,937875
2020-07-09,926632
2020-07-10,909826
2020-07-11,844766
2020-07-12,828384
2020-07-13,889901
2020-07-14,896093
2020-07-15,886684
2020-07-16,881555
2020-07-17,860204
2020-07-18,824397
2020-07-19,811759
2020-07-20,874344
2020-07-21,867955
2020-07-22,876198
2020-07-23,885038
2020-07-24,884417
2020-07-25,828881
2020-07-26,817933
2020-07-27,879561
2020-07-28,896199
2020-07-29,905787
2020-07-30,909531
2020-07-31,899586
2020-08-01,835156
2020-08-02,836599
2020-08-03,921829
2020-08-04,931247
2020-08-05,953365
2020-08-06,956779
2020-08-07,941750
2020-08-08,863304
2020-08-09,861946
2020-08-10,964408
2020-08-11,967711
2020-08-12,969904
2020-08-13,975958
2020-08-14,953956
2020-08-15,869455
2020-08-16,857765
2020-08-17,969135
2020-08-18,962602
2020-08-19,964487
2020-08-20,963277
2020-08-21,949429
2020-08-22,862833
2020-08-23,847252
2020-08-24,958977
2020-08-25,973949
2020-08-26,986300
2020-08-27,993517
2020-08-28,984209
2020-08-29,906504
2020-08-30,894482
2020-08-31,983537
2020-09-01,994889
2020-09-02,988871
2020-09-03,989778
2020-09-04,966983
2020-09-05,893394
2020-09-06,889243
2020-09-07,953931
2020-09-08,999862
2020-09-09,1.00958e+06
2020-09-10,1.02195e+06
2020-09-11,1.01934e+06
2020-09-12,940240
2020-09-13,922351
2020-09-14,1.00325e+06
2020-09-15,1.01128e+06
2020-09-16,1.00246e+06
2020-09-17,1.03052e+06
2020-09-18,1.01567e+06
2020-09-19,935183
2020-09-20,929968
2020-09-21,1.02136e+06
2020-09-22,1.02023e+06
2020-09-23,1.02198e+06
2020-09-24,1.01248e+06
2020-09-25,1.01928e+06
2020-09-26,948025
2020-09-27,928705
2020-09-28,1.02795e+06
2020-09-29,1.02566e+06
2020-09-30,1.03113e+06
2020-10-01,1.03498e+06
2020-10-02,1.02192e+06
2020-10-03,957931
2020-10-04,947490
2020-10-05,1.03418e+06
2020-10-06,1.05458e+06
2020-10-07,1.05347e+06
2020-10-08,1.06126e+06
2020-10-09,1.05562e+06
2020-10-10,1.00624e+06
2020-10-11,1.0046e+06
2020-10-12,1.07823e+06
2020-10-13,1.12842e+06
2020-10-14,1.1403e+06
2020-10-15,1.15728e+06
2020-10-16,1.14884e+06
2020-10-17,1.07926e+06
2020-10-18,1.07584e+06
2020-10-19,1.21549e+06
2020-10-20,1.23982e+06
2020-10-21,1.20357e+06
2020-10-22,1.17301e+06
2020-10-23,1.18094e+06
2020-10-24,1.11388e+06
2020-10-25,1.10428e+06
2020-10-26,1.13902e+06
2020-10-27,1.13508e+06
2020-10-28,1.14801e+06
2020-10-29,1.16645e+06
2020-10-30,1.18798e+06
2020-10-31,1.08266e+06
2020-11-01,1.03022e+06
2020-11-02,1.12223e+06
2020-11-03,1.14506e+06
2020-11-04,1.18652e+06
2020-11-05,1.16425e+06
2020-11-06,1.12537e+06
2020-11-07,1.07970e+06
2020-11-08,1.10046e+06
2020-11-09,1.22417e+06
2020-11-10,1.24335e+06
2020-11-11,1.23065e+06
2020-11-12,1.22407e+06
2020-11-13,1.20702e+06
2020-11-14,1.11213e+06
2020-11-15,1.08231e+06
2020-11-16,1.17048e+06
2020-11-17,1.18092e+06
2020-11-18,1.16749e+06
2020-11-19,1.2686e+06
2020-11-20,1.31705e+06
2020-11-21,1.21285e+06
2020-11-22,1.15992e+06
2020-11-23,1.26361e+06
2020-11-24,1.26903e+06
2020-11-25,1.23862e+06
2020-11-26,1.26e+06
2020-11-27,1.34184e+06
2020-11-28,1.28557e+06
2020-11-29,1.28005e+06
2020-11-30,1.32653e+06
2020-12-01,1.35307e+06
2020-12-02,1.3512e+06
2020-12-03,1.36723e+06
2020-12-04,1.36238e+06
2020-12-05,1.24554e+06
2020-12-06,1.20431e+06
2020-12-07,1.30427e+06
2020-12-08,1.35066e+06
2020-12-09,1.36049e+06
2020-12-10,1.36001e+06
2020-12-11,1.37322e+06
2020-12-12,1.27662e+06
2020-12-13,1.26e+06
2020-12-14,1.35093e+06
2020-12-15,1.32391e+06
2020-12-16,1.31954e+06
2020-12-17,1.32808e+06
2020-12-18,1.30559e+06
2020-12-19,1.19846e+06
2020-12-20,1.16133e+06
2020-12-21,1.24123e+06
2020-12-22,1.2444e+06
2020-12-23,1.25388e+06
2020-12-24,1.16998e+06
2020-12-25,1.24237e+06
2020-12-26,1.24305e+06
2020-12-27,1.21277e+06
2020-12-28,1.29968e+06
2020-12-29,1.29595e+06
2020-12-30,1.29937e+06
2020-12-31,1.25928e+06
