Date,Prec Hamar,Prec Kvin,Prec Oppdal,Prec Troms,Prec Bergen,Prec Norway
2014-01-01,0,19.4,0.1,0,7,26.5
2014-01-02,0,20.5,0,0,3.9,24.4
2014-01-03,6.6,19,0,0,5.4,31
2014-01-04,2.5,40.4,0,0,4.8,47.7
2014-01-05,0.1,31,0,2,11.7,44.8
2014-01-06,0,20.5,0.1,0,0.9,21.5
2014-01-07,2.1,22,0,0,11.4,35.5
2014-01-08,0,34.5,0,0,8.9,43.4
2014-01-09,0,21.2,0.3,0,15.3,36.8
2014-01-10,0,0.5,1,0,5.4,6.9
2014-01-11,0,3.2,1.3,0,5.5,10
2014-01-12,0,10.4,0.8,0,4.9,16.1
2014-01-13,0,0,0,0.5,0,0.5
2014-01-14,0,1,0,0,3.4,4.4
2014-01-15,2,0,0,0,0,2
2014-01-16,3.2,1.6,0,0.1,0,4.9
2014-01-17,0.6,0.5,0,0.1,0,1.2
2014-01-18,0.3,0.2,0,1.6,0,2.1
2014-01-19,0,0.2,0,4.1,0,4.3
2014-01-20,0,0.1,0,0.7,0,0.8
2014-01-21,0,0,0,0,0,0
2014-01-22,0,0,0,0,0,0
2014-01-23,0,0.9,0,0,0,0.9
2014-01-24,0,1.5,0,0.5,0,2
2014-01-25,0,0.1,0,0.7,0,0.8
2014-01-26,0,0.6,0,0,1.1,1.7
2014-01-27,0.1,1.1,0,0,0,1.2
2014-01-28,0.7,0.9,0,0,0,1.6
2014-01-29,1.6,1.2,0,0,0,2.8
2014-01-30,0.5,0.3,0,0,0,0.8
2014-01-31,0.3,0.1,0,0.7,0,1.1
2014-02-01,0.1,0.5,0,0,0,0.6
2014-02-02,1,18.3,0,0,0.5,19.8
2014-02-03,0,11,0,0,11.6,22.6
2014-02-04,0,0,0,0.1,0,0.1
2014-02-05,0.6,3,0,2.4,0,6
2014-02-06,0.3,1,0,0,0,1.3
2014-02-07,2.4,17.8,0,0,2,22.2
2014-02-08,4.7,7.5,0,0,2.4,14.6
2014-02-09,0.3,32.5,0,0,0.3,33.1
2014-02-10,0.2,46.5,0,0,5.5,52.2
2014-02-11,0,8.5,0,0.1,41,49.6
2014-02-12,0.9,4.5,0,0,0.6,6
2014-02-13,1.9,23,0,0,2.3,27.2
2014-02-14,1.4,23,0,0,10.4,34.8
2014-02-15,0.1,25.5,0,0,10.3,35.9
2014-02-16,5.8,41.5,0,0,10.7,58
2014-02-17,1.2,7,0.3,0,15.8,24.3
2014-02-18,0,3,2.8,1.5,9.8,17.1
2014-02-19,0,5.6,0,2.6,0,8.2
2014-02-20,1.1,2.7,0,0.5,0,4.3
2014-02-21,6.5,9,0,0,2.9,18.4
2014-02-22,2.1,26.5,0,0,10.3,38.9
2014-02-23,0.1,19,0,0,17.6,36.7
2014-02-24,0,31.8,0,1.7,29.3,62.8
2014-02-25,0,4.4,0,1.1,13.9,19.4
2014-02-26,0,5.4,0,0.1,1.1,6.6
2014-02-27,4,13,0,0,7.3,24.3
2014-02-28,0,10.5,0,0.9,1.3,12.7
2014-03-01,5.2,14.8,0,0,3.8,23.8
2014-03-02,2.5,1,0,0,0,3.5
2014-03-03,1.5,7.4,0,0.6,0.2,9.7
2014-03-04,0.3,0.1,0,0,0,0.4
2014-03-05,1.4,0.1,0,0,0.2,1.7
2014-03-06,0.4,6.7,0,0,12,19.1
2014-03-07,7.3,37,0.5,1,24.2,70
2014-03-08,1.8,29,2.8,0.8,28.3,62.7
2014-03-09,0,1.8,0,0.7,6.5,9
2014-03-10,0,3.4,0,0.6,0,4
2014-03-11,0,0,1.2,2.7,1.5,5.4
2014-03-12,0,0,0,0.7,0,0.7
2014-03-13,0,0,0,0.1,0,0.1
2014-03-14,0,0,5,3,5,13
2014-03-15,0.3,37.6,12,3.2,17.7,70.8
2014-03-16,0,5.1,6.6,0.5,10.1,22.3
2014-03-17,0.1,19.1,11.5,0,26.6,57.3
2014-03-18,0,4.1,8,0.4,10.5,23
2014-03-19,0,11,0.5,0,10.1,21.6
2014-03-20,3.4,38.6,2.5,0,39.2,83.7
2014-03-21,0,22.1,0.2,0,35.5,57.8
2014-03-22,0,6.4,0,0,1.2,7.6
2014-03-23,0.9,24.7,0,0.9,10.1,36.6
2014-03-24,0.2,6.5,2,0,13,21.7
2014-03-25,0,0,0,0.1,0,0.1
2014-03-26,0,0,0,0,0,0
2014-03-27,0,0,0,0,0,0
2014-03-28,0,0.2,0,0,0.6,0.8
2014-03-29,0,0,0,0.4,0.1,0.5
2014-03-30,0,0,0,0.1,0,0.1
2014-03-31,0,0,0,0.2,0,0.2
2014-04-01,0,0,0.1,0.5,0,0.6
2014-04-02,0,0,0,0,0,0
2014-04-03,0,0,0,3.4,0,3.4
2014-04-04,0,0,0,0,0,0
2014-04-05,0,0,0,0.2,0,0.2
2014-04-06,0.7,4.9,0,0,1.3,6.9
2014-04-07,6.3,10.5,4,0,11.9,32.7
2014-04-08,0.1,15,1,0.6,1.5,18.2
2014-04-09,7.7,3.5,0.1,0,3.7,15
2014-04-10,1.3,0.1,0,0,4,5.4
2014-04-11,1,5.4,0,0.2,12.8,19.4
2014-04-12,0,3,1,0.8,9.9,14.7
2014-04-13,2,31.8,1,0.4,30.4,65.6
2014-04-14,0,13.4,5.5,0,9.7,28.6
2014-04-15,0,0,3.2,0.2,0.3,3.7
2014-04-16,0,0,0,0,0,0
2014-04-17,0,1,0,0.2,13.7,14.9
2014-04-18,9.3,19,0,0,21.2,49.5
2014-04-19,0,0,0,0.1,0,0.1
2014-04-20,0,0,0,0.1,0,0.1
2014-04-21,0,0,0,0,0,0
2014-04-22,0,0,0,0.2,0,0.2
2014-04-23,0,0,0,0.1,0,0.1
2014-04-24,0,0,0,0.5,0,0.5
2014-04-25,0,0,0,0,0,0
2014-04-26,0,0,0,0,0,0
2014-04-27,0,0,0,0,0,0
2014-04-28,0,0,0,0,0,0
2014-04-29,0,0,4.5,0,0,4.5
2014-04-30,0.8,0,0.1,0,0,0.9
2014-05-01,0,0,1.3,0,0,1.3
2014-05-02,0,0,1.5,0,0,1.5
2014-05-03,0,0,0.8,0,0,0.8
2014-05-04,0,0,1.5,0.6,1.1,3.2
2014-05-05,0,0.4,0,0,4.2,4.6
2014-05-06,3.3,11,0,0,19.5,33.8
2014-05-07,11.1,12.5,0,0,2.2,25.8
2014-05-08,2.8,13.2,0,0,8.5,24.5
2014-05-09,0,2.1,0,0,7.6,9.7
2014-05-10,0,0,2,0,3.6,5.6
2014-05-11,0.2,0,0,0,0.3,0.5
2014-05-12,0.5,2.1,0,0,0,2.6
2014-05-13,0.8,1.5,2.4,0.4,3.9,9
2014-05-14,0,0.5,0.1,0.1,0.1,0.8
2014-05-15,0,0,0,0,0,0
2014-05-16,0.2,0.1,0.6,0,56.8,57.7
2014-05-17,0,0,0,0,10.4,10.4
2014-05-18,0,0,0,0,0,0
2014-05-19,0,1.3,0,0,0,1.3
2014-05-20,2.4,0,0,0,0,2.4
2014-05-21,0,0.5,0,0,0.9,1.4
2014-05-22,0.7,11.9,0,2.9,2.5,18
2014-05-23,0.7,5.5,1.5,0.7,5.7,14.1
2014-05-24,8.4,3.6,3.2,0,9.4,24.6
2014-05-25,2,0,0.6,0.3,0,2.9
2014-05-26,9.8,3.6,0,0,0.1,13.5
2014-05-27,0,0,0,0,0,0
2014-05-28,0,0,0,0,0,0
2014-05-29,0,0,0,0,0,0
2014-05-30,0,0,0,0,0,0
2014-05-31,0,0,0.1,0,0,0.1
2014-06-01,0,0,0,0.1,0,0.1
2014-06-02,0,0,0,0.1,0,0.1
2014-06-03,0,0,0,0,0,0
2014-06-04,2.7,0.3,0,0,0,3
2014-06-05,3.9,0.6,0.1,0,0,4.6
2014-06-06,7.2,10.6,2.4,0,2.2,22.4
2014-06-07,0,0,0.1,0,7.6,7.7
2014-06-08,1.1,0,0.4,0,0,1.5
2014-06-09,0,0,20.3,5,0,25.3
2014-06-10,0,0,0,3.2,0,3.2
2014-06-11,0.9,1,0,1.7,11.7,15.3
2014-06-12,0,0.1,6,0,27.2,33.3
2014-06-13,0,1.5,8.2,0,26.6,36.3
2014-06-14,0,0,0.8,0,0,0.8
2014-06-15,0,0,0,4.7,0,4.7
2014-06-16,0,0,0.3,11.5,0,11.8
2014-06-17,0,0,0,4,0,4
2014-06-18,0,0,1.7,8.3,0,10
2014-06-19,0.2,0.1,4.5,1.1,13.9,19.8
2014-06-20,1.2,0,2.4,0.9,0,4.5
2014-06-21,0,0,5.1,14,0,19.1
2014-06-22,0,0,14.2,2.6,0,16.8
2014-06-23,0.4,0,1,0.2,0,1.6
2014-06-24,0,0,0,0.1,0,0.1
2014-06-25,0,0.1,0,0,0,0.1
2014-06-26,0.3,0,0.5,0,0,0.8
2014-06-27,2.1,0,0.1,0,0,2.2
2014-06-28,4.8,0,0,0,0,4.8
2014-06-29,0.1,0.1,0,0,5.9,6.1
2014-06-30,0.4,0,0,0,0,0.4
2014-07-01,6.9,13.1,3.9,0,0,23.9
2014-07-02,2.2,3.4,2.2,0,0,7.8
2014-07-03,0.3,9,3.6,0.1,10.3,23.3
2014-07-04,1.1,0,0,8.2,1.8,11.1
2014-07-05,0,0.7,0,5.4,1.7,7.8
2014-07-06,0.6,22,0,0,18.3,40.9
2014-07-07,0.2,14,0,0,8,22.2
2014-07-08,10.5,3.9,4,0,12.5,30.9
2014-07-09,9.9,25,0,0,0,34.9
2014-07-10,0,0,0,0,0,0
2014-07-11,0,0,0,0,0,0
2014-07-12,0,0,0,0.6,0,0.6
2014-07-13,0,0,2,0,0,2
2014-07-14,0.4,0,0,0,0,0.4
2014-07-15,6.3,58.5,1.8,0,0,66.6
2014-07-16,30.3,3,3.2,7.2,6.6,50.3
2014-07-17,0,0,2.9,0.3,10.8,14
2014-07-18,18.8,5.5,2,7.1,5.5,38.9
2014-07-19,0.2,0,0.1,0,0,0.3
2014-07-20,0,0,0,0,0,0
2014-07-21,0,0,0,0,0,0
2014-07-22,0,0,0,0,0,0
2014-07-23,0,0,2.2,0,0,2.2
2014-07-24,0,0,4.8,0,0,4.8
2014-07-25,0,0,0,0,0,0
2014-07-26,0,13,0,0,3,16
2014-07-27,0,4,3.5,0,0,7.5
2014-07-28,0.1,1,0,0,18.6,19.7
2014-07-29,2.8,0,0,1.7,0.1,4.6
2014-07-30,0,0,17.5,0,2.4,19.9
2014-07-31,1.4,0.9,6,1.3,30.4,40
2014-08-01,0,6.5,0.4,0,16.9,23.8
2014-08-02,0,3.9,0.2,0.5,13.1,17.7
2014-08-03,1.1,7.3,0,0,45.6,54
2014-08-04,19.8,84.4,0.1,0,3.3,107.6
2014-08-05,13.9,0,9.5,2.8,0.4,26.6
2014-08-06,0.7,0,0.5,9.8,0.9,11.9
2014-08-07,1.5,0,2.2,8,0.2,11.9
2014-08-08,0,7.8,0.7,35,14.2,57.7
2014-08-09,0,0,1.5,0.1,0,1.6
2014-08-10,0.7,33,0,0,14,47.7
2014-08-11,0.1,20.7,0,0,0.8,21.6
2014-08-12,3.4,52.5,0,0,13.2,69.1
2014-08-13,0,28,1.5,19,13.9,62.4
2014-08-14,0,10.5,2.5,25.8,0,38.8
2014-08-15,0.2,3.8,4.8,1.6,0,10.4
2014-08-16,0.7,0,0.2,1.8,0,2.7
2014-08-17,0.9,6.7,5,1.2,7.5,21.3
2014-08-18,4.4,13,4.4,4,21.9,47.7
2014-08-19,2.3,2.5,21.5,1.4,16.2,43.9
2014-08-20,0.2,0.1,27.8,3.7,1,32.8
2014-08-21,2.2,3,0.1,1.1,8.1,14.5
2014-08-22,0,0.2,0,0.2,2.6,3
2014-08-23,0.8,6.5,2.4,0,5,14.7
2014-08-24,6.6,3.5,0.4,0,1.4,11.9
2014-08-25,4.1,0,4.6,0,23.1,31.8
2014-08-26,2.2,0,3.6,0,1,6.8
2014-08-27,0.4,2.4,1.1,0.1,0,4
2014-08-28,0,0,0,0.2,0,0.2
2014-08-29,0,0,0,0,0,0
2014-08-30,0,15.3,0,0.2,10.5,26
2014-08-31,0,22.1,0,0.1,2.3,24.5
2014-09-01,0,1,0,0,0,1
2014-09-02,0,1,0,0,16.5,17.5
2014-09-03,0,0.1,0.1,1,0,1.2
2014-09-04,0,0,0,2.9,0,2.9
2014-09-05,0,0,0,0.5,0,0.5
2014-09-06,0,0.2,0,2.4,0.6,3.2
2014-09-07,0,38.6,0,0.1,6,44.7
2014-09-08,4.8,1,0,0.1,10.1,16
2014-09-09,7.6,1.3,8.7,2.4,0,20
2014-09-10,14,0,1.9,4.6,0.8,21.3
2014-09-11,0,0,0,0,0,0
2014-09-12,0.6,0,0,1.3,0,1.9
2014-09-13,0,0,0,0.1,0,0.1
2014-09-14,0,0,0,0.9,0,0.9
2014-09-15,0.1,0,0,0,0,0.1
2014-09-16,0.1,0,0,0,0,0.1
2014-09-17,0,0,0,0,0,0
2014-09-18,0,0,0,0,0,0
2014-09-19,0,0,0,0,0,0
2014-09-20,0,0,0,0.4,0.2,0.6
2014-09-21,11.2,6.7,3.5,0.3,20.9,42.6
2014-09-22,0.5,0,10.9,0.9,0,12.3
2014-09-23,0,0,0.5,0.5,0.5,1.5
2014-09-24,0,3.9,1,0,1.8,6.7
2014-09-25,2.1,0,0.1,6.7,26.9,35.8
2014-09-26,0,3.4,0,3.2,9.3,15.9
2014-09-27,0,13.5,31.7,0.7,18.4,64.3
2014-09-28,0,0.2,10.5,5.9,12.4,29
2014-09-29,0,0.3,0.5,0.3,5.7,6.8
2014-09-30,0,0,1.3,0.1,1.3,2.7
2014-10-01,0,0.4,0,0.2,0,0.6
2014-10-02,3.1,10.4,2.3,0.2,24.1,40.1
2014-10-03,0,0.1,0,1.4,0,1.5
2014-10-04,0,0.6,0,0,38.4,39
2014-10-05,0.6,17.4,0,0,7.9,25.9
2014-10-06,0.7,10,0,0,5.9,16.6
2014-10-07,0,1.4,0,0,0,1.4
2014-10-08,6.8,33.6,0.1,0,1.6,42.1
2014-10-09,1.8,33,0,0,11,45.8
2014-10-10,5,27.6,0.5,0,29.8,62.9
2014-10-11,1.9,14.4,0,0,19.1,35.4
2014-10-12,4.5,8.4,0,0,25.7,38.6
2014-10-13,15.2,0.4,4.5,0,20.6,40.7
2014-10-14,0.1,0,0,0.7,0,0.8
2014-10-15,1,0,0,0.1,0,1.1
2014-10-16,3.4,0,0,0.3,0,3.7
2014-10-17,0.9,0,0,0.1,0,1
2014-10-18,5.7,0.9,0,7,0,13.6
2014-10-19,9,27,3.4,0.4,17,56.8
2014-10-20,0.5,23.5,0,0,22.9,46.9
2014-10-21,0.1,5,0.1,0,8.1,13.3
2014-10-22,1.3,14.8,0,0,18.8,34.9
2014-10-23,11.3,7.5,2.2,0,2.1,23.1
2014-10-24,22.7,20.3,0,0,42.2,85.2
2014-10-25,1,11,0,0.1,26,38.1
2014-10-26,0.1,13,0,0,40.3,53.4
2014-10-27,0,49.6,8.5,0.5,7.8,66.4
2014-10-28,0,36.4,0,2.4,44.9,83.7
2014-10-29,3.9,43.4,5,1.7,43.2,97.2
2014-10-30,0,0.6,7.5,5.1,15.1,28.3
2014-10-31,0,12.7,0,3.6,0.8,17.1
2014-11-01,11.1,3.5,1.6,0.3,17.2,33.7
2014-11-02,1.7,19,0,0.1,8.2,29
2014-11-03,3.2,28.5,0,0.6,7,39.3
2014-11-04,6.9,18.4,3,1.6,10,39.9
2014-11-05,0.3,4.5,1,3.2,0.3,9.3
2014-11-06,0,0,0,0,1.3,1.3
2014-11-07,0,0,0,0,0,0
2014-11-08,0.4,13.4,0,0,0,13.8
2014-11-09,0.5,17.6,0.6,0,17.9,36.6
2014-11-10,0.1,10.5,0,1.9,33.3,45.8
2014-11-11,6.9,1.3,0,0.2,3.1,11.5
2014-11-12,0.1,0,0,1.3,0,1.4
2014-11-13,0,5.7,0,0.6,6.4,12.7
2014-11-14,3.8,5,0.9,0,5,14.7
2014-11-15,0,0,0,0,0,0
2014-11-16,1.5,0,0,0,0,1.5
2014-11-17,0,0,0,0,0,0
2014-11-18,0.1,0,0,0,0,0.1
2014-11-19,0.4,0,0,0.5,0,0.9
2014-11-20,0,0,0,0,0,0
2014-11-21,0,0,0,0,3,3
2014-11-22,0,0,0,0,6.3,6.3
2014-11-23,0.2,6.1,0,0,3.3,9.6
2014-11-24,19.5,23.5,0.9,0,36.3,80.2
2014-11-25,8.9,0,4,0,8.2,21.1
2014-11-26,0,0,2.8,0,4,6.8
2014-11-27,0,0,0,0.4,0,0.4
2014-11-28,0,0.1,0,0,0,0.1
2014-11-29,0,0.1,0,0,0,0.1
2014-11-30,0.4,0,0,0,4.9,5.3
2014-12-01,0,0,2.1,0,6.2,8.3
2014-12-02,0,0,0,0.5,5.3,5.8
2014-12-03,0,0.3,0.4,1.8,4.5,7
2014-12-04,0,0,0.3,3.3,6.4,10
2014-12-05,0,2.4,0,2.3,0.1,4.8
2014-12-06,2.2,3,1.8,0.1,9.1,16.2
2014-12-07,0,25,0,0,15.3,40.3
2014-12-08,0.7,28.2,2.4,0,15.6,46.9
2014-12-09,0,5,12.1,0.2,8,25.3
2014-12-10,1.3,35.7,0,0,34.4,71.4
2014-12-11,0,19.5,0,0,12.2,31.7
2014-12-12,0,20,0,0,8.5,28.5
2014-12-13,0,10.5,0,0,25,35.5
2014-12-14,0,13.5,9.8,0,9.5,32.8
2014-12-15,0.9,41.7,0,0,26.4,69
2014-12-16,0,13.1,5.3,0,14.5,32.9
2014-12-17,0,9,0.6,10,15.3,34.9
2014-12-18,0,7,0.5,0.1,10.7,18.3
2014-12-19,0,19.1,0.5,0,13.2,32.8
2014-12-20,0,18.7,0,0,9.6,28.3
2014-12-21,0,0,9.3,0,5.3,14.6
2014-12-22,3.9,45.2,0,0,21.8,70.9
2014-12-23,0,16,5.6,0,7.5,29.1
2014-12-24,0,8.3,14,0,12,34.3
2014-12-25,0,7.3,0,0,0,7.3
2014-12-26,0,0,4.5,0,1,5.5
2014-12-27,1,6.1,4.5,1.1,4.7,17.4
2014-12-28,0,0,0,0,1.4,1.4
2014-12-29,0,4.5,12,0,12.4,28.9
2014-12-30,0.9,0,6.8,0.8,8.2,16.7
2014-12-31,0,0,9.8,2.7,15.3,27.8
2015-01-01,0,8,0,3.7,8,19.7
2015-01-02,0,51.9,2.4,5.4,28.9,88.6
2015-01-03,0,15.7,19.3,0,17.3,52.3
2015-01-04,0,3.7,11.5,0,7.4,22.6
2015-01-05,0,1.5,10,0,0.5,12
2015-01-06,0.5,2.6,4.5,0,4.6,12.2
2015-01-07,0.2,19.9,1.5,0,26.8,48.4
2015-01-08,1,26.2,0.4,1.1,19.3,48
2015-01-09,0,13.5,1,0,10,24.5
2015-01-10,0.2,15.6,0,0,4.8,20.6
2015-01-11,10.4,14.5,0.9,0,20.1,45.9
2015-01-12,3.6,31.2,0,0,25.2,60
2015-01-13,0.5,22.9,0,0,12,35.4
2015-01-14,0,15.4,0,0,5.9,21.3
2015-01-15,0,29,0.3,0,5.7,35
2015-01-16,2.1,38.5,0,0,16.8,57.4
2015-01-17,0.1,17.5,2,0,22.5,42.1
2015-01-18,0,6.9,8,0.1,41.6,56.6
2015-01-19,0.3,0,0,0.2,0.6,1.1
2015-01-20,1.9,0.4,0,0,0,2.3
2015-01-21,0.8,1,0,0,0,1.8
2015-01-22,0.4,0,0,0,0,0.4
2015-01-23,0.2,0,0,0,0,0.2
2015-01-24,1.2,18.3,0,0,12.8,32.3
2015-01-25,0.2,5.5,0.8,0.2,6.8,13.5
2015-01-26,1.7,9,0,1.4,11.2,23.3
2015-01-27,0.3,0,0.4,0.8,8.7,10.2
2015-01-28,0,11,0,0,31,42
2015-01-29,3,28,0,0,19.9,50.9
2015-01-30,0.3,8.9,0,0,25,34.2
2015-01-31,0.2,4,0,0,8.4,12.6
2015-02-01,0,0,0,0,0,0
2015-02-02,0,0,2.8,0,0,2.8
2015-02-03,0,0,0.4,0,0,0.4
2015-02-04,0,0,0.9,0,0,0.9
2015-02-05,0,0,0,0,0,0
2015-02-06,0,0,0,1.8,1.6,3.4
2015-02-07,0,0,6.9,1.4,9.5,17.8
2015-02-08,0.7,0,15.9,4.7,9.3,30.6
2015-02-09,0,0,10.9,0.6,14.2,25.7
2015-02-10,0,0,4.8,10.9,9,24.7
2015-02-11,0,0,0,0.2,0.9,1.1
2015-02-12,0,0.1,0,5.4,1.4,6.9
2015-02-13,0,1,0.3,5.1,0.2,6.6
2015-02-14,0.4,2.2,1.2,6.1,2,11.9
2015-02-15,0,0,0,0,0,0
2015-02-16,0,1.5,0,0,0,1.5
2015-02-17,0,7,0,0,4,11
2015-02-18,0.1,7.5,8.6,0.6,28.7,45.5
2015-02-19,0,10.9,0.1,2.3,56.2,69.5
2015-02-20,0,33.3,0.5,3.2,5.5,42.5
2015-02-21,0,11.3,0,0,18.6,29.9
2015-02-22,0,1.5,3,0.1,13.2,17.8
2015-02-23,0.3,18,0,6.6,2.5,27.4
2015-02-24,0.2,14.1,0,0,7.5,21.8
2015-02-25,0.2,27.5,0,0.2,11.3,39.2
2015-02-26,0.1,0.2,0.3,0,8,8.6
2015-02-27,0,26.2,0,0.2,22.1,48.5
2015-02-28,0.1,2,0,1.3,5.2,8.6
2015-03-01,0,35.5,0,0,24,59.5
2015-03-02,0.6,25,0,0,12.6,38.2
2015-03-03,0.1,4.5,0.5,0,5.1,10.2
2015-03-04,0.3,5.6,0,2.8,5.4,14.1
2015-03-05,0,0.1,1.6,0,9.3,11
2015-03-06,0,4.9,2.5,0,24.3,31.7
2015-03-07,0,9.5,0,0,20.5,30
2015-03-08,0,8,12,0.2,23.1,43.3
2015-03-09,0,2,6.8,0,5.7,14.5
2015-03-10,0,17.5,0,0.1,8.2,25.8
2015-03-11,0,14.2,11.2,0.6,4.4,30.4
2015-03-12,0,0.1,0,0.2,5.8,6.1
2015-03-13,0,0,0,0,0,0
2015-03-14,0,0,0,0,0,0
2015-03-15,0,0,0,0,0,0
2015-03-16,0,0,0,0,0,0
2015-03-17,0,0,0,0,0,0
2015-03-18,0,0,0,0.2,0,0.2
2015-03-19,0,0,0,0,0,0
2015-03-20,0.1,0.2,4,0,27,31.3
2015-03-21,2.5,1.9,1,0,21.9,27.3
2015-03-22,0,0,0,0,2.6,2.6
2015-03-23,0.1,10.5,0.7,2.2,45.6,59.1
2015-03-24,0,0.6,5,2.5,10.4,18.5
2015-03-25,0,0,1,0.5,0.3,1.8
2015-03-26,0.5,1,0,0.5,0,2
2015-03-27,9.2,0.5,0.1,0,0,9.8
2015-03-28,0,0,0,0.6,5.5,6.1
2015-03-29,0.9,8.6,0,0,5.5,15
2015-03-30,4.5,0,0.5,0.1,2,7.1
2015-03-31,0,0.6,0,0,4.3,4.9
2015-04-01,0,1.5,0,3.1,8.2,12.8
2015-04-02,0,0,0.4,0,10.1,10.5
2015-04-03,0,0,8.9,1.4,0.4,10.7
2015-04-04,0,0,0,2,0,2
2015-04-05,0,0,0,0.4,0.3,0.7
2015-04-06,0,0,2.3,0.4,0.2,2.9
2015-04-07,0,0,0.9,2.5,6.3,9.7
2015-04-08,0,0,0.1,0.3,2.2,2.6
2015-04-09,0,0,0.6,1.2,0,1.8
2015-04-10,0,0.1,2,0,0,2.1
2015-04-11,0,0,0,0.1,0,0.1
2015-04-12,2,14.3,1.9,0,28.5,46.7
2015-04-13,0,13.5,2,3.4,10.6,29.5
2015-04-14,0,6.5,1.7,5.6,1.7,15.5
2015-04-15,0.1,7.6,0.1,0.1,8.4,16.3
2015-04-16,0,4.5,4.5,0,13.4,22.4
2015-04-17,0,0,1.4,0,0.4,1.8
2015-04-18,0,0,0.1,0,0,0.1
2015-04-19,0,0,1,0,0,1
2015-04-20,0,0,0,0,0,0
2015-04-21,0,0,0,0,0,0
2015-04-22,0,0,0,0,0.2,0.2
2015-04-23,0,0,9,0,3.3,12.3
2015-04-24,0,0,2.2,0,1.5,3.7
2015-04-25,0.4,5.2,0,0,21.9,27.5
2015-04-26,3.5,18.3,0.4,0,26.6,48.8
2015-04-27,0,0,0,0,1.6,1.6
2015-04-28,0,2.5,0,0,0.7,3.2
2015-04-29,0.2,6.3,0,0,0,6.5
2015-04-30,1.7,9,6.5,0,5.9,23.1
2015-05-01,2,4.5,0.2,0,1.1,7.8
2015-05-02,0.1,0,0.3,0,2.1,2.5
2015-05-03,0,0,0.2,0,0,0.2
2015-05-04,0,1,0,0.5,0,1.5
2015-05-05,4.3,1.8,0,0,2.4,8.5
2015-05-06,7.1,11,0.3,0,1.9,20.3
2015-05-07,3,13.5,0,3.8,7.8,28.1
2015-05-08,2.5,5.5,0,0.2,13.2,21.4
2015-05-09,0.3,0.6,0,0,1.6,2.5
2015-05-10,2.4,2,0,2.9,0,7.3
2015-05-11,0.2,1.6,0,0,12.1,13.9
2015-05-12,3.7,16.6,0.3,0,22.1,42.7
2015-05-13,1,14.5,0.1,0,10.2,25.8
2015-05-14,0,0.3,1,0.9,0,2.2
2015-05-15,0,0,0.5,0.6,0,1.1
2015-05-16,0,1.2,0,0,0,1.2
2015-05-17,7.8,4.5,4,0,6.6,22.9
2015-05-18,4.4,0.5,0.3,0,7.1,12.3
2015-05-19,0.7,14.5,0,0,0.1,15.3
2015-05-20,9.1,7.3,0.2,1.1,3.5,21.2
2015-05-21,0.2,0.9,1.2,2,0,4.3
2015-05-22,0,1,0,0,31,32
2015-05-23,1.7,12.9,4,4.2,16.9,39.7
2015-05-24,0,0,0.4,0.9,2.5,3.8
2015-05-25,4.3,7,1.3,0,13.5,26.1
2015-05-26,6,0,1,0,7.3,14.3
2015-05-27,2,0,0.1,0,8.4,10.5
2015-05-28,0,6.9,0,1.5,6.7,15.1
2015-05-29,2.7,16.3,1.5,1.3,6.6,28.4
2015-05-30,4.9,8.9,2.4,0,6.7,22.9
2015-05-31,19.8,0,5.9,0,12.3,38
2015-06-01,1.6,12.6,0.1,0,3.8,18.1
2015-06-02,0.2,22.6,0.1,4.5,14.3,41.7
2015-06-03,0.1,37,0,0.5,19.4,57
2015-06-04,0,4.1,6,0.5,3.4,14
2015-06-05,0,0,1.2,1.1,3.6,5.9
2015-06-06,1,8.4,0,0.9,7,17.3
2015-06-07,7.7,19.5,5.5,0.1,11.8,44.6
2015-06-08,2.7,5.5,5.7,1.8,7.5,23.2
2015-06-09,0,0,0.3,0,0,0.3
2015-06-10,0,0,0.1,0.2,2.3,2.6
2015-06-11,0,0,7,0.2,15.4,22.6
2015-06-12,0,0,0.5,0.3,0,0.8
2015-06-13,0,0,0.2,0.2,0,0.4
2015-06-14,0.5,0,0.5,0,0,1
2015-06-15,0,0.1,2.5,0,2.6,5.2
2015-06-16,0,0,1.9,1.9,0.5,4.3
2015-06-17,0,5.4,0.2,0.5,1.6,7.7
2015-06-18,0.9,5.1,0,0.7,14.8,21.5
2015-06-19,1.9,0.1,0.2,0.1,3.1,5.4
2015-06-20,0,0.5,0,0,0,0.5
2015-06-21,0,0,0,0,0,0
2015-06-22,0,0,0,0,0,0
2015-06-23,4.2,0.1,0.6,0.7,0,5.6
2015-06-24,2.4,0,0,7.2,0,9.6
2015-06-25,14.7,0,0.1,0.7,0.6,16.1
2015-06-26,3,0,2.7,4.5,8.1,18.3
2015-06-27,0,0.1,0,0,0,0.1
2015-06-28,0,0.4,0,0,0,0.4
2015-06-29,0.4,6.5,6.3,3.7,9.8,26.7
2015-06-30,2.4,0,3.8,0.2,4.9,11.3
2015-07-01,0,0,0,0,0,0
2015-07-02,0,0,0,0,0,0
2015-07-03,0,0,0,3.9,5.3,9.2
2015-07-04,1.4,0,0,0.1,0.1,1.6
2015-07-05,0,0,0,0.4,0,0.4
2015-07-06,3.3,5,0,0,11,19.3
2015-07-07,9.4,3.5,36.2,36.4,7.7,93.2
2015-07-08,5.5,22,1.6,0.3,5.9,35.3
2015-07-09,4.3,10.8,6.3,0,0.4,21.8
2015-07-10,2.3,0,2.4,0,0,4.7
2015-07-11,0,0,0,0,0,0
2015-07-12,0,1.5,0,0,8.4,9.9
2015-07-13,0,3.2,0,0,3.9,7.1
2015-07-14,1.4,0,8.2,0,0.4,10
2015-07-15,7.3,0,0,0,0,7.3
2015-07-16,2.7,0,17.4,0,10.5,30.6
2015-07-17,2.9,0,11,0,0.3,14.2
2015-07-18,7.8,10,0.5,0,14.7,33
2015-07-19,4.5,18.5,0.1,0,6.5,29.6
2015-07-20,0,2.5,0,4.5,4,11
2015-07-21,0,1.3,0.2,0,7.6,9.1
2015-07-22,6.7,2.7,0.5,0,6.6,16.5
2015-07-23,0,0,8,0,12,20
2015-07-24,1.3,8.2,1.8,0,12,23.3
2015-07-25,0,2.5,0.8,0.2,12,15.5
2015-07-26,3.1,1,0,0,12,16.1
2015-07-27,14.6,0.1,1.2,2.1,12,30
2015-07-28,0,0.2,0,1.3,12,13.5
2015-07-29,4.5,7.5,0.1,0,12,24.1
2015-07-30,1.9,1.9,0.6,9.1,12,25.5
2015-07-31,7.2,0,0.5,2.2,12,21.9
2015-08-01,0.1,0,0,0.5,12,12.6
2015-08-02,2.9,48.5,0.1,7.4,12,70.9
2015-08-03,0,0,15.5,3.2,12,30.7
2015-08-04,0,0,0,0.1,12,12.1
2015-08-05,17.1,21.4,4.9,0,12,55.4
2015-08-06,0,3.5,4.9,0,12,20.4
2015-08-07,0,0.8,0.2,0.7,12,13.7
2015-08-08,0.1,0,0.1,3.6,12,15.8
2015-08-09,0,0,1.2,1.4,12,14.6
2015-08-10,0,1.2,0.2,0,12,13.4
2015-08-11,0,10.5,0,0.1,12,22.6
2015-08-12,0.8,3,4.7,4.7,12,25.2
2015-08-13,0,0,0,0.1,12,12.1
2015-08-14,0,0,0,0,12,12
2015-08-15,0,13,0,0.1,12,25.1
2015-08-16,0,30,0,0,12,42
2015-08-17,0,6,0,0,12,18
2015-08-18,0,0,0,0,12,12
2015-08-19,0,0,0,0,12,12
2015-08-20,0,0,0,0,12,12
2015-08-21,0,0,0,0,12,12
2015-08-22,0,0,0,0,12,12
2015-08-23,0,0,0,0,12,12
2015-08-24,0,1.2,0,1,12,14.2
2015-08-25,6.1,3.1,0,0.2,12,21.4
2015-08-26,14.6,31.6,0.6,0.1,12,58.9
2015-08-27,19.3,31.5,11.1,0,12,73.9
2015-08-28,14.4,17.5,14.2,0,12,58.1
2015-08-29,0,7.1,0.3,0,12,19.4
2015-08-30,0,4,0,0,12,16
2015-08-31,0,0,0.5,0.2,12,12.7
2015-09-01,0,2,2.5,1.2,12,17.7
2015-09-02,11.6,8.3,0,0.1,12,32
2015-09-03,10.5,5.9,0,0,12,28.4
2015-09-04,2.4,2.5,0,2.1,12,19
2015-09-05,15.5,0.2,6,4.1,12,37.8
2015-09-06,1.6,0,5.1,14,12,32.7
2015-09-07,0,0,1.7,0.6,12,14.3
2015-09-08,0,0,4.3,0.1,12,16.4
2015-09-09,0,0,0,0.2,12,12.2
2015-09-10,0,0,0,0,12,12
2015-09-11,0,0,0,0,12,12
2015-09-12,0,1.1,0,0,12,13.1
2015-09-13,3.5,4.5,0,0,12,20
2015-09-14,1.4,8.4,0.2,0,12,22
2015-09-15,0.5,18.6,0,0,12,31.1
2015-09-16,18.8,13,0.1,0,12,43.9
2015-09-17,7.1,5.7,0,0.8,12,25.6
2015-09-18,26.5,5,3.9,0,12,47.4
2015-09-19,0.5,0.1,5,14.4,12,32
2015-09-20,0.1,0,3.5,1.2,12,16.8
2015-09-21,0.5,0,0,0.1,12,12.6
2015-09-22,0,5.5,0,0,12,17.5
2015-09-23,4.2,8.4,0,1.1,12,25.7
2015-09-24,0.1,0.1,0,0.2,12,12.4
2015-09-25,5.4,25.2,1.8,0,12,44.4
2015-09-26,0,8.8,3.9,3,12,27.7
2015-09-27,0,0,0.3,12,12,24.3
2015-09-28,0,0,0,0.2,12,12.2
2015-09-29,0,0,0,0.3,12,12.3
2015-09-30,0,0,0,1.6,12,13.6
2015-10-01,0,0,2.5,1.5,12,16
2015-10-02,0,0,1.5,4.7,12,18.2
2015-10-03,0,0,3.5,1.9,12,17.4
2015-10-04,0,0,0,0.6,12,12.6
2015-10-05,0,0,0.5,4.3,12,16.8
2015-10-06,0,0.5,0,0.8,12,13.3
2015-10-07,0,0,0,0,12,12
2015-10-08,0,0.5,0,0,12,12.5
2015-10-09,0,6.5,0.4,0,12,18.9
2015-10-10,0,0.7,0,0,12,12.7
2015-10-11,0,0,0,0.5,12,12.5
2015-10-12,0,2.6,0,6.4,12,21
2015-10-13,0.2,0.1,0,10.1,12,22.4
2015-10-14,0,0,0,0,12,12
2015-10-15,0,0,0,0.2,12,12.2
2015-10-16,0,0,0,3,12,15
2015-10-17,0,0,0,3.7,12,15.7
2015-10-18,0,0,0,2.4,12,14.4
2015-10-19,0,0,0,0.8,12,12.8
2015-10-20,0,0,0,0,12,12
2015-10-21,0,3.5,0,0,12,15.5
2015-10-22,1.6,9,0.2,0,12,22.8
2015-10-23,0.3,11.9,9.6,0,12,33.8
2015-10-24,0,1.3,0,0.3,12,13.6
2015-10-25,0.9,20.9,0.3,0.9,12,35
2015-10-26,0,4,7.9,1.1,12,25
2015-10-27,0,0.4,0,2.1,12,14.5
2015-10-28,0,0,0,1.9,12,13.9
2015-10-29,0,0,0,0.4,12,12.4
2015-10-30,0,1.1,0,0.2,12,13.3
2015-10-31,0.6,4.5,2,0,12,19.1
2015-11-01,0.1,0.6,0,4.1,12,16.8
2015-11-02,0,0,0.9,8.4,12,21.3
2015-11-03,0,0,0,5.7,12,17.7
2015-11-04,0,0.8,1.8,3.3,12,17.9
2015-11-05,0,0.6,0.8,2.8,12,16.2
2015-11-06,0,1.5,0,2.6,12,16.1
2015-11-07,8.6,12.4,0.5,0,12,33.5
2015-11-08,6.1,15.6,1.5,1.5,12,36.7
2015-11-09,1.3,24.5,0,0,12,37.8
2015-11-10,3.3,18.4,0.6,0.1,12,34.4
2015-11-11,0,2.5,3.6,0,12,18.1
2015-11-12,0,8,0,0,12,20
2015-11-13,0.1,21.5,0,0.2,12,33.8
2015-11-14,1.9,19,0,0,12,32.9
2015-11-15,0,11.5,0.5,0,12,24
2015-11-16,0,12,0,2,12,26
2015-11-17,4.2,15.5,0,0,12,31.7
2015-11-18,0.1,16.5,0,0.2,12,28.8
2015-11-19,0,13.4,0,0.9,12,26.3
2015-11-20,0,0,0.4,0.4,12,12.8
2015-11-21,0,0,1.5,2.8,12,16.3
2015-11-22,0,0,0,0,12,12
2015-11-23,0,0,4.5,0,12,16.5
2015-11-24,0.5,8.5,0.2,0.3,12,21.5
2015-11-25,3,2.7,0,0,12,17.7
2015-11-26,0,0,0.1,0,12,12.1
2015-11-27,0,11,7.9,1,12,31.9
2015-11-28,5.9,1.8,0.6,1.9,12,22.2
2015-11-29,1.6,25,0,1.7,12,40.3
2015-11-30,1.7,15,0,0,12,28.7
2015-12-01,0,11.3,11,0,12,34.3
2015-12-02,0,9.5,4,0.5,12,26
2015-12-03,0.2,7.5,1.9,0.1,12,21.7
2015-12-04,6.6,49,0.1,0.3,12,68
2015-12-05,7.2,70,1,0,12,90.2
2015-12-06,0.1,85.8,6.5,0.2,12,104.6
2015-12-07,0,17.8,8.4,5.1,12,43.3
2015-12-08,0,2.5,0.4,2.5,12,17.4
2015-12-09,0.6,27,0,0.3,12,39.9
2015-12-10,0,39.5,0,1.6,12,53.1
2015-12-11,0,10.9,2.5,0,12,25.4
2015-12-12,0,2.4,4,0,12,18.4
2015-12-13,0,0,4.5,2,12,18.5
2015-12-14,0,0,1.2,0,12,13.2
2015-12-15,0,2.5,5.5,0,12,20
2015-12-16,0,0.4,0,0,12,12.4
2015-12-17,0.1,3.2,0.2,0.6,12,16.1
2015-12-18,7.9,11.7,2.7,0.1,12,34.4
2015-12-19,0,6.2,0.9,0,12,19.1
2015-12-20,3.7,49.4,0.9,0,12,66
2015-12-21,0.1,18,0,0,12,30.1
2015-12-22,0,14.2,0,0,12,26.2
2015-12-23,3.4,23.5,0.2,0,12,39.1
2015-12-24,0.3,17.8,0,0,12,30.1
2015-12-25,0,49.4,0.1,0,12,61.5
2015-12-26,0,10.5,18,0,12,40.5
2015-12-27,0,1.5,2.4,0,12,15.9
2015-12-28,1,0.5,0,0,12,13.5
2015-12-29,0,0,0,0,12,12
2015-12-30,0,4.6,0,0,12,16.6
2015-12-31,0,18.5,0,0,12,30.5
2016-01-01,0.1,25.7,0,0,12,37.8
2016-01-02,0,2,0,0,12,14
2016-01-03,0.1,0.8,0,0,12,12.9
2016-01-04,0,0,0,0,12,12
2016-01-05,0.1,0,0,0,12,12.1
2016-01-06,0,0,0,0,12,12
2016-01-07,0,0,0.1,0,12,12.1
2016-01-08,0,0,0,0,12,12
2016-01-09,0,0,0,0,12,12
2016-01-10,1.1,1.6,0,0,12,14.7
2016-01-11,9.4,0.4,0,0,12,21.8
2016-01-12,1.9,0,0,0.4,12,14.3
2016-01-13,1.3,1.6,0,0,12,14.9
2016-01-14,0,3.9,0,0,12,15.9
2016-01-15,0,0,0.4,0.6,12,13
2016-01-16,0,1.5,0,0.9,12,14.4
2016-01-17,0,0,2.1,2.9,12,17
2016-01-18,0,0,11.7,0.5,12,24.2
2016-01-19,0,6.5,8.3,0,12,26.8
2016-01-20,0,0,4.4,0,12,16.4
2016-01-21,0,0,6.3,0,12,18.3
2016-01-22,0,0.3,0.3,0,12,12.6
2016-01-23,0.3,2,0.3,0.8,12,15.4
2016-01-24,0.4,2,0,0,12,14.4
2016-01-25,0,5.5,0,1,12,18.5
2016-01-26,0.3,10.5,1.5,0.1,12,24.4
2016-01-27,0.5,38,1.3,2.7,12,54.5
2016-01-28,7.1,18.5,4.9,0,12,42.5
2016-01-29,0,20.3,0,0,12,32.3
2016-01-30,0.3,43,6.5,0,12,61.8
2016-01-31,0,11,2.1,0,12,25.1
2016-02-01,0,0.7,0,5.5,12,18.2
2016-02-02,1.1,55.2,2,2.5,12,72.8
2016-02-03,2,30.6,3,0,12,47.6
2016-02-04,0,0.6,15.5,0.8,12,28.9
2016-02-05,0,0,4.3,0.1,12,16.4
2016-02-06,2.4,27.4,0.4,0,12,42.2
2016-02-07,2,43,0,0,12,57
2016-02-08,0.4,39,0,0.3,12,51.7
2016-02-09,0.5,25.1,0,1.5,12,39.1
2016-02-10,3.5,7.1,0,0.5,12,23.1
2016-02-11,0,0,4.4,0.2,12,16.6
2016-02-12,0.1,0,4.6,0.8,12,17.5
2016-02-13,0,0,0.4,0,12,12.4
2016-02-14,0,0,0,0,12,12
2016-02-15,0,0,0.5,0,12,12.5
2016-02-16,0,0,4.9,0,12,16.9
2016-02-17,0,0.4,0,0.5,12,12.9
2016-02-18,0,0,0,0,12,12
2016-02-19,0,1.5,0,0,12,13.5
2016-02-20,0,29.9,0,0,12,41.9
2016-02-21,2.3,16,0,0,12,30.3
2016-02-22,0,10.9,0,0,12,22.9
2016-02-23,0,0.8,0,0,12,12.8
2016-02-24,0,0,15.7,5.4,12,33.1
2016-02-25,0,0.2,7.7,0,12,19.9
2016-02-26,0,0,15.5,0,12,27.5
2016-02-27,0,0,4.5,0,12,16.5
2016-02-28,0,0,5.8,0,12,17.8
2016-02-29,0,0,0.5,0,12,12.5
2016-03-01,0,0,0,0,12,12
2016-03-02,0.3,6.6,0,0,12,18.9
2016-03-03,2.3,2.5,0,0,12,16.8
2016-03-04,1.3,2.8,0,0,12,16.1
2016-03-05,3.3,0,4.1,0,12,19.4
2016-03-06,0.3,0.1,0,0,12,12.4
2016-03-07,0.2,0,0,0,12,12.2
2016-03-08,0,0,0.3,0,12,12.3
2016-03-09,0,1.2,0,0,12,13.2
2016-03-10,0,0,0,0,12,12
2016-03-11,0,0,0,0,12,12
2016-03-12,0,0,0,0,12,12
2016-03-13,0,0.5,0,0,12,12.5
2016-03-14,0.8,0.9,6.5,0.4,12,20.6
2016-03-15,0,0,0,0.7,12,12.7
2016-03-16,0,0,0,0,12,12
2016-03-17,0,0,0,0.8,12,12.8
2016-03-18,0,0,1,0,12,13
2016-03-19,0,0,0.5,1,12,13.5
2016-03-20,0,0,3.8,0.8,12,16.6
2016-03-21,0,0,0.8,1.1,12,13.9
2016-03-22,0,0,4.2,0.1,12,16.3
2016-03-23,0,0,2.8,0,12,14.8
2016-03-24,0,0,0,0.2,12,12.2
2016-03-25,0,9.5,0,0.4,12,21.9
2016-03-26,0,0.3,1.1,0.2,12,13.6
2016-03-27,0.2,34,0,0,12,46.2
2016-03-28,1.2,15.5,0,0.6,12,29.3
2016-03-29,3.9,58.2,0,0,12,74.1
2016-03-30,3.6,10.1,0.4,0,12,26.1
2016-03-31,0,0.1,0,0,12,12.1
2016-04-01,0,0,2.9,0,12,14.9
2016-04-02,0.1,10.4,0.3,0,12,22.8
2016-04-03,1.4,7.5,0,0,12,20.9
2016-04-04,1.7,2.5,0,0.3,12,16.5
2016-04-05,6.7,4.7,0,0,12,23.4
2016-04-06,0.4,1.8,0.3,0,12,14.5
2016-04-07,0.9,3.6,5.8,0,12,22.3
2016-04-08,5.1,0,0.6,6.4,12,24.1
2016-04-09,0,0,0,0,12,12
2016-04-10,0,0,0,0.4,12,12.4
2016-04-11,0,0,0,0.2,12,12.2
2016-04-12,0,0,0,1.1,12,13.1
2016-04-13,0,0.1,0,0.3,12,12.4
2016-04-14,1.4,0,0,0.8,12,14.2
2016-04-15,0.9,4.2,0.2,0,12,17.3
2016-04-16,2.3,2.5,0,0,12,16.8
2016-04-17,0,0,0,1.3,12,13.3
2016-04-18,0,7.1,0,0,12,19.1
2016-04-19,1,21,2.1,0,12,36.1
2016-04-20,0,0,13.4,0,12,25.4
2016-04-21,0,0.2,5.5,0,12,17.7
2016-04-22,0,2.9,7.9,0,12,22.8
2016-04-23,0,0,2,0.3,12,14.3
2016-04-24,0,0.8,0.1,0.1,12,13
2016-04-25,0,0.4,0,0,12,12.4
2016-04-26,0,0.2,0.1,0.1,12,12.4
2016-04-27,0,0,0,3,12,15
2016-04-28,0,0,0,0.7,12,12.7
2016-04-29,11.6,1.3,4.7,0,12,29.6
2016-04-30,7.2,10.5,0,0,12,29.7
2016-05-01,25.9,14,0,0,12,51.9
2016-05-02,0.6,0.6,0,0,12,13.2
2016-05-03,1.1,31.9,0,0,12,45
2016-05-04,1.5,0.3,0,0,12,13.8
2016-05-05,0,0,0,1.8,12,13.8
2016-05-06,0,0,0,0,12,12
2016-05-07,0,0,0,0.1,12,12.1
2016-05-08,0,0,0,0.4,12,12.4
2016-05-09,0,0,0,0.2,12,12.2
2016-05-10,0,0,0,0.5,12,12.5
2016-05-11,0,0,0.1,1.5,12,13.6
2016-05-12,0,0,0,0,12,12
2016-05-13,1.8,0,0.3,0,12,14.1
2016-05-14,0,0,0,0,12,12
2016-05-15,0,0,0.5,0,12,12.5
2016-05-16,0,0,0,0,12,12
2016-05-17,0,0,0.5,0,12,12.5
2016-05-18,0,0,0.1,1.3,12,13.4
2016-05-19,4,1.9,3,0,12,20.9
2016-05-20,1.5,4,0,0.4,12,17.9
2016-05-21,4.9,3,0,0,12,19.9
2016-05-22,1.3,18,0,0,12,31.3
2016-05-23,31.8,25.5,3.9,0,12,73.2
2016-05-24,28.9,0.2,0.7,3.9,12,45.7
2016-05-25,1.6,0,0.1,1,12,14.7
2016-05-26,0,0,0,1.7,12,13.7
2016-05-27,0,0,0,0,12,12
2016-05-28,1.5,0,0,0,12,13.5
2016-05-29,1.2,2.5,0,0,12,15.7
2016-05-30,3.1,1,0,0,12,16.1
2016-05-31,0.3,11.1,0.3,0,12,23.7
2016-06-01,0,0,0,0,12,12
2016-06-02,0,0,0,0.1,12,12.1
2016-06-03,0,0,0,0,12,12
2016-06-04,0,0,0,0.2,12,12.2
2016-06-05,0,0,0,2.8,12,14.8
2016-06-06,0,0,0,0.1,12,12.1
2016-06-07,0,0,0,2.4,12,14.4
2016-06-08,0,0,0,4.5,12,16.5
2016-06-09,0,0,0,4.2,12,16.2
2016-06-10,0,0,0.3,0,12,12.3
2016-06-11,0,5,0,0,12,17
2016-06-12,0,5.1,0,0,12,17.1
2016-06-13,0,0.1,0,2.4,12,14.5
2016-06-14,0,0,0,5.2,12,17.2
2016-06-15,0,0.1,0,0.3,12,12.4
2016-06-16,3.3,4.6,0,0.3,12,20.2
2016-06-17,0.1,7.9,4,5.1,12,29.1
2016-06-18,7.9,14.4,0,19.3,12,53.6
2016-06-19,0.8,0,0.8,3.8,12,17.4
2016-06-20,0.3,0,0,1.5,12,13.8
2016-06-21,15.8,24.3,0,6.3,12,58.4
2016-06-22,0,0,0,1.2,12,13.2
2016-06-23,0,0.1,0,1.7,12,13.8
2016-06-24,0,0.2,0,1,12,13.2
2016-06-25,0.9,7.8,5.1,3,12,28.8
2016-06-26,0,4,0.1,2,12,18.1
2016-06-27,3.6,15.5,11.5,0,12,42.6
2016-06-28,0.1,3.4,9.2,1.2,12,25.9
2016-06-29,0,2.2,3,0.7,12,17.9
2016-06-30,0.2,14.4,0,6.1,12,32.7
2016-07-01,2.9,3.6,0,0,12,18.5
2016-07-02,0.9,11.8,0.7,0,12,25.4
2016-07-03,9.1,21.5,5.2,0,12,47.8
2016-07-04,0,0,0.3,0,12,12.3
2016-07-05,0,0.3,0.8,0,12,13.1
2016-07-06,0,0,9.5,23.6,12,45.1
2016-07-07,1.3,0,0.2,11.5,12,25
2016-07-08,0,2.3,0,6.3,12,20.6
2016-07-09,0,0,1.6,0.1,12,13.7
2016-07-10,1.4,1,4,5.2,12,23.6
2016-07-11,1.6,18.4,2.8,3.9,12,38.7
2016-07-12,5.3,8.6,3.9,0.9,12,30.7
2016-07-13,7.6,0.5,6.1,0,12,26.2
2016-07-14,4.6,0.6,7.7,0.3,12,25.2
2016-07-15,0,0,0.5,0.3,12,12.8
2016-07-16,0.7,1.5,1.2,0,12,15.4
2016-07-17,0.2,2.8,0.8,3.8,12,19.6
2016-07-18,1.6,0.8,1.2,0,12,15.6
2016-07-19,0,0.2,0,0.2,12,12.4
2016-07-20,0.7,0.1,0.4,1.7,12,14.9
2016-07-21,0,0,0,0,12,12
2016-07-22,0,0.1,0,0,12,12.1
2016-07-23,0.5,0,0.3,0,12,12.8
2016-07-24,0,0,15.2,0,12,27.2
2016-07-25,0,2.5,3.9,2,12,20.4
2016-07-26,4.2,3,0.2,0,12,19.4
2016-07-27,1.5,5.7,13.2,3.3,12,35.7
2016-07-28,6.5,17.5,0,26.9,12,62.9
2016-07-29,0,2.5,0,0.2,12,14.7
2016-07-30,5,16.5,11.2,4.3,12,49
2016-07-31,1.1,3,10,0,12,26.1
2016-08-01,1.2,15.7,5.5,1.4,12,35.8
2016-08-02,0.6,1.9,10.2,4.2,12,28.9
2016-08-03,0,0.3,0.2,0,12,12.5
2016-08-04,2.8,15,0,0.4,12,30.2
2016-08-05,0.2,23.5,0.1,0.6,12,36.4
2016-08-06,0,0,12.5,0.4,12,24.9
2016-08-07,3.6,0.2,0,0.1,12,15.9
2016-08-08,0.2,24.5,1,0.2,12,37.9
2016-08-09,5.7,22,7,7.3,12,54
2016-08-10,8.4,0.1,12.5,2.5,12,35.5
2016-08-11,0.6,0,0.6,0,12,13.2
2016-08-12,0,1.4,0.6,1.4,12,15.4
2016-08-13,4.4,12,18.5,1.6,12,48.5
2016-08-14,0.6,8.6,3.5,0.1,12,24.8
2016-08-15,0.1,0,0,0,12,12.1
2016-08-16,0,0,0,0,12,12
2016-08-17,0,0,0,0,12,12
2016-08-18,0,0,0,0,12,12
2016-08-19,0,0,2,0,12,14
2016-08-20,0.9,9.5,0,0,12,22.4
2016-08-21,3.8,9,0,1.9,12,26.7
2016-08-22,0,4.4,0.1,2.3,12,18.8
2016-08-23,0.9,3,14.2,0.1,12,30.2
2016-08-24,0,0,0,0,12,12
2016-08-25,0,0.9,0.7,0,12,13.6
2016-08-26,1.7,4.5,0,0.2,12,18.4
2016-08-27,4.2,3.1,25,5.6,12,49.9
2016-08-28,0,0.1,0.4,0.6,12,13.1
2016-08-29,5,0.1,0,1,12,18.1
2016-08-30,7,0,0.4,0.6,12,20
2016-08-31,0.2,2,3.1,2.9,12,20.2
2016-09-01,0.1,2.5,1.1,3.9,12,19.6
2016-09-02,0,0.8,1.5,0.8,12,15.1
2016-09-03,0,6.6,1.9,2.8,12,23.3
2016-09-04,0,0.6,3.6,2.2,12,18.4
2016-09-05,0,0,0.1,7.5,12,19.6
2016-09-06,0,0.2,0,0.1,12,12.3
2016-09-07,0,5,0,2.1,12,19.1
2016-09-08,0,2,0,3.4,12,17.4
2016-09-09,0,0,0,0.1,12,12.1
2016-09-10,6.7,13.5,1.5,0,12,33.7
2016-09-11,4.4,71.4,12.8,0,12,100.6
2016-09-12,1.3,0,0.1,17.9,12,31.3
2016-09-13,0,0.1,0,2.5,12,14.6
2016-09-14,0,0,0,0.2,12,12.2
2016-09-15,0.1,0,0,3.2,12,15.3
2016-09-16,0,0,0,0.1,12,12.1
2016-09-17,1.7,0,0,0,12,13.7
2016-09-18,0,0.1,0,0,12,12.1
2016-09-19,0,0,0,0,12,12
2016-09-20,0,0,0,0.8,12,12.8
2016-09-21,0,0,0,0,12,12
2016-09-22,1.3,5.5,0,0,12,18.8
2016-09-23,2.4,11.7,0,0,12,26.1
2016-09-24,6.6,2.6,3.9,0,12,25.1
2016-09-25,0,0.2,1,0.4,12,13.6
2016-09-26,0,9.9,0,2.4,12,24.3
2016-09-27,1.7,0.2,0,0.2,12,14.1
2016-09-28,0.5,42.2,0,0.5,12,55.2
2016-09-29,0.3,18.8,3.8,0,12,34.9
2016-09-30,4,21.5,0,1.2,12,38.7
2016-10-01,0,12.5,9.3,11.5,12,45.3
2016-10-02,0,0.3,0.5,11.1,12,23.9
2016-10-03,0,0,0,0.2,12,12.2
2016-10-04,0,0,0,0.1,12,12.1
2016-10-05,0,0,0,0,12,12
2016-10-06,0,0,0,1.2,12,13.2
2016-10-07,0,0,0,2.1,12,14.1
2016-10-08,0,0,0,0,12,12
2016-10-09,0,0,0,0,12,12
2016-10-10,0.1,0,0,0,12,12.1
2016-10-11,0,0,0,0,12,12
2016-10-12,0,0,0,0.1,12,12.1
2016-10-13,0,0,0,0.2,12,12.2
2016-10-14,0,0,0,0,12,12
2016-10-15,0,0,0,0,12,12
2016-10-16,0,0,0,0,12,12
2016-10-17,1.4,0,0,0,12,13.4
2016-10-18,1,8.3,0,0,12,21.3
2016-10-19,1.3,10,0,0,12,23.3
2016-10-20,0.1,0,0,0,12,12.1
2016-10-21,0.3,0.1,0,0,12,12.4
2016-10-22,0,0,0,0,12,12
2016-10-23,0.1,0,0,0,12,12.1
2016-10-24,0.2,0,0,0,12,12.2
2016-10-25,1.1,0,0,0,12,13.1
2016-10-26,0.2,1,0,0,12,13.2
2016-10-27,0.3,9,0,0,12,21.3
2016-10-28,0,11.1,6,0,12,29.1
2016-10-29,0,13.4,31.5,0,12,56.9
2016-10-30,0,0.5,11.5,7.6,12,31.6
2016-10-31,0.1,0.1,10,0.1,12,22.3
2016-11-01,16.6,2.5,13.4,0,12,44.5
2016-11-02,4.2,0.7,4.3,0,12,21.2
2016-11-03,0,0.2,0.2,0,12,12.4
2016-11-04,0,0.3,0,0,12,12.3
2016-11-05,3.8,0.4,0,0,12,16.2
2016-11-06,0,1,0,0.1,12,13.1
2016-11-07,0,0,0,0,12,12
2016-11-08,0,0,0,0,12,12
2016-11-09,0,0,0,0,12,12
2016-11-10,0,0,0,0,12,12
2016-11-11,0,0,0,0,12,12
2016-11-12,0,0,2.3,0,12,14.3
2016-11-13,0.2,7.4,5.3,0.3,12,25.2
2016-11-14,0,4.5,0.4,0,12,16.9
2016-11-15,8.2,13.7,2.9,0,12,36.8
2016-11-16,1.3,3,3.1,0,12,19.4
2016-11-17,7.7,26.5,0.1,0,12,46.3
2016-11-18,0.6,19.4,0,0,12,32
2016-11-19,3.9,6,0.1,0.2,12,22.2
2016-11-20,0.6,12,0,2,12,26.6
2016-11-21,1.2,9,0,0,12,22.2
2016-11-22,1.2,16.5,1,0,12,30.7
2016-11-23,2.6,20,3.6,0.6,12,38.8
2016-11-24,0.3,3,6,0,12,21.3
2016-11-25,0.1,1.6,17,0,12,30.7
2016-11-26,0,0,20,0,12,32
2016-11-27,0,0,13.5,1.8,12,27.3
2016-11-28,0,0,1.8,1.1,12,14.9
2016-11-29,0,0,0,0.1,12,12.1
2016-11-30,0,13,10.5,1.5,12,37
2016-12-01,0,3.5,7.5,1.2,12,24.2
2016-12-02,0,0.3,15.8,0.9,12,29
2016-12-03,0,0,22.7,0,12,34.7
2016-12-04,0,0.5,7.8,0,12,20.3
2016-12-05,0,0,21.6,4,12,37.6
2016-12-06,0,0,1,1.9,12,14.9
2016-12-07,0,3.6,0,1.9,12,17.5
2016-12-08,6.8,16,3.6,0.7,12,39.1
2016-12-09,0,0.1,7.9,1.5,12,21.5
2016-12-10,0,4.5,16.3,0.5,12,33.3
2016-12-11,0.8,3.6,11.9,4.2,12,32.5
2016-12-12,1.6,0,0,1.3,12,14.9
2016-12-13,0.1,3.5,0,1.4,12,17
2016-12-14,0,0,7,3,12,22
2016-12-15,0,0,0,1.2,12,13.2
2016-12-16,0,1.5,0,0.3,12,13.8
2016-12-17,0,2,0,0.5,12,14.5
2016-12-18,0,7.5,0,1.6,12,21.1
2016-12-19,0.9,0.5,3,2.1,12,18.5
2016-12-20,0,2,2.5,0.1,12,16.6
2016-12-21,0,3.2,0,0,12,15.2
2016-12-22,0.6,22.5,0,0,12,35.1
2016-12-23,0,19,0.5,0.7,12,32.2
2016-12-24,0.3,46.5,0,0.4,12,59.2
2016-12-25,0,8.1,13.5,1,12,34.6
2016-12-26,0,6,12.4,0.5,12,30.9
2016-12-27,0.2,18.5,16.9,1.8,12,49.4
2016-12-28,0,0,4,1.3,12,17.3
2016-12-29,0,0.7,0,0.9,12,13.6
2016-12-30,0,1.5,0.6,0.8,12,14.9
2016-12-31,0,12,5,3.2,12,32.2
2017-01-01,0,13.9,7.4,1.5,12,34.8
2017-01-02,0,0,17,2.8,12,31.8
2017-01-03,0,1.7,5.1,0,12,18.8
2017-01-04,0,6.1,22,0,12,40.1
2017-01-05,0,0,9.5,0,12,21.5
2017-01-06,0,1,0,0,12,13
2017-01-07,0,8.6,0,0.1,12,20.7
2017-01-08,0,0,1.6,1.8,12,15.4
2017-01-09,0,3.5,1.6,0.3,12,17.4
2017-01-10,0,32,0,1.9,12,45.9
2017-01-11,0,37.6,0,0.1,12,49.7
2017-01-12,2,26,2.8,0,12,42.8
2017-01-13,0,8,0,0,12,20
2017-01-14,0,2.9,10,0,12,24.9
2017-01-15,0,0,6.4,0,12,18.4
2017-01-16,0,0,1.3,1.2,12,14.5
2017-01-17,0.2,0,2.6,0,12,14.8
2017-01-18,0,1,6.5,0.4,12,19.9
2017-01-19,0,0.3,0,4.7,12,17
2017-01-20,0,0.2,23.1,0,12,35.3
2017-01-21,0,0,4.2,0,12,16.2
2017-01-22,0,0,0,0.2,12,12.2
2017-01-23,0,0.3,0,0,12,12.3
2017-01-24,0,0,0.5,0,12,12.5
2017-01-25,0,2.5,0,0,12,14.5
2017-01-26,0,2.5,0,1.3,12,15.8
2017-01-27,0,0,0,10.4,12,22.4
2017-01-28,0,0,0,0.1,12,12.1
2017-01-29,0,5.5,0,0.3,12,17.8
2017-01-30,3,40,0,0.4,12,55.4
2017-01-31,0,0.3,0,0.6,12,12.9
2017-02-01,0,0,0,0,12,12
2017-02-02,0,0.1,0,0.9,12,13
2017-02-03,0,1.5,0,0,12,13.5
2017-02-04,0,1.7,0,0,12,13.7
2017-02-05,0.2,0.1,0,0,12,12.3
2017-02-06,0.4,0.2,0,0,12,12.6
2017-02-07,0,0.1,0,0,12,12.1
2017-02-08,0,0.1,0,0,12,12.1
2017-02-09,0,0,0,0,12,12
2017-02-10,0,0,0,0,12,12
2017-02-11,0.1,0,0,0,12,12.1
2017-02-12,0.2,0,0,0,12,12.2
2017-02-13,0,0,0,0.3,12,12.3
2017-02-14,0,0,0,0.6,12,12.6
2017-02-15,0,0,0,0.1,12,12.1
2017-02-16,0,6.5,0.5,0,12,19
2017-02-17,0,2.5,2.8,4.7,12,22
2017-02-18,0,0,0.7,1,12,13.7
2017-02-19,0,15,1.9,0.5,12,29.4
2017-02-20,0,3,14.4,0,12,29.4
2017-02-21,3.8,7.8,13.5,0,12,37.1
2017-02-22,3,30,3,0.2,12,48.2
2017-02-23,1,17.1,4.2,0,12,34.3
2017-02-24,0,0,5.2,2.3,12,19.5
2017-02-25,0,0.7,6.8,0.8,12,20.3
2017-02-26,3,16.1,5.8,0.9,12,37.8
2017-02-27,1,13.5,0,0.1,12,26.6
2017-02-28,5.2,10.5,0.9,0,12,28.6
2017-03-01,1.1,14.2,0,0,12,27.3
2017-03-02,0,1.7,0,0,12,13.7
2017-03-03,0,19.6,0.1,0.4,12,32.1
2017-03-04,0.1,6.5,0.1,1.2,12,19.9
2017-03-05,1.1,0.4,0,0.4,12,13.9
2017-03-06,0,0.1,0,0,12,12.1
2017-03-07,0,0,0,0,12,12
2017-03-08,0,0,0,0,12,12
2017-03-09,1.8,17,0,0,12,30.8
2017-03-10,0.2,0.9,0,0,12,13.1
2017-03-11,0,0,0.1,0.5,12,12.6
2017-03-12,0.4,11,0,0.2,12,23.6
2017-03-13,0,1,0,0.8,12,13.8
2017-03-14,0.9,3.5,0,0,12,16.4
2017-03-15,0,12.8,1.2,0,12,26
2017-03-16,0,1,11,2,12,26
2017-03-17,0,18,0,0.7,12,30.7
2017-03-18,0,5.1,9.8,0.3,12,27.2
2017-03-19,0,0,0,0.5,12,12.5
2017-03-20,0.6,3,0,0,12,15.6
2017-03-21,1.1,19,0,0,12,32.1
2017-03-22,0,9.4,7.6,0,12,29
2017-03-23,0,0,5,0.5,12,17.5
2017-03-24,0,0,1.4,0,12,13.4
2017-03-25,0,1.6,6.3,0,12,19.9
2017-03-26,0,0,1,0.1,12,13.1
2017-03-27,0,0,2.5,0.2,12,14.7
2017-03-28,0,0,0,0,12,12
2017-03-29,0,0.1,0,0.2,12,12.3
2017-03-30,0,2.4,0,0,12,14.4
2017-03-31,4.8,10.3,1.5,0.3,12,28.9
2017-04-01,6.6,14.6,2,0.3,12,35.5
2017-04-02,0,4.5,0.3,0.2,12,17
2017-04-03,0,0,0,0,12,12
2017-04-04,0,0.3,0,0.1,12,12.4
2017-04-05,0,4.5,0,0.1,12,16.6
2017-04-06,0,0,2,1.9,12,15.9
2017-04-07,0,0.6,14.2,0.4,12,27.2
2017-04-08,0,0,3.4,0,12,15.4
2017-04-09,0,0,0,0,12,12
2017-04-10,0,2.6,0,0.2,12,14.8
2017-04-11,0,2.5,9.5,0.2,12,24.2
2017-04-12,0,9.5,4.3,0.9,12,26.7
2017-04-13,1.8,2.5,0,0,12,16.3
2017-04-14,4.6,0,0.1,0,12,16.7
2017-04-15,0,1,0,0,12,13
2017-04-16,0,0,0,0.2,12,12.2
2017-04-17,3.1,4.4,0,0,12,19.5
2017-04-18,0.1,0,0,0,12,12.1
2017-04-19,0,0,0,0,12,12
2017-04-20,0.1,3.5,0.1,0,12,15.7
2017-04-21,0,1.6,8.7,0,12,22.3
2017-04-22,0,2,14,1.4,12,29.4
2017-04-23,0,2,9.8,0,12,23.8
2017-04-24,0.4,19.5,0.5,0,12,32.4
2017-04-25,1.9,0.7,0.5,0,12,15.1
2017-04-26,0,0,2,0,12,14
2017-04-27,0,0,1,0,12,13
2017-04-28,0.1,4,0,0,12,16.1
2017-04-29,0,0.1,0,0,12,12.1
2017-04-30,0,0,0,0,12,12
2017-05-01,0,0,0.1,1.8,12,13.9
2017-05-02,0,0,0,0.4,12,12.4
2017-05-03,0,0,0,0.2,12,12.2
2017-05-04,0,0,0,0,12,12
2017-05-05,0,0,0,0,12,12
2017-05-06,0,0,0,0,12,12
2017-05-07,4.7,0,0,0.9,12,17.6
2017-05-08,0,0,2,1.3,12,15.3
2017-05-09,0,0,1.5,1.1,12,14.6
2017-05-10,0,3,0,0,12,15
2017-05-11,3.8,8.5,0,0.1,12,24.4
2017-05-12,0.2,0.5,0,0,12,12.7
2017-05-13,0,7.5,0,0,12,19.5
2017-05-14,0,10.3,0,0,12,22.3
2017-05-15,1.6,2,1.8,0,12,17.4
2017-05-16,2.9,5.5,0.3,0,12,20.7
2017-05-17,5.4,19.5,2,0,12,38.9
2017-05-18,9.6,44.5,0.2,0.3,12,66.6
2017-05-19,6.9,14,2.5,0,12,35.4
2017-05-20,0,0,0,0.8,12,12.8
2017-05-21,7.2,4.5,0,0,12,23.7
2017-05-22,0.3,1.5,11,0,12,24.8
2017-05-23,1.2,0,1.5,0.4,12,15.1
2017-05-24,0,3.4,0,0.1,12,15.5
2017-05-25,0,0,6,1.1,12,19.1
2017-05-26,0,0,9.8,0.4,12,22.2
2017-05-27,0,0,1.3,0,12,13.3
2017-05-28,0,4.3,0,0,12,16.3
2017-05-29,1.9,1.5,0.9,3.4,12,19.7
2017-05-30,3,1,0,0.4,12,16.4
2017-05-31,4.8,3,0,0.2,12,20
2017-06-01,0,0,0.3,0,12,12.3
2017-06-02,0,2.1,0.1,0,12,14.2
2017-06-03,1.3,7,0,0,12,20.3
2017-06-04,0.3,1.5,3.1,0,12,16.9
2017-06-05,11.6,0.6,0.3,1,12,25.5
2017-06-06,1.7,12.4,0,3.5,12,29.6
2017-06-07,4.3,16,0,0,12,32.3
2017-06-08,3.7,9.5,0,0,12,25.2
2017-06-09,5,4.5,0,0,12,21.5
2017-06-10,10.2,6.6,0,0,12,28.8
2017-06-11,0,4.4,2.1,0,12,18.5
2017-06-12,1.1,10.1,6.5,0,12,29.7
2017-06-13,1.5,7.6,7,0,12,28.1
2017-06-14,15,0,0.4,0,12,27.4
2017-06-15,0,0.1,0,0.4,12,12.5
2017-06-16,0,17.3,0.3,1.2,12,30.8
2017-06-17,0.7,0,5.2,0.3,12,18.2
2017-06-18,0,0.2,0,0.3,12,12.5
2017-06-19,0,0,1,3.7,12,16.7
2017-06-20,3.4,0.1,5,0.6,12,21.1
2017-06-21,0,0,6.9,0.9,12,19.8
2017-06-22,0,2,0.2,0.1,12,14.3
2017-06-23,0,1.9,0,0,12,13.9
2017-06-24,4.6,13.8,6.5,0,12,36.9
2017-06-25,0,9.5,0,1.2,12,22.7
2017-06-26,1.7,25,3,2.9,12,44.6
2017-06-27,0,0,10.5,0.9,12,23.4
2017-06-28,0,0,0,0.6,12,12.6
2017-06-29,0,2.3,0,0.1,12,14.4
2017-06-30,0,0.2,0,0,12,12.2
2017-07-01,0,0,0,0,12,12
2017-07-02,0,0,3.9,0,12,15.9
2017-07-03,0,1.1,10.5,0.1,12,23.7
2017-07-04,2.1,3.6,1.5,16.9,12,36.1
2017-07-05,0.1,0,2,0.5,12,14.6
2017-07-06,0,0,0,0.7,12,12.7
2017-07-07,0.1,0.6,0,1.4,12,14.1
2017-07-08,5.2,14.2,3.1,0.1,12,34.6
2017-07-09,7.2,0,8,0,0.3,15.5
2017-07-10,0,7.1,0,0,2.1,9.2
2017-07-11,17.2,2.5,2.5,2,0,24.2
2017-07-12,6.7,7,26.2,0.4,1.6,41.9
2017-07-13,1.3,0,17.9,5.9,2.3,27.4
2017-07-14,0,0,4.6,3.7,0.4,8.7
2017-07-15,0,4.4,0,1.9,1.6,7.9
2017-07-16,6.2,11.5,0,0,8.1,25.8
2017-07-17,1.3,2,3.3,4.6,26.4,37.6
2017-07-18,0.1,0.3,7.9,20.1,1.8,30.2
2017-07-19,0,0,0,3.2,0,3.2
2017-07-20,0,0,0,0,0,0
2017-07-21,0,6.5,0,0,0,6.5
2017-07-22,0,1,0,0.7,1.4,3.1
2017-07-23,0,0,8.7,0,0,8.7
2017-07-24,5.8,1,3.5,0,0,10.3
2017-07-25,0,0.1,0,0,0,0.1
2017-07-26,0,0.1,0,0,0,0.1
2017-07-27,0,4.9,0,0,4.4,9.3
2017-07-28,10.1,23.9,0,0,8.1,42.1
2017-07-29,0,3.9,0,0,2.2,6.1
2017-07-30,0.3,9,0,11.3,1.3,21.9
2017-07-31,2.8,9,1.3,45.1,19.8,78
2017-08-01,1.3,14.1,0,0.2,26,41.6
2017-08-02,0,13.5,0,3.2,8.6,25.3
2017-08-03,4,6,0.1,1.4,11.6,23.1
2017-08-04,7.6,30,3.9,0,4,45.5
2017-08-05,0,9.8,0.1,0,14.9,24.8
2017-08-06,9.8,5,11.5,0,25.6,51.9
2017-08-07,6.9,0.3,16.5,0.1,40.9,64.7
2017-08-08,2.2,11.6,5.9,9.1,15.4,44.2
2017-08-09,3.2,4.5,0.1,4.1,7.6,19.5
2017-08-10,14.8,0.8,5.1,3.9,0,24.6
2017-08-11,0,0,0,3,4.1,7.1
2017-08-12,0.2,2.2,0.8,0.2,12.4,15.8
2017-08-13,18.9,3.3,2.4,2.5,7.3,34.4
2017-08-14,0,0,1.1,0,13.3,14.4
2017-08-15,0,0,0,1,2.4,3.4
2017-08-16,25.1,8.2,6.7,0.1,6.8,46.9
2017-08-17,0,0.1,1.8,2.8,0.1,4.8
2017-08-18,7.2,13,0,0,14.7,34.9
2017-08-19,18.7,12,0,0,3.9,34.6
2017-08-20,6.8,27.3,8.1,2.3,26.4,70.9
2017-08-21,0.6,2.6,4,8.6,0.4,16.2
2017-08-22,0.2,0,0,0.4,0,0.6
2017-08-23,0,0,0,0.1,0,0.1
2017-08-24,0,0.4,0.8,0.9,0,2.1
2017-08-25,0,17.5,0,0.5,0,18
2017-08-26,0,0,0,11.2,0,11.2
2017-08-27,0,3,0,0.5,0,3.5
2017-08-28,0,0,0,0,0,0
2017-08-29,5.2,14,0,0,26.3,45.5
2017-08-30,8.5,3.6,0,1.2,0.3,13.6
2017-08-31,0,0,0,4.9,1.3,6.2
2017-09-01,1,0,0.3,1.3,7.9,10.5
2017-09-02,0,0.1,0,1.5,0.1,1.7
2017-09-03,0,0.8,0,0,0,0.8
2017-09-04,0,0,0,0,3.2,3.2
2017-09-05,7.5,0,0,0,2.6,10.1
2017-09-06,12.4,25,0,0,32.3,69.7
2017-09-07,14.1,1,0,0,0.4,15.5
2017-09-08,0,3.5,2.7,0,2.1,8.3
2017-09-09,7.1,21.7,0,0,6.8,35.6
2017-09-10,3,9,0,0,16.7,28.7
2017-09-11,6,46.3,0,0,7.4,59.7
2017-09-12,7.6,29.5,0.9,0,3.5,41.5
2017-09-13,7,18.5,6.5,0.5,13.2,45.7
2017-09-14,0.8,0,0.1,0,4.6,5.5
2017-09-15,0.9,0,4.3,0,1,6.2
2017-09-16,0.1,1.4,1,2.1,0,4.6
2017-09-17,0.1,0,1,0,0,1.1
2017-09-18,0,0,2.7,1.4,0,4.1
2017-09-19,0.4,0.1,2.4,0,0.3,3.2
2017-09-20,4.5,11,6.3,0,4.8,26.6
2017-09-21,0.7,15.7,0,0,4,20.4
2017-09-22,0.1,2,0,0,4.6,6.7
2017-09-23,2.5,2.5,0,0,0.2,5.2
2017-09-24,0.1,0.1,0,0,0,0.2
2017-09-25,0,0,0,0,0,0
2017-09-26,0,0,0,0,0,0
2017-09-27,0,0.5,0,0,0,0.5
2017-09-28,0,1.5,0,0,0,1.5
2017-09-29,0,0,0,0,0,0
2017-09-30,0,26.5,0,0,13.3,39.8
2017-10-01,0,62,0,0,13.2,75.2
2017-10-02,4,63,0.1,0,33.7,100.8
2017-10-03,2.1,39.5,0,0,27.2,68.8
2017-10-04,0.1,26.6,4.4,0.3,32.2,63.6
2017-10-05,0,20.6,0.3,0,21.4,42.3
2017-10-06,0,0,7.5,0,18.7,26.2
2017-10-07,0,0,18.1,0,3.9,22
2017-10-08,0,0,11,0,0,11
2017-10-09,0,0,6,1.2,0,7.2
2017-10-10,0,0.1,0,0,0.5,0.6
2017-10-11,2.2,9.4,0,0,11.1,22.7
2017-10-12,14.9,34,1,0,25.2,75.1
2017-10-13,4.3,2,2.8,0,17.1,26.2
2017-10-14,7.2,14.9,1.8,0,17.1,41
2017-10-15,0.1,0,0,1.3,5.3,6.7
2017-10-16,0.4,4,1.9,0.3,5.9,12.5
2017-10-17,3.4,2,3,16.2,4.2,28.8
2017-10-18,5,18,4.2,1.1,26.9,55.2
2017-10-19,0,0,0,0.8,0,0.8
2017-10-20,0,1.6,0,2.5,3.1,7.2
2017-10-21,0,2.5,0,0,2.5,5
2017-10-22,0,33,0,0,0,33
2017-10-23,0.4,0.9,0,0,0,1.3
2017-10-24,0.6,13,0,0,17.2,30.8
2017-10-25,13.6,27.5,0.2,0,8.8,50.1
2017-10-26,0,12.6,0.7,0,25,38.3
2017-10-27,0,9,1.5,0,10.4,20.9
2017-10-28,0,6.6,13.7,1.7,21.7,43.7
2017-10-29,0,2,14,3.1,8.8,27.9
2017-10-30,0,0,14.4,1,0.4,15.8
2017-10-31,0,0,3,3,4.6,10.6
2017-11-01,0,2.1,4.3,0.4,4.1,10.9
2017-11-02,0.8,5.5,4.7,0.1,23.9,35
2017-11-03,0,0,1.2,0.1,0,1.3
2017-11-04,0,3.5,0,2.4,10.4,16.3
2017-11-05,10.1,23,0.2,0,27.7,61
2017-11-06,10.4,0,5,2,3.2,20.6
2017-11-07,0,0,0,4.5,0,4.5
2017-11-08,0,3.6,0,0.1,3.8,7.5
2017-11-09,0.2,10.8,0,1.4,27.2,39.6
2017-11-10,0,18.6,7.3,0.7,10.1,36.7
2017-11-11,0.1,5.5,0,0,23.9,29.5
2017-11-12,0,6,12.1,0,13.2,31.3
2017-11-13,0,0,11.9,0,0,11.9
2017-11-14,0,5.8,0,0,1.7,7.5
2017-11-15,0.5,3.2,3.4,0.1,10.8,18
2017-11-16,0,0.4,10.4,1.3,1.6,13.7
2017-11-17,1.9,24.5,0.7,0,23.5,50.6
2017-11-18,0,38.5,2.6,0,12.9,54
2017-11-19,1.6,15.3,0,0,8.8,25.7
2017-11-20,0,0,5.2,0,0.4,5.6
2017-11-21,0,0,0,0,1.5,1.5
2017-11-22,0,4.5,0,0,4.6,9.1
2017-11-23,17,80.5,3.3,0,24.9,125.7
2017-11-24,0.2,19,2.3,0,29.5,51
2017-11-25,0,10.1,0,0,8.7,18.8
2017-11-26,0,24.4,0,0.4,0,24.8
2017-11-27,3.2,13,0,0,0,16.2
2017-11-28,0.5,3,0,0.3,0,3.8
2017-11-29,0,0,0,0,0,0
2017-11-30,2.7,0,0,0,0.1,2.8
2017-12-01,0,0,0,0,0,0
2017-12-02,0,0,4,1.5,0,5.5
2017-12-03,0.6,1.5,4.1,0.4,16.7,23.3
2017-12-04,0,0,14.8,4.5,12.6,31.9
2017-12-05,0,3.6,14,0,13.9,31.5
2017-12-06,0.1,21,10.4,0.2,48.5,80.2
2017-12-07,4.6,22.6,2.5,0,58,87.7
2017-12-08,0.1,38.6,0.8,0,26.6,66.1
2017-12-09,0,10.5,13,0,17.5,41
2017-12-10,0,0.2,4.1,0,12.6,16.9
2017-12-11,0,0,0,0,0.1,0.1
2017-12-12,0,0,0,0,1.6,1.6
2017-12-13,0,5.2,0,0,0.1,5.3
2017-12-14,2,7.5,0,1.8,1.7,13
2017-12-15,0,5,0,0,0,5
2017-12-16,0,0,0,0,0,0
2017-12-17,0.3,0,0.3,0,0,0.6
2017-12-18,0,4.1,0,0,3.9,8
2017-12-19,0,0,4.3,0,6,10.3
2017-12-20,0.7,0.5,1.4,1.3,7.1,11
2017-12-21,0,0.3,4,0.5,14.7,19.5
2017-12-22,0,0.5,12.6,0.4,14.5,28
2017-12-23,0,3.5,29.9,0.8,87.2,121.4
2017-12-24,2.5,24.5,11,0,22.5,60.5
2017-12-25,0,8.5,10,0,18.4,36.9
2017-12-26,2.9,51.5,3.5,0,10.8,68.7
2017-12-27,12.5,11.5,0.5,0.1,37.1,61.7
2017-12-28,3.8,1.5,0,0,3.4,8.7
2017-12-29,1.6,0,0,0,0,1.6
2017-12-30,0.2,0,0,0,3.2,3.4
2017-12-31,0,0,0,0,0.9,0.9
2018-01-01,5.5,18.6,0,0,9.3,33.4
2018-01-02,0.2,6.8,1.3,0,6.6,14.9
2018-01-03,0,4.4,0,0,5.2,9.6
2018-01-04,0.3,0,0,3.6,0,3.9
2018-01-05,0.3,0,0,0.1,0,0.4
2018-01-06,0,1,0.2,0,0,1.2
2018-01-07,0,0,3.9,0,0.2,4.1
2018-01-08,0,0.4,10,0,13,23.4
2018-01-09,0,0,0,2.8,0,2.8
2018-01-10,0,0,0,1,0,1
2018-01-11,0.1,2,0,0,0.8,2.9
2018-01-12,0,0,0,0,0,0
2018-01-13,0,0,0,0.9,0,0.9
2018-01-14,0,0.3,0,0,0,0.3
2018-01-15,0,2.5,0,0,0,2.5
2018-01-16,5.2,22.3,0,0,12.6,40.1
2018-01-17,6,8,0,0,5.1,19.1
2018-01-18,1.8,1.5,0,0,0.9,4.2
2018-01-19,0.4,0.2,0,0,0.8,1.4
2018-01-20,1,3.6,0,0,0.6,5.2
2018-01-21,0,6.5,0,0,0,6.5
2018-01-22,0,0.2,0,0,0,0.2
2018-01-23,0.9,3.5,0,0,2.1,6.5
2018-01-24,15.8,30.1,3.5,0,16.1,65.5
2018-01-25,1,47.6,3,0,21.1,72.7
2018-01-26,0,16.5,14.3,1.9,11.7,44.4
2018-01-27,0,0,0.2,2.2,1.2,3.6
2018-01-28,1.8,50,0,0,19.7,71.5
2018-01-29,1.5,22,0.6,0,9,33.1
2018-01-30,0.9,10.5,1.3,0,19.6,32.3
2018-01-31,0.6,27.3,0,0,25.9,53.8
2018-02-01,1,11.5,0,0,8.9,21.4
2018-02-02,0.1,1.5,0,0,0,1.6
2018-02-03,0,0,0,0,0,0
2018-02-04,0,0,0,0,0,0
2018-02-05,0,0,2.5,0,0,2.5
2018-02-06,0,0,0,0.1,0,0.1
2018-02-07,0.2,0.2,0,0.2,0,0.6
2018-02-08,0,0.4,2,0,1.9,4.3
2018-02-09,1.5,35.1,0,0,8.4,45
2018-02-10,0.2,29.3,0,0,22.9,52.4
2018-02-11,0.1,7,0,0,2.2,9.3
2018-02-12,0.2,3,0,0,6.6,9.8
2018-02-13,1.2,0.4,1.3,0,2.8,5.7
2018-02-14,0,4.9,0,0,14.4,19.3
2018-02-15,0,1.3,0,0,5.4,6.7
2018-02-16,0.2,11.7,0,0,2.3,14.2
2018-02-17,0,0.1,0.8,0,9.1,10
2018-02-18,0,9,0,0,9.6,18.6
2018-02-19,0.2,0.9,0,0,2.8,3.9
2018-02-20,0,0,0,0,0,0
2018-02-21,0,0.8,3.8,0,0.1,4.7
2018-02-22,0.5,0,1.5,0.1,0,2.1
2018-02-23,0,0,0,0,0,0
2018-02-24,0,0.1,0,0,0,0.1
2018-02-25,0,0.1,5.9,0,0,6
2018-02-26,2.1,0,3.5,0,1.9,7.5
2018-02-27,0.4,0,0,0,2.6,3
2018-02-28,0,0,0,0,0,0
2018-03-01,0,0,0,0,0,0
2018-03-02,0,0,0,0,0,0
2018-03-03,0,0.1,0,1.5,0,1.6
2018-03-04,0,0.1,1.1,0,2.5,3.7
2018-03-05,0.5,0.1,0.2,0,0,0.8
2018-03-06,0,0.1,0,0,0,0.1
2018-03-07,0,0,0,0,0.1,0.1
2018-03-08,0.5,0.1,0,0,1.9,2.5
2018-03-09,0.1,0.1,0.1,0,4.1,4.4
2018-03-10,0,0,3,0,0.2,3.2
2018-03-11,0,0.1,0,0,0,0.1
2018-03-12,7,4,0,0,0.1,11.1
2018-03-13,6.5,0,1.9,0.3,0.2,8.9
2018-03-14,1.6,0,0,0,0,1.6
2018-03-15,0,0,0,0,0,0
2018-03-16,0,0.1,0,0,0,0.1
2018-03-17,0,0,0,0,0,0
2018-03-18,0,0,0,1.1,0,1.1
2018-03-19,0,0,6.8,0.5,2.8,10.1
2018-03-20,0,0,9.9,0.1,5.5,15.5
2018-03-21,0,0,3.5,0,5.5,9
2018-03-22,0,3,1,0.2,8.9,13.1
2018-03-23,0,0,0,0.3,0,0.3
2018-03-24,0,11.5,0,0,2.8,14.3
2018-03-25,0,0,0,0,3.6,3.6
2018-03-26,0,0.1,1.3,1.8,15,18.2
2018-03-27,0,0.1,0,1.2,4.2,5.5
2018-03-28,0,0,0,1.1,0,1.1
2018-03-29,0,0,0,0.4,0,0.4
2018-03-30,0,0,0,0.3,0,0.3
2018-03-31,0,0,0,0.3,0,0.3
2018-04-01,0,0,0,0,0,0
2018-04-02,0,0,0,0,0,0
2018-04-03,0,0,0.1,0,0,0.1
2018-04-04,0,6,0,1.1,25.5,32.6
2018-04-05,4.1,5.4,0.8,0,11.9,22.2
2018-04-06,9.2,4.8,6.3,0,0.5,20.8
2018-04-07,0,0,0,0.2,0,0.2
2018-04-08,0,1,0.5,0.3,2,3.8
2018-04-09,13,3.7,0.7,0.1,11,28.5
2018-04-10,5.1,0,0,0,11.9,17
2018-04-11,0,0,0,0,0,0
2018-04-12,0,0,0,0.1,0,0.1
2018-04-13,0,0,0,0,0,0
2018-04-14,0,0,0,0,0.7,0.7
2018-04-15,0,0,0,0,0,0
2018-04-16,0,1.1,0,0,0,1.1
2018-04-17,0,1.3,0,0,0.6,1.9
2018-04-18,2.5,7.5,0.6,0,6.9,17.5
2018-04-19,0,0.1,1.3,1.3,0,2.7
2018-04-20,0,0,0,1.1,0,1.1
2018-04-21,0,0,4.5,3.1,2.1,9.7
2018-04-22,0,0,0,0.2,0.1,0.3
2018-04-23,0,23.6,0,0,14.1,37.7
2018-04-24,2.4,5.2,0.1,0,13.5,21.2
2018-04-25,0,8.9,0.2,2.2,11,22.3
2018-04-26,0,1.4,0.4,2.5,1.5,5.8
2018-04-27,0,7,0,0.2,10.5,17.7
2018-04-28,0,0.2,0,1.4,3,4.6
2018-04-29,0,0,0.8,0.7,2.1,3.6
2018-04-30,0,0,0.5,0,0,0.5
2018-05-01,0.4,2,0,0.1,0,2.5
2018-05-02,1.3,2,0,0,2.9,6.2
2018-05-03,0,16.3,0,0,4.3,20.6
2018-05-04,1.4,2.5,1.9,0,3.1,8.9
2018-05-05,0,3.5,0,0,5.1,8.6
2018-05-06,0,0.1,0,0,3.4,3.5
2018-05-07,0,0,0.5,0.1,2,2.6
2018-05-08,0,0,0,1.3,0,1.3
2018-05-09,0,0,0,0,0,0
2018-05-10,0,0,0,0,1.2,1.2
2018-05-11,12.4,9.5,14.4,0,26,62.3
2018-05-12,3.2,0,5,0.9,0,9.1
2018-05-13,0,0,0,0,0,0
2018-05-14,0,0,0,0,0,0
2018-05-15,0,0,0,0.1,0,0.1
2018-05-16,0,0,0,0,0.5,0.5
2018-05-17,0,0,0,1.4,0.6,2
2018-05-18,0,0.1,0,0,0,0.1
2018-05-19,0,0,0,0.1,0,0.1
2018-05-20,0,0,0,0,0,0
2018-05-21,0,0,0,4.3,0,4.3
2018-05-22,0,0,0,1.7,0,1.7
2018-05-23,0,0,0.3,2.6,0,2.9
2018-05-24,0,0,0,0.1,0,0.1
2018-05-25,0,0,0,0,0,0
2018-05-26,0,0,0,0,0,0
2018-05-27,0,0,0,0,0,0
2018-05-28,0,0,0,0,0,0
2018-05-29,0,4.9,0,0,0,4.9
2018-05-30,0,0,0,2.1,0,2.1
2018-05-31,0,0,0,0,0,0
2018-06-01,0,0,3.4,0.6,0,4
2018-06-02,0,0,0,0,0,0
2018-06-03,0,0,0,0,0,0
2018-06-04,0,0,0,1.6,0,1.6
2018-06-05,0,0,0.2,1.8,0,2
2018-06-06,0,0,0,1.1,0,1.1
2018-06-07,0,0,0,0.1,0,0.1
2018-06-08,0,0,0,0.3,0,0.3
2018-06-09,0,0,0,0.5,0,0.5
2018-06-10,0,0,0,1.4,0,1.4
2018-06-11,6.5,10.1,0,4.9,4.1,25.6
2018-06-12,11.8,0,0,1.1,0,12.9
2018-06-13,1.1,0,0,0.1,0,1.2
2018-06-14,0,2,0,0.1,2.3,4.4
2018-06-15,2.5,25,0,1,26.7,55.2
2018-06-16,0,5.5,0,1.8,1.9,9.2
2018-06-17,5.3,7,0,0,0.8,13.1
2018-06-18,10,4.8,1.7,0,2.4,18.9
2018-06-19,1.2,9.2,0.6,6.6,10.6,28.2
2018-06-20,0,5,0,1.5,2.7,9.2
2018-06-21,0,15.8,0,20.8,3.9,40.5
2018-06-22,7.7,0,5,5.6,1.6,19.9
2018-06-23,0,0,6.2,10,3.9,20.1
2018-06-24,0,0,0,4.5,1.8,6.3
2018-06-25,0,0,0.3,0.1,2.8,3.2
2018-06-26,0,0,0,0.1,0.2,0.3
2018-06-27,0,0,0,0.6,0,0.6
2018-06-28,0,0,0,1,0,1
2018-06-29,0,0,3.7,1.3,0,5
2018-06-30,0,0,0,0,0,0
2018-07-01,0,0,0,0,0,0
2018-07-02,0,0,0,0,0,0
2018-07-03,0,0,0,0,0,0
2018-07-04,0,0,0,7.8,0,7.8
2018-07-05,0,0,0,0,0,0
2018-07-06,0,0,0,0,0,0
2018-07-07,0,0,0,0.6,0,0.6
2018-07-08,0,0,0,1.3,0,1.3
2018-07-09,0,0,2.7,0,41.3,44
2018-07-10,7.2,0.3,0,0,0,7.5
2018-07-11,0,0,0,0,0,0
2018-07-12,0,3,3.9,0,0,6.9
2018-07-13,0,0,8.9,0.1,0,9
2018-07-14,0,0,7.7,0.1,0,7.8
2018-07-15,0,0,0,0.1,0,0.1
2018-07-16,0,0,0,0.1,0,0.1
2018-07-17,0,0,0,0,0,0
2018-07-18,0.4,0.1,1.8,0,6.9,9.2
2018-07-19,0,0,1.9,0,0.5,2.4
2018-07-20,0,0,0,4.9,0,4.9
2018-07-21,0,0,2.4,0.7,0,3.1
2018-07-22,0,0,0.2,3.2,1,4.4
2018-07-23,0,0,0,1.8,2.1,3.9
2018-07-24,0,0,0,0.1,0.3,0.4
2018-07-25,0,1.5,1.3,0.9,9.4,13.1
2018-07-26,0,0,1.9,15.3,0,17.2
2018-07-27,0,0,0,0.1,0,0.1
2018-07-28,0.4,0,0,0,0,0.4
2018-07-29,6.9,36,1.5,0,11.9,56.3
2018-07-30,2.3,2.4,0.1,0,3.7,8.5
2018-07-31,0.6,2.2,0,0,2.9,5.7
2018-08-01,0.3,27.8,9,0,2.4,39.5
2018-08-02,0.3,0,0,19.9,0.4,20.6
2018-08-03,0.2,0,0,0,3.6,3.8
2018-08-04,0.1,5.4,29.5,1.3,7.4,43.7
2018-08-05,0.1,0,15.4,3.5,8.3,27.3
2018-08-06,0.1,0,4.2,0.1,1.8,6.2
2018-08-07,0,11.7,0,0,9.3,21
2018-08-08,1.8,4.1,0,0,0,5.9
2018-08-09,3,6.4,1.1,0,23.6,34.1
2018-08-10,6,18.8,4.3,5.1,10.4,44.6
2018-08-11,5.7,16.5,31.2,4.2,26.3,83.9
2018-08-12,5.2,0,0,11.1,0.1,16.4
2018-08-13,5.6,0,0.1,3.6,0,9.3
2018-08-14,0,0,0,0.7,0,0.7
2018-08-15,0,0.1,0,0,13.3,13.4
2018-08-16,0,28.5,0,0,24.8,53.3
2018-08-17,12.3,53.8,6.3,0.1,24.7,97.2
2018-08-18,0.8,13.1,0.3,3.2,19.3,36.7
2018-08-19,7.2,7.5,2.3,3.5,28.5,49
2018-08-20,0,0,0.3,7,3.3,10.6
2018-08-21,0.5,0,1.6,1.4,0,3.5
2018-08-22,0,2.2,1.5,3.5,6.2,13.4
2018-08-23,4.2,16,0.8,0.8,43.9,65.7
2018-08-24,1.3,2.3,0,0.6,17.7,21.9
2018-08-25,1.5,3,10.3,2.9,38.1,55.8
2018-08-26,0.7,5,1,6.9,12.1,25.7
2018-08-27,0.2,9.5,3,0,1,13.7
2018-08-28,0.2,10,0,0.4,0.6,11.2
2018-08-29,0.2,0,0,0,0,0.2
2018-08-30,0.1,29,0.9,0,25.9,55.9
2018-08-31,0.2,0,0.2,5.1,0,5.5
2018-09-01,0.2,0,0,0.1,0,0.3
2018-09-02,0.1,0,0.1,0.4,0,0.6
2018-09-03,0.1,0,0,0.4,0,0.5
2018-09-04,0.1,0,2.9,0,0,3
2018-09-05,0,0,2.1,0,0,2.1
2018-09-06,0,4.6,1.1,0,0,5.7
2018-09-07,0,7.5,0,0,10.5,18
2018-09-08,0,63,0,0,0.4,63.4
2018-09-09,5.2,16.9,0,0,13.7,35.8
2018-09-10,0,25,0.8,0,35.2,61
2018-09-11,0,26.5,0.6,0,29.9,57
2018-09-12,0,23.5,1,0,25,49.5
2018-09-13,0,13.6,14,1.4,34.6,63.6
2018-09-14,0,13,1.1,0.2,12.1,26.4
2018-09-15,0,21,0.2,0.7,24.9,46.8
2018-09-16,0.2,4.2,2.5,1.1,8.2,16.2
2018-09-17,2.4,30.5,0.7,2.1,10.5,46.2
2018-09-18,1,4,1.1,0,14.8,20.9
2018-09-19,0,12.5,0,0,14.3,26.8
2018-09-20,0,14.6,0,2.9,8.8,26.3
2018-09-21,2.3,36.3,0,1.3,12.9,52.8
2018-09-22,14.3,64.8,6.8,0.5,61.8,148.2
2018-09-23,0.1,18.2,17.7,4.2,4,44.2
2018-09-24,0,0.8,12,0,4,16.8
2018-09-25,0,0,7,0.1,4,11.1
2018-09-26,0,21.5,5,0.5,4,31
2018-09-27,0,9.2,18,5.2,4,36.4
2018-09-28,9.3,14.5,11.5,0.9,4,40.2
2018-09-29,0,1,4.7,0.3,4,10
2018-09-30,0,14.5,0.9,0,4,19.4
2018-10-01,0,2,2.4,0,4,8.4
2018-10-02,0.4,4.5,0.1,2,4,11
2018-10-03,3.2,10.5,2.5,1.8,4,22
2018-10-04,0,4.7,3.2,0.1,4,12
2018-10-05,1.5,8.9,5.3,0,4,19.7
2018-10-06,0,0,0.8,0,4,4.8
2018-10-07,0,0.1,0.1,0,4,4.2
2018-10-08,0.1,28.6,0.8,0,4,33.5
2018-10-09,0,17.2,0,0,4,21.2
2018-10-10,0,11,6,0.6,4,21.6
2018-10-11,0.1,0.1,0,0,4,4.2
2018-10-12,0,0.2,0,0,4,4.2
2018-10-13,0,25,0,0,4,29
2018-10-14,0,16,0.2,0.7,4,20.9
2018-10-15,3.6,4,17.3,4.4,4,33.3
2018-10-16,1.5,0,0,0,4,5.5
2018-10-17,0,5.4,0,0,4,9.4
2018-10-18,0,1.8,0.1,0,4,5.9
2018-10-19,0,0,0,7.5,4,11.5
2018-10-20,0,3.3,0.2,0.4,18.5,22.4
2018-10-21,0,1.4,3.2,2.1,13.7,20.4
2018-10-22,5.2,7.5,8.9,0.4,45.6,67.6
2018-10-23,0,70.5,15.5,0,32.7,118.7
2018-10-24,0,2.3,8.9,0,7.5,18.7
2018-10-25,0,0,7.8,0,12.7,20.5
2018-10-26,0,0.1,6.3,0,4.6,11
2018-10-27,0,0.2,0.1,2.1,0,2.4
2018-10-28,0,0,0,7.8,0,7.8
2018-10-29,0,0,0,0,0,0
2018-10-30,0.6,0.1,0,0,0,0.7
2018-10-31,12.6,5.2,0,0,9.4,27.2
2018-11-01,2.4,5.5,0,2.5,8.2,18.6
2018-11-02,1,20,0,1.5,16.3,38.8
2018-11-03,3.5,1.6,2.5,0,5.5,13.1
2018-11-04,1.2,3.2,0.4,0.8,1.3,6.9
2018-11-05,0.9,0,0,1.1,0,2
2018-11-06,0,0,0,0.3,0,0.3
2018-11-07,0.1,0,0,7.8,0,7.9
2018-11-08,0.7,0.1,0,0,0,0.8
2018-11-09,0.6,6.7,0,0,1,8.3
2018-11-10,1.9,1.5,0,0,0,3.4
2018-11-11,7.6,32.2,0,0,3.6,43.4
2018-11-12,8,27,0,0.1,3.7,38.8
2018-11-13,2.8,19.5,0,5.6,6.7,34.6
2018-11-14,0,10,0,0.1,9.3,19.4
2018-11-15,0.1,7.5,0.7,0,0.4,8.7
2018-11-16,0,0.3,0,0.1,0,0.4
2018-11-17,0,0,0,0.6,0,0.6
2018-11-18,0,0,0,1.5,0,1.5
2018-11-19,0,0,0,0,0,0
2018-11-20,0,0,0,0.1,0,0.1
2018-11-21,0,0,0,0,0,0
2018-11-22,0,0,0,0,0,0
2018-11-23,0,0,0,0,0,0
2018-11-24,0,0,0,1,0,1
2018-11-25,0,0,0,2.5,0,2.5
2018-11-26,0,0,0,2.9,0,2.9
2018-11-27,0,0,0,1.5,0,1.5
2018-11-28,0,0,0,0.1,0,0.1
2018-11-29,0,22.1,0,0.3,0.9,23.3
2018-11-30,0.2,38,0,0.4,7.3,45.9
2018-12-01,0.3,21,0,0,27.8,49.1
2018-12-02,0,7,0,0,5.4,12.4
2018-12-03,7.3,11.5,0,0,5,23.8
2018-12-04,10.9,7.5,5.2,0,21.1,44.7
2018-12-05,0,0,4.8,0.5,2.8,8.1
2018-12-06,0,0.4,3.1,0.3,4.5,8.3
2018-12-07,4.2,11.5,0,2.3,12.3,30.3
2018-12-08,9.7,21.5,0,0.1,4.4,35.7
2018-12-09,4.5,5.1,0,0,0,9.6
2018-12-10,0,0,8.7,0,5.2,13.9
2018-12-11,0,0,0,0,0.2,0.2
2018-12-12,0,0,1.1,0,0,1.1
2018-12-13,0,0,0,0,0,0
2018-12-14,0,0,0,0,0,0
2018-12-15,0,0.1,0,0,0,0.1
2018-12-16,0.2,2,0,0,0,2.2
2018-12-17,1.5,0.5,0,0,0,2
2018-12-18,0.5,0,1.6,0,0,2.1
2018-12-19,0,0.1,0,0,0,0.1
2018-12-20,0.5,7,0,0,0,7.5
2018-12-21,0.3,4,0,0,0,4.3
2018-12-22,0,0,0,0,0.9,0.9
2018-12-23,0.3,0.6,4.4,0,0,5.3
2018-12-24,0,0,3.9,3.1,0,7
2018-12-25,0,9,13.4,0.4,17,39.8
2018-12-26,0,0.1,2.5,0.5,3.3,6.4
2018-12-27,0.3,1.4,0.9,0.5,20.8,23.9
2018-12-28,0.1,0.3,7,0.4,9.8,17.6
2018-12-29,0,0,0.5,0.5,4.9,5.9
2018-12-30,0,2.5,7.5,0.4,4.6,15
2018-12-31,1.5,7.9,1.5,0.2,15.3,26.4
2019-01-01,0,19.6,20.3,0,22.4,62.3
2019-01-02,0,0.2,11,0,1.7,12.9
2019-01-03,0,0,1,1.4,0.6,3
2019-01-04,0,0,7.3,2.5,13.6,23.4
2019-01-05,0,0,1.5,0,29.7,31.2
2019-01-06,0,0,0.6,0.2,3.2,4
2019-01-07,0,0,1.5,0,3.8,5.3
2019-01-08,7.5,19.5,4.3,0.2,6.4,37.9
2019-01-09,0,0,7,1.5,0,8.5
2019-01-10,0,0,5.5,0.9,1.1,7.5
2019-01-11,0,0,4.5,1.2,12.9,18.6
2019-01-12,0,0,4,0.8,0.8,5.6
2019-01-13,0,5.2,0,0.5,23.5,29.2
2019-01-14,0,1.3,16,0,3,20.3
2019-01-15,0.3,4.1,7.9,0,4.7,17
2019-01-16,0.9,15.4,2.2,1.3,8.7,28.5
2019-01-17,5.2,17.5,2.5,0,7.7,32.9
2019-01-18,0,0,15,0,1.3,16.3
2019-01-19,0,0,9.5,0,4.2,13.7
2019-01-20,0,0,3.4,0,6.6,10
2019-01-21,1.1,3,0,0.6,13.8,18.5
2019-01-22,0.1,0.3,0,1.6,0,2
2019-01-23,0,0.2,0,0.1,0,0.3
2019-01-24,0,2,0,0,5.3,7.3
2019-01-25,2.3,0.5,0,0,0,2.8
2019-01-26,0.3,11,0,0,6.8,18.1
2019-01-27,0.3,0.5,0,0,0.1,0.9
2019-01-28,1.4,0.1,0,0,0,1.5
2019-01-29,2.5,0,0,0,0.1,2.6
2019-01-30,0,2.5,0,0,4.2,6.7
2019-01-31,0,0.6,0,0,0,0.6
2019-02-01,0.2,1,0,0,0,1.2
2019-02-02,3.6,0,0,0,0,3.6
2019-02-03,4,0,0,0,0.2,4.2
2019-02-04,0,6.7,0.5,0,0.8,8
2019-02-05,2.9,11.3,0,0,6.7,20.9
2019-02-06,0.9,1.2,0,0,0,2.1
2019-02-07,1.3,1.8,0,0,3.9,7
2019-02-08,4.8,2,0.1,0,8.1,15
2019-02-09,1.4,25.1,0,0,7.2,33.7
2019-02-10,5.2,39.2,0.3,0,11,55.7
2019-02-11,1.6,7.7,2.6,0.1,0.4,12.4
2019-02-12,0,0.1,12.1,0,4.2,16.4
2019-02-13,0.9,4.5,8.8,2.4,13.2,29.8
2019-02-14,0,1.3,1,0,0.5,2.8
2019-02-15,0,1.1,0,10,2.8,13.9
2019-02-16,0,0,1,0.7,1.7,3.4
2019-02-17,0.2,1.5,0.3,3.3,3,8.3
2019-02-18,0,1.1,0,0,1.2,2.3
2019-02-19,0,13.5,0,0,21.3,34.8
2019-02-20,0,2.5,1.5,0.9,8,12.9
2019-02-21,5.6,10,3,1.8,13.3,33.7
2019-02-22,0.3,1,2.6,0,4,7.9
2019-02-23,1.1,0.5,0,7.3,0,8.9
2019-02-24,0,0,0,3.2,0.3,3.5
2019-02-25,0,0,0,0.2,0,0.2
2019-02-26,0,0,0.1,1.9,2.6,4.6
2019-02-27,0,0,0,0.5,0,0.5
2019-02-28,0,0,4.9,4.9,4.1,13.9
2019-03-01,0,0,2.5,0.1,0,2.6
2019-03-02,0,0,0.7,0.4,0,1.1
2019-03-03,0.8,16.7,0.2,0,3.4,21.1
2019-03-04,5.6,10.2,0,0,8.6,24.4
2019-03-05,0.5,3.1,0,0,1,4.6
2019-03-06,0.3,4.8,0,0,5,10.1
2019-03-07,3.9,14,0,0,15.1,33
2019-03-08,12,9.6,2.5,0,15.1,39.2
2019-03-09,0,8,7.5,0,8.9,24.4
2019-03-10,0.1,10.5,1.8,0,8.5,20.9
2019-03-11,0,0,6.8,0,0,6.8
2019-03-12,0,1,0,0,0.3,1.3
2019-03-13,1.9,29.9,0.6,0.1,8.9,41.4
2019-03-14,0.7,0.2,4.2,0,5.5,10.6
2019-03-15,0,0,0,0,0.6,0.6
2019-03-16,0,10.1,0,0.2,10.9,21.2
2019-03-17,0.6,15.7,0,0.1,5.5,21.9
2019-03-18,4.9,2,6.1,0,0,13
2019-03-19,0,0,2.6,0,0,2.6
2019-03-20,0.2,3,0.3,0,10.5,14
2019-03-21,0,2.3,2.9,0,32,37.2
2019-03-22,0,0,0.2,0,2.8,3
2019-03-23,0,11,0,0.6,10.5,22.1
2019-03-24,0,5.3,9,0,14.1,28.4
2019-03-25,0,9.5,1.8,0.8,17.5,29.6
2019-03-26,0,0,2,0.4,1,3.4
2019-03-27,0,0,2,0,12.3,14.3
2019-03-28,0,0,0,0.8,3.8,4.6
2019-03-29,0,0.2,0,1.4,1.6,3.2
2019-03-30,0,1.5,8,0.1,10.4,20
2019-03-31,0,2.1,8.1,1.7,8.9,20.8
2019-04-01,0,0,3,0.5,0.3,3.8
2019-04-02,0,0,0,1.7,0,1.7
2019-04-03,0,0,0,0.7,0,0.7
2019-04-04,0.6,1,0,0.5,0,2.1
2019-04-05,0,0,0,0,0,0
2019-04-06,0.8,0,0,0,0,0.8
2019-04-07,0,0,0,0.2,0,0.2
2019-04-08,0,0,0.1,0.2,0,0.3
2019-04-09,0,0,0.1,0.1,0,0.2
2019-04-10,0,0,0,0,0,0
2019-04-11,0,0,0,0,0,0
2019-04-12,0,0,0,0,0,0
2019-04-13,0,0,0,0,0,0
2019-04-14,0,0,0,0,0,0
2019-04-15,0,0,0,0,0,0
2019-04-16,0,0,0,0,0,0
2019-04-17,0,0.1,0,0,0,0.1
2019-04-18,0,0,0,0,0,0
2019-04-19,0,0,0,0,0,0
2019-04-20,0,0,0,0.2,0,0.2
2019-04-21,0,0,0,0,1.6,1.6
2019-04-22,0,0,0.1,0,0.3,0.4
2019-04-23,0,0,0,12,0,12
2019-04-24,0,0,0,4.7,0,4.7
2019-04-25,0,2.5,0,0,1.6,4.1
2019-04-26,0.1,1.9,0,0,0.8,2.8
2019-04-27,0.3,10,0,0,0,10.3
2019-04-28,0.1,18.3,0,0,7.5,25.9
2019-04-29,0,7,0,0,0.6,7.6
2019-04-30,1,0,0,0,0,1
2019-05-01,0.1,0,1.1,0.3,0,1.5
2019-05-02,0.4,1,21.4,0.2,2.9,25.9
2019-05-03,0,0,8.1,0.2,1.6,9.9
2019-05-04,1.1,0.4,6.2,1,0,8.7
2019-05-05,0.1,0,4,0.1,1.4,5.6
2019-05-06,4.6,0.7,1.3,0,2.5,9.1
2019-05-07,0.7,0,0,0,2,2.7
2019-05-08,0,0.1,0.2,0.3,0.2,0.8
2019-05-09,0.8,0.2,0,0.9,0.2,2.1
2019-05-10,18,20.6,0.5,0.2,6.1,45.4
2019-05-11,9,5.5,9.7,4,0.6,28.8
2019-05-12,1.7,0,0.1,0,0,1.8
2019-05-13,0,0,0.2,4,3,7.2
2019-05-14,0,0,0.1,0.1,0,0.2
2019-05-15,0,0,0,0.2,0,0.2
2019-05-16,0,0,0,0,0,0
2019-05-17,0,0,0,0,0,0
2019-05-18,0.1,0.1,0,0,0,0.2
2019-05-19,14,0,0,0,0.4,14.4
2019-05-20,0,0.1,0.7,0,0,0.8
2019-05-21,5.1,0,0,0,0.6,5.7
2019-05-22,7.7,21.7,0.4,0,7.1,36.9
2019-05-23,2.9,10.4,0.5,0,9.1,22.9
2019-05-24,4.3,32,0,0,16.5,52.8
2019-05-25,2.5,0,0,0,0,2.5
2019-05-26,5.8,0.1,0.3,0,4.2,10.4
2019-05-27,0.1,0,0.2,1.1,0,1.4
2019-05-28,0.7,0,0,0.8,0,1.5
2019-05-29,3.3,0.1,0.7,7.6,2.1,13.8
2019-05-30,0,17,0,16.3,6.7,40
2019-05-31,0.1,1.5,9,0,10.7,21.3
2019-06-01,0.1,16,4.2,0,25.1,45.4
2019-06-02,0.1,0.7,0.1,0.5,5.1,6.5
2019-06-03,0.1,16,1.9,1,19.2,38.2
2019-06-04,0.1,0,0,0,0.4,0.5
2019-06-05,0.1,8.5,0,0.4,0,9
2019-06-06,0.1,0.1,0,1.3,3.8,5.3
2019-06-07,31.7,4,0.1,0.2,4.3,40.3
2019-06-08,3.9,0.3,11.8,0.1,0,16.1
2019-06-09,5.2,26.8,0,1.6,8,41.6
2019-06-10,2,2.6,0,6.5,24.3,35.4
2019-06-11,0,0,0,1.5,0.7,2.2
2019-06-12,4.3,7.3,0,0,0,11.6
2019-06-13,21.8,7.5,3,0,2.9,35.2
2019-06-14,1.9,10.1,0,0,3.5,15.5
2019-06-15,0,0,0,0,2,2
2019-06-16,0,7.5,0,0,5.3,12.8
2019-06-17,0.1,0,6.3,0,0.3,6.7
2019-06-18,0,2,1.5,0,6.4,9.9
2019-06-19,13.6,0,0.2,2.2,0,16
2019-06-20,10.9,5.4,0.3,0.5,0,17.1
2019-06-21,0.1,0.9,15.6,0,3.3,19.9
2019-06-22,0.1,9.9,12.5,5.8,19.1,47.4
2019-06-23,0,0,0,18.9,2.7,21.6
2019-06-24,0,0,0,2.6,3.2,5.8
2019-06-25,0.1,3.5,0,1.2,37.9,42.7
2019-06-26,1.9,9.5,1,1,2.4,15.8
2019-06-27,3.7,0,0.2,0.9,0,4.8
2019-06-28,0,0,0,0.1,0,0.1
2019-06-29,0,0,2,5.8,0,7.8
2019-06-30,0.1,0,6.3,1.9,1.1,9.4
2019-07-01,0.9,16.6,7,0.4,26.9,51.8
2019-07-02,0.6,1.5,1.4,7.1,8.8,19.4
2019-07-03,0,3.5,2.1,0,12.1,17.7
2019-07-04,0,1.9,3,1.5,12.5,18.9
2019-07-05,2,0,11,0.3,0.8,14.1
2019-07-06,0,0.5,0,1.5,3.7,5.7
2019-07-07,0.5,3.6,0,1.6,2.1,7.8
2019-07-08,0.1,1.4,0,0,0.1,1.6
2019-07-09,0.3,0,0.1,0,0,0.4
2019-07-10,0,0,0,0,0,0
2019-07-11,0,0,0,0,0,0
2019-07-12,0,0,0,0,0,0
2019-07-13,0.2,0,0,0,0,0.2
2019-07-14,0,10.5,0,0,0,10.5
2019-07-15,0.1,0,0.4,0,0,0.5
2019-07-16,1.4,0,6.4,0,0,7.8
2019-07-17,0,0,0,0.1,0,0.1
2019-07-18,0,0,0.1,1.9,0,2
2019-07-19,0.2,20.8,0,0,6,27
2019-07-20,3.9,0,0,0,0,3.9
2019-07-21,1.1,38,0,0.3,20.6,60
2019-07-22,3.1,5.2,7.7,0,3.6,19.6
2019-07-23,1,7.1,0,0,0.8,8.9
2019-07-24,0,0,0,0,1.7,1.7
2019-07-25,0,0,0,0,0,0
2019-07-26,0,0,0,0,0,0
2019-07-27,0,0,0,0,0,0
2019-07-28,0,0,0,0,0,0
2019-07-29,0,8.6,0,0,4.2,12.8
2019-07-30,5.8,2.5,0,0,0,8.3
2019-07-31,0.9,8,3.3,0,55.8,68
2019-08-01,0,5,0,0,6.8,11.8
2019-08-02,0,0,0,0,0,0
2019-08-03,0,0,0,0,0,0
2019-08-04,3.7,0.4,0,0,0,4.1
2019-08-05,0,0,0,0,0,0
2019-08-06,0,1.4,0,0,0,1.4
2019-08-07,0.2,19,7.7,0,17.9,44.8
2019-08-08,5.3,6.2,8.9,0,11.1,31.5
2019-08-09,12.5,2.6,4.9,0,0,20
2019-08-10,3.8,8.7,0,0,3.5,16
2019-08-11,12.6,35.7,0.3,0,37.2,85.8
2019-08-12,2,23.7,1.4,0.1,33.7,60.9
2019-08-13,29.4,5.8,4,0,14.4,53.6
2019-08-14,12.6,0.1,2.5,0.2,6.6,22
2019-08-15,1.1,0.4,1,1.5,12.1,16.1
2019-08-16,0,7,0.7,3,7.4,18.1
2019-08-17,0.2,21.1,0.2,0,6,27.5
2019-08-18,2.7,14.9,3,6,10.4,37
2019-08-19,0,40.8,0,1,13,54.8
2019-08-20,0,19.6,0,10.6,33.3,63.5
2019-08-21,0,5.3,2,0.1,25.3,32.7
2019-08-22,0,17.7,0,2,5.4,25.1
2019-08-23,4.5,27.6,0.1,0,16.1,48.3
2019-08-24,0,0.5,0.2,8.8,5.5,15
2019-08-25,0,0,0,0,0.1,0.1
2019-08-26,0,0,0,10.1,0,10.1
2019-08-27,0,0,0,2.2,0,2.2
2019-08-28,0,0,0,0,1.1,1.1
2019-08-29,10,3.3,0.1,0,40.5,53.9
2019-08-30,9.8,4.3,10.3,0,29,53.4
2019-08-31,0,22,0,6.2,38,66.2
2019-09-01,9.2,3.5,0.1,0.5,3,16.3
2019-09-02,5,1.6,0.5,8.5,3.6,19.2
2019-09-03,3,16.7,0,8,7.1,34.8
2019-09-04,6.4,8.3,0,0,11.3,26
2019-09-05,24.8,26.2,6.5,0,45.4,102.9
2019-09-06,0,4.8,1.1,7.8,6.6,20.3
2019-09-07,16.8,15,6.5,2.5,18.3,59.1
2019-09-08,4.3,4.5,0.1,1.3,0,10.2
2019-09-09,0.2,0.1,0,0.6,0,0.9
2019-09-10,1.4,4.5,0,0,0,5.9
2019-09-11,0.6,1,0,0.2,0.4,2.2
2019-09-12,4.3,14.3,0.2,0,11.3,30.1
2019-09-13,0,10.5,4.2,24.8,20.3,59.8
2019-09-14,0,3.5,7,0.8,18.3,29.6
2019-09-15,1.1,46.5,5.6,0.1,61.5,114.8
2019-09-16,0,18.4,20.9,0.3,30.8,70.4
2019-09-17,0,11.2,0.3,0.1,20.7,32.3
2019-09-18,0,0,31.9,4.6,8.6,45.1
2019-09-19,0,0,33.2,1.7,0.1,35
2019-09-20,0,0,9,1.1,10.2,20.3
2019-09-21,0,0,1.3,1.5,2.1,4.9
2019-09-22,0,0,0,1.3,0,1.3
2019-09-23,0,0,0,0.6,0,0.6
2019-09-24,0,0,0,0,0,0
2019-09-25,0,0,0,1.2,0,1.2
2019-09-26,0,0,0,1.1,0,1.1
2019-09-27,0,42.5,0,0.1,1.1,43.7
2019-09-28,23.4,20,0,0,3.7,47.1
2019-09-29,5.2,5,0,0.7,0,10.9
2019-09-30,3.4,0,13,0.2,0,16.6
2019-10-01,3.1,0.1,31,2,15.3,51.5
2019-10-02,5,0,2.8,0.2,13.8,21.8
2019-10-03,0.8,0,1.5,0.3,0,2.6
2019-10-04,1.3,4.5,0,0.3,0,6.1
2019-10-05,0.5,0,0,0.1,0,0.6
2019-10-06,0.1,0,0,0,0,0.1
2019-10-07,0,0,0,0.5,0,0.5
2019-10-08,0,12.9,0,0.5,7.4,20.8
2019-10-09,0.8,28,2.5,0,2.9,34.2
2019-10-10,0.9,22,0,0,16.2,39.1
2019-10-11,0.4,18.9,0,0.2,14.9,34.4
2019-10-12,0.2,25.5,0.7,0,54.5,80.9
2019-10-13,0.2,13.6,0.9,0,7.6,22.3
2019-10-14,0.1,7.8,0,0,0.6,8.5
2019-10-15,0.1,6.2,0,0,0.9,7.2
2019-10-16,13,3.6,0,0,3.2,19.8
2019-10-17,4.7,0.7,5,0,0.6,11
2019-10-18,0.1,5.5,0,0,11.2,16.8
2019-10-19,6.2,10.7,0,2.1,0,19
2019-10-20,4.7,9.3,0.2,0.3,0,14.5
2019-10-21,3.5,0,0,0,0,3.5
2019-10-22,0,0.3,0,0.8,8.7,9.8
2019-10-23,2.8,1.5,0.2,1,45.2,50.7
2019-10-24,0,1.3,0,0.7,1.5,3.5
2019-10-25,1.5,31.2,0.7,5,28.9,67.3
2019-10-26,2,10,10.5,0,7.9,30.4
2019-10-27,0,7,0,0,9.4,16.4
2019-10-28,0,0,3,0.4,0,3.4
2019-10-29,0,0,2.4,3,0,5.4
2019-10-30,0,0,2.6,0.1,0.8,3.5
2019-10-31,0,0,22.6,0,14.4,37
2019-11-01,0,0,6.3,0.7,6.8,13.8
2019-11-02,0,0,0,0.6,0,0.6
2019-11-03,0,2.1,0,0.1,0,2.2
2019-11-04,0,0,0,0.5,0,0.5
2019-11-05,0,0,0,1.5,0,1.5
2019-11-06,0,0,0,0.7,0.4,1.1
2019-11-07,0,0,0,0,6.9,6.9
2019-11-08,0,0,0,0,0.1,0.1
2019-11-09,0.4,0,0,0,0,0.4
2019-11-10,1.2,3.2,0,0,0,4.4
2019-11-11,0.2,2,0.7,0,0,2.9
2019-11-12,1.1,1.3,0,0,0,2.4
2019-11-13,2.2,13,0,0,12.5,27.7
2019-11-14,0.2,0.4,0,0,5.6,6.2
2019-11-15,0,0.3,0,0,0,0.3
2019-11-16,0.2,0.2,0,0.1,0,0.5
2019-11-17,8.1,0,0,0,0,8.1
2019-11-18,0.6,2.6,0,0,0,3.2
2019-11-19,18.3,9.4,6,0,0,33.7
2019-11-20,12.3,0,13.5,0,0,25.8
2019-11-21,0,0.3,0,0,0,0.3
2019-11-22,9.2,0.5,0,0,0,9.7
2019-11-23,3.3,4.2,0,0,6.3,13.8
2019-11-24,1,0,0,0.4,0,1.4
2019-11-25,0,0,0,0,0,0
2019-11-26,0.4,3.1,2.4,0.7,3.4,10
2019-11-27,5.9,3.6,0.2,0.2,3.2,13.1
2019-11-28,2.6,0.5,0,0,1,4.1
2019-11-29,3.7,0.1,5,0,0,8.8
2019-11-30,0,0,8.9,0.4,3.8,13.1
2019-12-01,0,0,5,0,7,12
2019-12-02,0,1.5,6.8,0.1,7.2,15.6
2019-12-03,0,1.8,1.9,1,3.2,7.9
2019-12-04,5,0.6,13.7,0.8,13.5,33.6
2019-12-05,0,9.3,0.3,0,10.2,19.8
2019-12-06,0,39,8.5,0,46.5,94
2019-12-07,1.3,10,0,1,10.2,22.5
2019-12-08,0.1,29.5,2.8,0.1,8.9,41.4
2019-12-09,7.8,27,1.5,3.1,17.5,56.9
2019-12-10,0.6,0,4.3,2.2,0,7.1
2019-12-11,1.9,54.5,0,0.3,32.1,88.8
2019-12-12,0,17.5,0,1.2,8.3,27
2019-12-13,0.1,8.6,0,0,5.9,14.6
2019-12-14,1.9,0.8,0,0,0,2.7
2019-12-15,1.4,8.6,0,0,0.9,10.9
2019-12-16,0.7,7,0,0,5.2,12.9
2019-12-17,0,9.5,0,1.8,10.4,21.7
2019-12-18,0,9,0,0.9,6.4,16.3
2019-12-19,0,0,0.2,0.6,3.6,4.4
2019-12-20,8,19.7,0.3,0,8.1,36.1
2019-12-21,0.7,14.6,0,0,4.4,19.7
2019-12-22,2.3,3.9,0,0,0.1,6.3
2019-12-23,0,2,0,0.6,0,2.6
2019-12-24,0,9.6,0,0.3,3.6,13.5
2019-12-25,5.1,1.4,1.3,1.8,7.3,16.9
2019-12-26,0,0,0.4,0,0,0.4
2019-12-27,0,0,0,0,0,0
2019-12-28,0.1,0,2.5,0,1.5,4.1
2019-12-29,0.9,15.5,0.5,1.7,13.7,32.3
2019-12-30,0,4.5,3,0.8,82,90.3
2019-12-31,0,7.2,13.2,1.7,10.6,32.7
2020-01-01,0,1,0.4,0.1,2.6,4.1
2020-01-02,0,0,0.2,4.1,0.1,4.4
2020-01-03,0,23.7,5.5,8.2,15,52.4
2020-01-04,0,6.9,15.2,0.3,10.7,33.1
2020-01-05,0,0,4.4,0,2,6.4
2020-01-06,2.4,9,4,0.2,46.4,62
2020-01-07,0.1,10,0,0.5,9.2,19.8
2020-01-08,0.8,46.8,4,0,16.6,68.2
2020-01-09,0,6,16.5,0,7.1,29.6
2020-01-10,0,0,0,0.5,6.1,6.6
2020-01-11,0.1,12,0,0.5,8.4,21
2020-01-12,0.5,53,7.5,1.7,25.7,88.4
2020-01-13,0,6.5,0.1,1,7,14.6
2020-01-14,0.2,38.5,0,1.8,7.2,47.7
2020-01-15,2.5,19.9,0,2.1,20.8,45.3
2020-01-16,0,30.5,0,0,11.8,42.3
2020-01-17,2,38.7,0,0,11.7,52.4
2020-01-18,5.6,23.8,0,0,4.4,33.8
2020-01-19,3.4,1,3,0,7,14.4
2020-01-20,0,0,0.6,0.7,23.1,24.4
2020-01-21,0,0.5,19,0.4,27.1,47
2020-01-22,0,0,16.2,1.4,5.6,23.2
2020-01-23,0,0,0.3,0,3.2,3.5
2020-01-24,0,2.8,7,1.2,18.6,29.6
2020-01-25,0,0.8,12.9,0.2,8.5,22.4
2020-01-26,0,7.8,0.5,0.2,10.9,19.4
2020-01-27,0.4,25,0,0,16.1,41.5
2020-01-28,1.6,7.2,0,0,5.4,14.2
2020-01-29,3.8,2,0,0.1,0.2,6.1
2020-01-30,1.2,3,0,0,7.7,11.9
2020-01-31,0.1,16.2,0,0,6.8,23.1
2020-02-01,3,16,0,0,10.5,29.5
2020-02-02,0,11.4,8.8,0,22.1,42.3
2020-02-03,0,0,11,0.5,1.2,12.7
2020-02-04,0,13.6,0,0,9.3,22.9
2020-02-05,0.4,0,6.1,0.2,1.2,7.9
2020-02-06,0,6,28.5,0.2,11.1,45.8
2020-02-07,0,0,0.1,0.3,2.7,3.1
2020-02-08,0,0.8,0,0.6,0.1,1.5
2020-02-09,0.1,36.5,0,0,22.5,59.1
2020-02-10,1.7,69.5,0,1,53.2,125.4
2020-02-11,0,11.3,3,1.6,14.3,30.2
2020-02-12,1.5,18.5,1.2,0.2,19.8,41.2
2020-02-13,0.1,1.5,5,0,2.6,9.2
2020-02-14,0,0,1.3,0.2,7,8.5
2020-02-15,0,11,0,1.5,17.9,30.4
2020-02-16,1.5,61,0,0,27.2,89.7
2020-02-17,2.3,37.5,0,0.7,14,54.5
2020-02-18,0,41.8,4.2,0.1,8.8,54.9
2020-02-19,0,10,14.7,1.2,9.5,35.4
2020-02-20,0,4.3,1.4,0,4.3,10
2020-02-21,1.6,30.4,0.2,0.7,28.8,61.7
2020-02-22,0,48,1,0,21.9,70.9
2020-02-23,0.8,30,14,0,11.8,56.6
2020-02-24,0,5.4,9.8,1.3,0.9,17.4
2020-02-25,0,0,3.1,0.5,4.5,8.1
2020-02-26,0,0,0,0.5,0,0.5
2020-02-27,0,2.5,0,0.5,1.1,4.1
2020-02-28,0,4.5,0,0,12.8,17.3
2020-02-29,0,2.5,4.9,0,6.8,14.2
2020-03-01,2.3,12.5,0.5,4.3,3.1,22.7
2020-03-02,0.9,35.5,0,1.9,5,43.3
2020-03-03,0.8,5.1,0,2.7,4.5,13.1
2020-03-04,3.6,1.5,0,0,0,5.1
2020-03-05,3.4,0,0.5,0,3,6.9
2020-03-06,0,0,0,0.1,0.8,0.9
2020-03-07,0,0,0,0.7,2.5,3.2
2020-03-08,0.1,0,0.5,1.4,22.1,24.1
2020-03-09,0.8,34.1,0,0.5,18.1,53.5
2020-03-10,0,6.6,0,0.2,1.1,7.9
2020-03-11,0.9,9.2,0,0,19.7,29.8
2020-03-12,0,10.6,0,1.3,5.8,17.7
2020-03-13,0,7.5,5,1.2,4.8,18.5
2020-03-14,0,0,6.9,0.1,0,7
2020-03-15,0.5,34,0,2.5,14.2,51.2
2020-03-16,0.9,30.2,2,0.7,10.7,44.5
2020-03-17,0,9.5,0,0.1,13,22.6
2020-03-18,0,11.1,0.2,0.5,11.5,23.3
2020-03-19,0,2.5,5.4,1.8,8.2,17.9
2020-03-20,0,2.5,0.6,0,3,6.1
2020-03-21,0,0,0.1,0.2,0.1,0.4
2020-03-22,0,0,0,0,0.1,0.1
2020-03-23,0,0,0,0,0,0
2020-03-24,0,0,0,0,1.1,1.1
2020-03-25,0,0,0,1.3,1.6,2.9
2020-03-26,0,0,2,1,39.3,42.3
2020-03-27,0,0,0,0.6,3.2,3.8
2020-03-28,0,0,7.5,0.9,3.4,11.8
2020-03-29,0,0,8.5,0,1.1,9.6
2020-03-30,0,0.1,4,0.1,10.5,14.7
2020-03-31,0,0,1.3,0.6,0.9,2.8
2020-04-01,0,0,4.2,0.5,10.4,15.1
2020-04-02,0,4.7,1.9,0.1,19.2,25.9
2020-04-03,0.7,20,27.5,0,7.8,56
2020-04-04,0,0.9,10.4,0,10.5,21.8
2020-04-05,0,3.8,0.2,0,4.9,8.9
2020-04-06,0.5,0,0,1.3,0,1.8
2020-04-07,0.2,6.1,2,0,10.5,18.8
2020-04-08,0,0,0,0.5,0,0.5
2020-04-09,0,0,0,1.1,17.1,18.2
2020-04-10,0,0,3.6,0.1,0,3.7
2020-04-11,0,0.5,3.2,0.1,0,3.8
2020-04-12,3.7,11.5,0.4,0.1,16.1,31.8
2020-04-13,0,0,15.5,1.2,6,22.7
2020-04-14,0,0,6.9,0,2.8,9.7
2020-04-15,0,1.7,3.3,2.5,41.4,48.9
2020-04-16,0,0.3,23.8,1.6,11.6,37.3
2020-04-17,0,0,2.4,0,0.7,3.1
2020-04-18,0,0,0.4,0.2,0,0.6
2020-04-19,0,0,0,0,0,0
2020-04-20,0,0,0,0,0,0
2020-04-21,0,0,0,1.1,0,1.1
2020-04-22,0,0,0,0,0,0
2020-04-23,0,0,0,0.4,0,0.4
2020-04-24,0,0,0.1,0.8,0,0.9
2020-04-25,0,0,0,0,0,0
2020-04-26,0,0,0,0.6,0,0.6
2020-04-27,0,3.8,0,0,2.2,6
2020-04-28,14.2,2,0,0,1.4,17.6
2020-04-29,0,0,0,0,5,5
2020-04-30,0,0.8,0,0,1.7,2.5
2020-05-01,2.9,0.5,0,0,0.5,3.9
2020-05-02,0.6,0,0.1,0,4.3,5
2020-05-03,4.4,0,2,0.8,4.5,11.7
2020-05-04,3.8,0,2.5,2.4,4,12.7
2020-05-05,0,0,0.1,0.2,0,0.3
2020-05-06,0,0,0.5,0.5,1.7,2.7
2020-05-07,0,0,2.1,0.9,0.1,3.1
2020-05-08,0,0,1,0.1,2.4,3.5
2020-05-09,0,0,1.1,0.9,2,4
2020-05-10,9.1,3.5,3.3,0,1.4,17.3
2020-05-11,0,0.1,0.7,0,0.9,1.7
2020-05-12,0,0.7,9.1,0.7,4.7,15.2
2020-05-13,0.1,0,6,0,3.8,9.9
2020-05-14,0,0,0.8,0,2.7,3.5
2020-05-15,0,3.5,2.5,0,3.3,9.3
2020-05-16,0,0.5,2.5,0,5.1,8.1
2020-05-17,0,6.5,0,0.2,15.2,21.9
2020-05-18,0,0.3,3.5,3.5,4.6,11.9
2020-05-19,0,0,0.5,0,0,0.5
2020-05-20,0,0,0,3.3,0,3.3
2020-05-21,0,0,0,0,0,0
2020-05-22,0,0,0,0,0,0
2020-05-23,1.4,24.8,0,0,10.6,36.8
2020-05-24,1,28,0,0,22,51
2020-05-25,4.6,5.2,0.1,0,7.6,17.5
2020-05-26,0,0,0,0,0,0
2020-05-27,0,0,2.7,0,5.5,8.2
2020-05-28,0,0,0.4,0,0.1,0.5
2020-05-29,0,0,0,1.2,0,1.2
2020-05-30,0,0,0,0.1,0,0.1
2020-05-31,0,0,0,0,0,0
2020-06-01,0,0,0,0,0,0
2020-06-02,0,0,0,0,0,0
2020-06-03,0,0,0,2.1,0,2.1
2020-06-04,0.9,1.6,3.3,0,1.3,7.1
2020-06-05,0,23.3,0,0.2,6.2,29.7
2020-06-06,13.4,18.6,0.8,0,2.2,35
2020-06-07,15.8,0.2,17.4,2,0.3,35.7
2020-06-08,3.5,0.1,0,3.5,0,7.1
2020-06-09,0,0.2,0,1.4,0,1.6
2020-06-10,0.9,0,0,0,0,0.9
2020-06-11,0.5,0,0,0,0,0.5
2020-06-12,0,0,0,0,0,0
2020-06-13,0,0,0,0,0,0
2020-06-14,0,16,0,0,0,16
2020-06-15,0,0,0,6.5,2.1,8.6
2020-06-16,0,0,0,0,0,0
2020-06-17,3.7,0,0,0,0,3.7
2020-06-18,0,6.3,0,0,0,6.3
2020-06-19,0,1,0,0,0,1
2020-06-20,0,5.8,0,0,0.1,5.9
2020-06-21,0,13.2,0,0,6.2,19.4
2020-06-22,19.6,8.8,4.8,0,4.1,37.3
2020-06-23,2.3,0,1.7,0,0.2,4.2
2020-06-24,0,0,0,0.5,0,0.5
2020-06-25,0,0,0,0.5,0,0.5
2020-06-26,0,0,0,0.3,0,0.3
2020-06-27,0,3.1,0,1.3,0,4.4
2020-06-28,8.8,10.5,0,0,1.6,20.9
2020-06-29,14.3,27.8,7,0,10,59.1
2020-06-30,0,25.1,2.8,0.8,0.2,28.9
2020-07-01,5.5,11.9,2.8,3.4,2,25.6
2020-07-02,2.2,0,0.2,9.9,2.2,14.5
2020-07-03,0.5,0.2,3.3,7,22,33
2020-07-04,3.1,13,4.6,4.2,5.3,30.2
2020-07-05,0,16.5,0,4.7,1.2,22.4
2020-07-06,21.9,25,10,0,51.9,108.8
2020-07-07,1.1,7.8,8.5,0.1,12.3,29.8
2020-07-08,9.8,2,0.3,0.3,4.1,16.5
2020-07-09,0.2,0,0,0,2.9,3.1
2020-07-10,0,0,0,0,2.4,2.4
2020-07-11,0.5,7,4.5,0,4.5,16.5
2020-07-12,0,1,0.1,2.7,6.8,10.6
2020-07-13,0,0.1,0,5.3,2.3,7.7
2020-07-14,0.6,4.7,0,4.8,5.2,15.3
2020-07-15,2.3,19.5,3.8,0,10.9,36.5
2020-07-16,5,0.4,2.2,0.7,0,8.3
2020-07-17,0,0.3,0,1,0,1.3
2020-07-18,0.8,9,0,2.9,21.3,34
2020-07-19,2.6,31,0.2,0,7.5,41.3
2020-07-20,6.7,3.3,10,2.7,12.8,35.5
2020-07-21,0.4,0,2.5,3.1,11,17
2020-07-22,7.3,0,0.8,15.4,9.3,32.8
2020-07-23,3.2,0,1.1,11,1.7,17
2020-07-24,0,10.7,0,5.4,0,16.1
2020-07-25,0,0.6,0,1.5,0,2.1
2020-07-26,2,15.5,0,0,0.3,17.8
2020-07-27,7.3,42.5,11.5,0,13.3,74.6
2020-07-28,0,33,3,0,3.9,39.9
2020-07-29,1.9,35,0,0,1.9,38.8
2020-07-30,3.8,5.5,0.1,0,22.9,32.3
2020-07-31,1.2,0.1,0,0,10.6,11.9
2020-08-01,0,0,0,0,0,0
2020-08-02,0,0.3,0,0,2.7,3
2020-08-03,1,0.3,26.2,0,19.7,47.2
2020-08-04,0,0,7.9,0,9.9,17.8
2020-08-05,0.1,21.3,0,9.4,9.1,39.9
2020-08-06,2.4,12.8,0,0,6.5,21.7
2020-08-07,0,0,0,2.7,2.5,5.2
2020-08-08,0,0.1,0,0,1,1.1
2020-08-09,0.1,0,0,21,18.4,39.5
2020-08-10,0,0,0,0.4,0,0.4
2020-08-11,0,0,0,0,0,0
2020-08-12,0,0,0,0,0,0
2020-08-13,0,0,1.1,0,0.2,1.3
2020-08-14,0.3,0,3.2,7,0,10.5
2020-08-15,0,0,0,2.3,0,2.3
2020-08-16,0,0,0,12.9,0,12.9
2020-08-17,0,0,0,3.5,0,3.5
2020-08-18,0,0,0,2.8,0,2.8
2020-08-19,0,2.5,9.9,5.5,11.4,29.3
2020-08-20,0,1.4,17.5,2.4,2.7,24
2020-08-21,0,3.8,0.1,0,1.4,5.3
2020-08-22,2.2,27,0,0,29.3,58.5
2020-08-23,6.8,16,0,23,18.6,64.4
2020-08-24,1.9,3,3.5,5.8,11.4,25.6
2020-08-25,0,0,1.1,3,14.4,18.5
2020-08-26,0,0,0,1.3,6.9,8.2
2020-08-27,0,0,0,0.1,18.7,18.8
2020-08-28,0.3,0,0,0,0,0.3
2020-08-29,0.7,3.7,0.9,0.3,0,5.6
2020-08-30,0,0,16,0,0,16
2020-08-31,0.7,1.6,1,1,0,4.3
2020-09-01,0,0,0,4.3,0,4.3
2020-09-02,0,0,0,2.8,0,2.8
2020-09-03,0,0.1,0,0,0,0.1
2020-09-04,2.6,16.8,2,0,9.9,31.3
2020-09-05,0.1,22.8,0,7.3,27.5,57.7
2020-09-06,0.4,5.5,0,7.3,33.2,46.4
2020-09-07,0,1,0,2,15.8,18.8
2020-09-08,2.6,4.9,5.4,1.1,17.4,31.4
2020-09-09,0.4,18.5,0.3,1.6,32.4,53.2
2020-09-10,2.9,5.3,7.6,0,15.3,31.1
2020-09-11,0,1,0.2,0.6,2.3,4.1
2020-09-12,1.6,38,0,0.1,26.6,66.3
2020-09-13,5.8,22.1,0,0.2,24,52.1
2020-09-14,0,5.5,0,1.8,16.7,24
2020-09-15,0.1,0.1,5.3,0.3,16.7,22.5
2020-09-16,3.1,0,11.4,1.6,23.5,39.6
2020-09-17,0,0,4,1,0,5
2020-09-18,0,0,0,2.5,2.2,4.7
2020-09-19,0,0,5.5,11.7,5.2,22.4
2020-09-20,0,0,0,0.1,0,0.1
2020-09-21,0,0,5.1,1.4,0.1,6.6
2020-09-22,0,0,6,13.8,9.8,29.6
2020-09-23,0,8,0.8,0.2,8.1,17.1
2020-09-24,17.2,39.6,3,0,5.7,65.5
2020-09-25,3.8,11.8,2.5,5.9,26.2,50.2
2020-09-26,11.8,0.2,0,0.3,0,12.3
2020-09-27,11.6,0,0.2,0.3,0,12.1
2020-09-28,0,0,0,0,0,0
2020-09-29,0,5.5,0,0,9.4,14.9
2020-09-30,0.2,5.3,0,0,15.9,21.4
2020-10-01,1.1,7.7,0,0,0.2,9
2020-10-02,0,2.3,0,0,0.6,2.9
2020-10-03,0,6.6,0,0,0,6.6
2020-10-04,0.4,0.2,0,0,0,0.6
2020-10-05,15.2,22.1,0.3,0,4.1,41.7
2020-10-06,0.1,2.2,0.5,0,0,2.8
2020-10-07,5.4,4,0.4,0,1.1,10.9
2020-10-08,0.5,7.5,1.5,0.4,9.5,19.4
2020-10-09,11.6,14.5,5.1,0,19.9,51.1
2020-10-10,0.6,14,0,0.2,3.3,18.1
2020-10-11,5.2,0.1,5.7,2.1,0.1,13.2
2020-10-12,0,0,7.8,0.4,0,8.2
2020-10-13,0,0,0.3,1.2,0,1.5
2020-10-14,0,0,0,0.4,0.1,0.5
2020-10-15,0,0,0,0.9,0,0.9
2020-10-16,0,0,0,1.1,0.1,1.2
2020-10-17,0,0,0,11.4,0,11.4
2020-10-18,0,0,15.5,0.4,1.1,17
2020-10-19,0,0,7.3,0,0,7.3
2020-10-20,2.9,25,0,0,14.4,42.3
2020-10-21,16.1,17.1,0.5,0,13.2,46.9
2020-10-22,13.5,22.5,0.5,0,24.7,61.2
2020-10-23,1.7,9.7,0,0.5,2.9,14.8
2020-10-24,0,5,0,8.9,1.8,15.7
2020-10-25,2,48,0,2.6,40.9,93.5
2020-10-26,0.7,9.5,0,0.4,20.3,30.9
2020-10-27,11.1,12,0,0.9,1.1,25.1
2020-10-28,4.1,20.3,0,0,2.2,26.6
2020-10-29,0.2,25,0.4,0,37.9,63.5
2020-10-30,0,2.7,0,1.4,7.5,11.6
2020-10-31,9.2,3,0.5,0.5,6.8,20
2020-11-01,0.1,16,0,0,7.2,23.3
2020-11-02,4.3,45.4,0.1,0,23.5,73.3
2020-11-03,2.6,8.4,4.8,1,9,25.8
2020-11-04,0,5.4,0.2,0,13.5,19.1
2020-11-05,0,3.3,0,0.9,35,39.2
2020-11-06,0,0.4,1.7,3.2,20.2,25.5
2020-11-07,0,1.5,0,1.2,2.5,5.2
2020-11-08,0,2.3,2.5,2.7,0.8,8.3
2020-11-09,0,0,0.2,1.4,0,1.6
2020-11-10,0,0,0.1,2.7,0,2.8
2020-11-11,0.1,0.3,0,0,3.5,3.9
2020-11-12,0.6,1.8,0,0,0.2,2.6
2020-11-13,0.1,3.3,0,0,0.4,3.8
2020-11-14,2,18.5,0,0,10.5,31
2020-11-15,2,38,0.2,0,8.6,48.8
2020-11-16,6.3,49.6,0,0,17.6,73.5
2020-11-17,0.3,16,0,0,12.6,28.9
2020-11-18,1.4,17.5,1.5,0,31,51.4
2020-11-19,2.1,47.3,25,0.8,57.6,132.8
2020-11-20,0,2,18.6,0.7,6.1,27.4
2020-11-21,1.7,29.8,1.5,0.2,21,54.2
2020-11-22,0,13,1.5,0.4,12.4,27.3
2020-11-23,0,13.8,15.4,0.5,12.8,42.5
2020-11-24,0,19.8,0.1,1.4,19.6,40.9
2020-11-25,0.5,19.5,0.5,0,28.6,49.1
2020-11-26,0,9.6,2.3,0,19.2,31.1
2020-11-27,0,0,0,0,0.5,0.5
2020-11-28,0,0,0,0,0,0
2020-11-29,0,0,0,0,2.4,2.4
2020-11-30,0,3.5,0,0,9.9,13.4
2020-12-01,2.4,9.5,2,0.5,21.7,36.1
2020-12-02,0,0.4,0,1.4,0.2,2
2020-12-03,0,23.5,0,0,23.6,47.1
2020-12-04,0.9,15.6,0,0.4,1.7,18.6
2020-12-05,0.7,0,0,0,0,0.7
2020-12-06,0.8,3.4,1,0,4.5,9.7
2020-12-07,4,1.5,0,0.2,0.1,5.8
2020-12-08,1,10.6,0,0.2,3.8,15.6
2020-12-09,4.6,4.1,0.2,0,3.2,12.1
2020-12-10,1.6,0.8,0,0,0,2.4
2020-12-11,0.6,5,0,0.7,0,6.3
2020-12-12,1.1,0.1,0,0,0,1.2
2020-12-13,1.5,0.1,0,0,0,1.6
2020-12-14,1,9.9,0,0,0.3,11.2
2020-12-15,4.6,39.6,0,0,7.3,51.5
2020-12-16,5.4,21.3,0.7,0.2,25.8,53.4
2020-12-17,0,12,0,0,7,19
2020-12-18,7.5,18.8,0,0,8,34.3
2020-12-19,1.4,25.6,0,0,4.1,31.1
2020-12-20,0,27.8,0,0,11.9,39.7
2020-12-21,0.2,26.2,0,2,19.6,48
2020-12-22,0,12.5,0,0,14.4,26.9
2020-12-23,1,4.8,4.9,0,21.5,32.2
2020-12-24,0,0,10.1,0,2.6,12.7
2020-12-25,0,0,2.9,0.1,0,3
2020-12-26,0.1,6.5,0,0,7.7,14.3
2020-12-27,3.1,56.8,0,0,16.1,76
2020-12-28,2.3,36.5,0,0,13.5,52.3
2020-12-29,4.2,2.2,0,0,0,6.4
2020-12-30,2.7,0.1,0,0,0,2.8
2020-12-31,2.6,0,0.5,0,0.7,3.8
