Date,Supply
2014-01-01,1.07651e+06
2014-01-02,1.24537e+06
2014-01-03,1.22996e+06
2014-01-04,1.18011e+06
2014-01-05,1.13863e+06
2014-01-06,1.20897e+06
2014-01-07,1.27156e+06
2014-01-08,1.27734e+06
2014-01-09,1.3007e+06
2014-01-10,1.36268e+06
2014-01-11,1.29036e+06
2014-01-12,1.31631e+06
2014-01-13,1.54962e+06
2014-01-14,1.54981e+06
2014-01-15,1.54062e+06
2014-01-16,1.53136e+06
2014-01-17,1.55835e+06
2014-01-18,1.44308e+06
2014-01-19,1.40818e+06
2014-01-20,1.56771e+06
2014-01-21,1.57103e+06
2014-01-22,1.5761e+06
2014-01-23,1.59567e+06
2014-01-24,1.56709e+06
2014-01-25,1.42379e+06
2014-01-26,1.3659e+06
2014-01-27,1.53235e+06
2014-01-28,1.52837e+06
2014-01-29,1.53725e+06
2014-01-30,1.57414e+06
2014-01-31,1.56018e+06
2014-02-01,1.36907e+06
2014-02-02,1.28309e+06
2014-02-03,1.41218e+06
2014-02-04,1.42032e+06
2014-02-05,1.3958e+06
2014-02-06,1.3927e+06
2014-02-07,1.36483e+06
2014-02-08,1.22218e+06
2014-02-09,1.18845e+06
2014-02-10,1.36024e+06
2014-02-11,1.35739e+06
2014-02-12,1.36161e+06
2014-02-13,1.37703e+06
2014-02-14,1.34024e+06
2014-02-15,1.23442e+06
2014-02-16,1.20445e+06
2014-02-17,1.34983e+06
2014-02-18,1.38866e+06
2014-02-19,1.40349e+06
2014-02-20,1.39691e+06
2014-02-21,1.38224e+06
2014-02-22,1.22519e+06
2014-02-23,1.1464e+06
2014-02-24,1.269e+06
2014-02-25,1.29397e+06
2014-02-26,1.3485e+06
2014-02-27,1.35426e+06
2014-02-28,1.33295e+06
2014-03-01,1.23942e+06
2014-03-02,1.2068e+06
2014-03-03,1.29748e+06
2014-03-04,1.33925e+06
2014-03-05,1.34242e+06
2014-03-06,1.31786e+06
2014-03-07,1.28672e+06
2014-03-08,1.17589e+06
2014-03-09,1.08371e+06
2014-03-10,1.2449e+06
2014-03-11,1.25008e+06
2014-03-12,1.26337e+06
2014-03-13,1.264e+06
2014-03-14,1.26307e+06
2014-03-15,1.15577e+06
2014-03-16,1.11626e+06
2014-03-17,1.30109e+06
2014-03-18,1.31752e+06
2014-03-19,1.29786e+06
2014-03-20,1.30388e+06
2014-03-21,1.22698e+06
2014-03-22,1.15494e+06
2014-03-23,1.10483e+06
2014-03-24,1.25756e+06
2014-03-25,1.25703e+06
2014-03-26,1.28304e+06
2014-03-27,1.2381e+06
2014-03-28,1.21907e+06
2014-03-29,1.10164e+06
2014-03-30,1.00807e+06
2014-03-31,1.22796e+06
2014-04-01,1.24634e+06
2014-04-02,1.22972e+06
2014-04-03,1.21905e+06
2014-04-04,1.20604e+06
2014-04-05,1.15465e+06
2014-04-06,1.06564e+06
2014-04-07,1.18419e+06
2014-04-08,1.16566e+06
2014-04-09,1.20125e+06
2014-04-10,1.24088e+06
2014-04-11,1.20912e+06
2014-04-12,1.11007e+06
2014-04-13,1.02619e+06
2014-04-14,1.14271e+06
2014-04-15,1.17903e+06
2014-04-16,1.18665e+06
2014-04-17,1.14468e+06
2014-04-18,1.06498e+06
2014-04-19,1.01676e+06
2014-04-20,909909
2014-04-21,951210
2014-04-22,1.07265e+06
2014-04-23,1.10657e+06
2014-04-24,1.13784e+06
2014-04-25,1.10266e+06
2014-04-26,994372
2014-04-27,938967
2014-04-28,1.06322e+06
2014-04-29,1.07258e+06
2014-04-30,1.07617e+06
2014-05-01,962599
2014-05-02,1.0377e+06
2014-05-03,983762
2014-05-04,954625
2014-05-05,1.07819e+06
2014-05-06,1.09861e+06
2014-05-07,1.0969e+06
2014-05-08,1.08845e+06
2014-05-09,1.04847e+06
2014-05-10,915311
2014-05-11,879785
2014-05-12,1.01963e+06
2014-05-13,1.06106e+06
2014-05-14,1.0674e+06
2014-05-15,1.0462e+06
2014-05-16,998443
2014-05-17,859638
2014-05-18,839484
2014-05-19,984099
2014-05-20,988509
2014-05-21,966590
2014-05-22,1.00042e+06
2014-05-23,988622
2014-05-24,883570
2014-05-25,847087
2014-05-26,965318
2014-05-27,996958
2014-05-28,1.02719e+06
2014-05-29,913481
2014-05-30,966102
2014-05-31,871277
2014-06-01,844086
2014-06-02,958073
2014-06-03,972194
2014-06-04,960563
2014-06-05,942419
2014-06-06,935278
2014-06-07,843982
2014-06-08,815902
2014-06-09,900056
2014-06-10,974951
2014-06-11,982198
2014-06-12,999102
2014-06-13,994380
2014-06-14,873530
2014-06-15,830208
2014-06-16,983210
2014-06-17,1.0019e+06
2014-06-18,994213
2014-06-19,961646
2014-06-20,915546
2014-06-21,868564
2014-06-22,829679
2014-06-23,995291
2014-06-24,985013
2014-06-25,988787
2014-06-26,989023
2014-06-27,995797
2014-06-28,914885
2014-06-29,851376
2014-06-30,995477
2014-07-01,989360
2014-07-02,1.00203e+06
2014-07-03,1.00971e+06
2014-07-04,984795
2014-07-05,877685
2014-07-06,810305
2014-07-07,959910
2014-07-08,955416
2014-07-09,944321
2014-07-10,948437
2014-07-11,918475
2014-07-12,853194
2014-07-13,812656
2014-07-14,931005
2014-07-15,935631
2014-07-16,941076
2014-07-17,936582
2014-07-18,931477
2014-07-19,829098
2014-07-20,779936
2014-07-21,894343
2014-07-22,901038
2014-07-23,901456
2014-07-24,893247
2014-07-25,903295
2014-07-26,832791
2014-07-27,768721
2014-07-28,903240
2014-07-29,897344
2014-07-30,899493
2014-07-31,898010
2014-08-01,879873
2014-08-02,793422
2014-08-03,777860
2014-08-04,906423
2014-08-05,912370
2014-08-06,903412
2014-08-07,907749
2014-08-08,900816
2014-08-09,792484
2014-08-10,783176
2014-08-11,932216
2014-08-12,932171
2014-08-13,947569
2014-08-14,934800
2014-08-15,911585
2014-08-16,823639
2014-08-17,808326
2014-08-18,921871
2014-08-19,939430
2014-08-20,951719
2014-08-21,958206
2014-08-22,941135
2014-08-23,863295
2014-08-24,843462
2014-08-25,978069
2014-08-26,963760
2014-08-27,958466
2014-08-28,950922
2014-08-29,934549
2014-08-30,824888
2014-08-31,828258
2014-09-01,968358
2014-09-02,964053
2014-09-03,950740
2014-09-04,958345
2014-09-05,964744
2014-09-06,851544
2014-09-07,826695
2014-09-08,969984
2014-09-09,981301
2014-09-10,961609
2014-09-11,962162
2014-09-12,959779
2014-09-13,862344
2014-09-14,838696
2014-09-15,992733
2014-09-16,987217
2014-09-17,990445
2014-09-18,1.00078e+06
2014-09-19,989855
2014-09-20,883409
2014-09-21,848069
2014-09-22,1.02093e+06
2014-09-23,1.06471e+06
2014-09-24,1.0545e+06
2014-09-25,1.0452e+06
2014-09-26,1.02802e+06
2014-09-27,913890
2014-09-28,879178
2014-09-29,1.01258e+06
2014-09-30,1.05885e+06
2014-10-01,1.08984e+06
2014-10-02,1.08216e+06
2014-10-03,1.02827e+06
2014-10-04,905181
2014-10-05,909332
2014-10-06,1.0668e+06
2014-10-07,1.08846e+06
2014-10-08,1.08904e+06
2014-10-09,1.07298e+06
2014-10-10,1.0736e+06
2014-10-11,980755
2014-10-12,940327
2014-10-13,1.11204e+06
2014-10-14,1.12162e+06
2014-10-15,1.149e+06
2014-10-16,1.18648e+06
2014-10-17,1.18441e+06
2014-10-18,1.04899e+06
2014-10-19,967377
2014-10-20,1.12931e+06
2014-10-21,1.15482e+06
2014-10-22,1.1744e+06
2014-10-23,1.2251e+06
2014-10-24,1.19648e+06
2014-10-25,1.05537e+06
2014-10-26,1.05833e+06
2014-10-27,1.12876e+06
2014-10-28,1.1242e+06
2014-10-29,1.1478e+06
2014-10-30,1.20983e+06
2014-10-31,1.2148e+06
2014-11-01,1.06608e+06
2014-11-02,1.00761e+06
2014-11-03,1.11641e+06
2014-11-04,1.17584e+06
2014-11-05,1.25549e+06
2014-11-06,1.30813e+06
2014-11-07,1.27729e+06
2014-11-08,1.11827e+06
2014-11-09,1.03921e+06
2014-11-10,1.19952e+06
2014-11-11,1.19496e+06
2014-11-12,1.22004e+06
2014-11-13,1.25213e+06
2014-11-14,1.22482e+06
2014-11-15,1.11407e+06
2014-11-16,1.0978e+06
2014-11-17,1.2536e+06
2014-11-18,1.27234e+06
2014-11-19,1.30697e+06
2014-11-20,1.31718e+06
2014-11-21,1.31344e+06
2014-11-22,1.1907e+06
2014-11-23,1.10334e+06
2014-11-24,1.25791e+06
2014-11-25,1.29571e+06
2014-11-26,1.29562e+06
2014-11-27,1.30595e+06
2014-11-28,1.2955e+06
2014-11-29,1.20174e+06
2014-11-30,1.17497e+06
2014-12-01,1.34857e+06
2014-12-02,1.37973e+06
2014-12-03,1.35617e+06
2014-12-04,1.35600e+06
2014-12-05,1.3474e+06
2014-12-06,1.22664e+06
2014-12-07,1.14587e+06
2014-12-08,1.31269e+06
2014-12-09,1.36646e+06
2014-12-10,1.3214e+06
2014-12-11,1.32019e+06
2014-12-12,1.30633e+06
2014-12-13,1.22752e+06
2014-12-14,1.20752e+06
2014-12-15,1.31468e+06
2014-12-16,1.36028e+06
2014-12-17,1.37741e+06
2014-12-18,1.32696e+06
2014-12-19,1.27085e+06
2014-12-20,1.18896e+06
2014-12-21,1.17324e+06
2014-12-22,1.23857e+06
2014-12-23,1.22569e+06
2014-12-24,1.17669e+06
2014-12-25,1.20502e+06
2014-12-26,1.30536e+06
2014-12-27,1.26628e+06
2014-12-28,1.33836e+06
2014-12-29,1.44792e+06
2014-12-30,1.35499e+06
2014-12-31,1.21408e+06
2015-01-01,1.08159e+06
2015-01-02,1.15998e+06
2015-01-03,1.18581e+06
2015-01-04,1.19385e+06
2015-01-05,1.35456e+06
2015-01-06,1.36707e+06
2015-01-07,1.37746e+06
2015-01-08,1.3226e+06
2015-01-09,1.31602e+06
2015-01-10,1.23042e+06
2015-01-11,1.24803e+06
2015-01-12,1.41823e+06
2015-01-13,1.34514e+06
2015-01-14,1.36773e+06
2015-01-15,1.35403e+06
2015-01-16,1.34324e+06
2015-01-17,1.23399e+06
2015-01-18,1.21459e+06
2015-01-19,1.45734e+06
2015-01-20,1.49373e+06
2015-01-21,1.48718e+06
2015-01-22,1.48467e+06
2015-01-23,1.50406e+06
2015-01-24,1.31523e+06
2015-01-25,1.25017e+06
2015-01-26,1.3807e+06
2015-01-27,1.37599e+06
2015-01-28,1.34133e+06
2015-01-29,1.36442e+06
2015-01-30,1.38865e+06
2015-01-31,1.27457e+06
2015-02-01,1.24786e+06
2015-02-02,1.43626e+06
2015-02-03,1.47881e+06
2015-02-04,1.49383e+06
2015-02-05,1.47189e+06
2015-02-06,1.40981e+06
2015-02-07,1.23892e+06
2015-02-08,1.22395e+06
2015-02-09,1.33113e+06
2015-02-10,1.31244e+06
2015-02-11,1.35077e+06
2015-02-12,1.37448e+06
2015-02-13,1.3672e+06
2015-02-14,1.23688e+06
2015-02-15,1.22629e+06
2015-02-16,1.40510e+06
2015-02-17,1.41504e+06
2015-02-18,1.33463e+06
2015-02-19,1.29924e+06
2015-02-20,1.28977e+06
2015-02-21,1.19872e+06
2015-02-22,1.19801e+06
2015-02-23,1.31529e+06
2015-02-24,1.32392e+06
2015-02-25,1.31640e+06
2015-02-26,1.32302e+06
2015-02-27,1.32602e+06
2015-02-28,1.20176e+06
2015-03-01,1.14446e+06
2015-03-02,1.26913e+06
2015-03-03,1.29187e+06
2015-03-04,1.30859e+06
2015-03-05,1.31914e+06
2015-03-06,1.28624e+06
2015-03-07,1.15019e+06
2015-03-08,1.05758e+06
2015-03-09,1.23874e+06
2015-03-10,1.2661e+06
2015-03-11,1.26593e+06
2015-03-12,1.28482e+06
2015-03-13,1.26181e+06
2015-03-14,1.16312e+06
2015-03-15,1.12181e+06
2015-03-16,1.23121e+06
2015-03-17,1.24667e+06
2015-03-18,1.24315e+06
2015-03-19,1.27028e+06
2015-03-20,1.27468e+06
2015-03-21,1.1794e+06
2015-03-22,1.18227e+06
2015-03-23,1.29999e+06
2015-03-24,1.28159e+06
2015-03-25,1.29743e+06
2015-03-26,1.34354e+06
2015-03-27,1.284e+06
2015-03-28,1.13509e+06
2015-03-29,1.00896e+06
2015-03-30,1.20094e+06
2015-03-31,1.21388e+06
2015-04-01,1.20193e+06
2015-04-02,1.17816e+06
2015-04-03,1.0848e+06
2015-04-04,1.10391e+06
2015-04-05,1.03967e+06
2015-04-06,1.07853e+06
2015-04-07,1.19302e+06
2015-04-08,1.20399e+06
2015-04-09,1.21689e+06
2015-04-10,1.17392e+06
2015-04-11,1.00336e+06
2015-04-12,977440
2015-04-13,1.13633e+06
2015-04-14,1.17852e+06
2015-04-15,1.15176e+06
2015-04-16,1.16426e+06
2015-04-17,1.16799e+06
2015-04-18,1.04061e+06
2015-04-19,980205
2015-04-20,1.09694e+06
2015-04-21,1.07091e+06
2015-04-22,1.09446e+06
2015-04-23,1.10574e+06
2015-04-24,1.12558e+06
2015-04-25,1.01656e+06
2015-04-26,987199
2015-04-27,1.14856e+06
2015-04-28,1.14603e+06
2015-04-29,1.14456e+06
2015-04-30,1.1416e+06
2015-05-01,982256
2015-05-02,989859
2015-05-03,916081
2015-05-04,1.10665e+06
2015-05-05,1.07247e+06
2015-05-06,1.05099e+06
2015-05-07,1.05922e+06
2015-05-08,1.09227e+06
2015-05-09,958604
2015-05-10,946517
2015-05-11,1.06378e+06
2015-05-12,1.07552e+06
2015-05-13,1.09038e+06
2015-05-14,1.00182e+06
2015-05-15,1.07017e+06
2015-05-16,977487
2015-05-17,955615
2015-05-18,1.08416e+06
2015-05-19,1.09042e+06
2015-05-20,1.08156e+06
2015-05-21,1.0704e+06
2015-05-22,1.06252e+06
2015-05-23,957900
2015-05-24,911878
2015-05-25,985429
2015-05-26,1.04639e+06
2015-05-27,1.04355e+06
2015-05-28,1.05117e+06
2015-05-29,1.04568e+06
2015-05-30,956148
2015-05-31,924035
2015-06-01,1.06202e+06
2015-06-02,1.05688e+06
2015-06-03,1.06334e+06
2015-06-04,1.06360e+06
2015-06-05,1.01716e+06
2015-06-06,915023
2015-06-07,927523
2015-06-08,1.05327e+06
2015-06-09,1.04841e+06
2015-06-10,1.0483e+06
2015-06-11,1.04449e+06
2015-06-12,1.03406e+06
2015-06-13,941909
2015-06-14,924941
2015-06-15,1.06529e+06
2015-06-16,1.05921e+06
2015-06-17,1.06045e+06
2015-06-18,1.03682e+06
2015-06-19,954329
2015-06-20,898120
2015-06-21,913828
2015-06-22,1.0103e+06
2015-06-23,1.00537e+06
2015-06-24,1.00551e+06
2015-06-25,1.04914e+06
2015-06-26,1.0359e+06
2015-06-27,921229
2015-06-28,903035
2015-06-29,1.0287e+06
2015-06-30,1.02964e+06
2015-07-01,996896
2015-07-02,961903
2015-07-03,981569
2015-07-04,907921
2015-07-05,886265
2015-07-06,952381
2015-07-07,990734
2015-07-08,976021
2015-07-09,958697
2015-07-10,961869
2015-07-11,913577
2015-07-12,880516
2015-07-13,965948
2015-07-14,973303
2015-07-15,968577
2015-07-16,977218
2015-07-17,927454
2015-07-18,861755
2015-07-19,872701
2015-07-20,923768
2015-07-21,931803
2015-07-22,951841
2015-07-23,944495
2015-07-24,951249
2015-07-25,860311
2015-07-26,851022
2015-07-27,954178
2015-07-28,949892
2015-07-29,949534
2015-07-30,929328
2015-07-31,942947
2015-08-01,902462
2015-08-02,896022
2015-08-03,978979
2015-08-04,990756
2015-08-05,1.00622e+06
2015-08-06,996534
2015-08-07,980697
2015-08-08,871988
2015-08-09,871646
2015-08-10,990807
2015-08-11,984911
2015-08-12,997859
2015-08-13,978282
2015-08-14,972988
2015-08-15,897994
2015-08-16,868202
2015-08-17,989938
2015-08-18,990082
2015-08-19,1.00528e+06
2015-08-20,992380
2015-08-21,990049
2015-08-22,886663
2015-08-23,844427
2015-08-24,995030
2015-08-25,976937
2015-08-26,990817
2015-08-27,1.00855e+06
2015-08-28,1.00998e+06
2015-08-29,915839
2015-08-30,905682
2015-08-31,1.00635e+06
2015-09-01,1.01494e+06
2015-09-02,1.01691e+06
2015-09-03,995141
2015-09-04,991705
2015-09-05,888577
2015-09-06,861127
2015-09-07,1.05118e+06
2015-09-08,1.05572e+06
2015-09-09,1.03755e+06
2015-09-10,1.0388e+06
2015-09-11,1.03607e+06
2015-09-12,935182
2015-09-13,936488
2015-09-14,1.03253e+06
2015-09-15,1.03903e+06
2015-09-16,1.03851e+06
2015-09-17,1.02053e+06
2015-09-18,957142
2015-09-19,916771
2015-09-20,911224
2015-09-21,1.03503e+06
2015-09-22,1.05096e+06
2015-09-23,1.05102e+06
2015-09-24,1.04214e+06
2015-09-25,1.02880e+06
2015-09-26,957493
2015-09-27,953495
2015-09-28,1.06468e+06
2015-09-29,1.06068e+06
2015-09-30,1.06606e+06
2015-10-01,1.06512e+06
2015-10-02,1.0734e+06
2015-10-03,1.01085e+06
2015-10-04,1.02315e+06
2015-10-05,1.13019e+06
2015-10-06,1.1215e+06
2015-10-07,1.15381e+06
2015-10-08,1.1898e+06
2015-10-09,1.18845e+06
2015-10-10,1.08242e+06
2015-10-11,1.00612e+06
2015-10-12,1.17061e+06
2015-10-13,1.17873e+06
2015-10-14,1.1847e+06
2015-10-15,1.18323e+06
2015-10-16,1.17580e+06
2015-10-17,1.09652e+06
2015-10-18,1.06686e+06
2015-10-19,1.20335e+06
2015-10-20,1.20715e+06
2015-10-21,1.18375e+06
2015-10-22,1.14032e+06
2015-10-23,1.12898e+06
2015-10-24,1.04742e+06
2015-10-25,1.0628e+06
2015-10-26,1.18206e+06
2015-10-27,1.21086e+06
2015-10-28,1.2275e+06
2015-10-29,1.22759e+06
2015-10-30,1.21323e+06
2015-10-31,1.0639e+06
2015-11-01,1.05152e+06
2015-11-02,1.16751e+06
2015-11-03,1.18136e+06
2015-11-04,1.16942e+06
2015-11-05,1.21689e+06
2015-11-06,1.18852e+06
2015-11-07,1.04573e+06
2015-11-08,1.02144e+06
2015-11-09,1.1696e+06
2015-11-10,1.17570e+06
2015-11-11,1.20870e+06
2015-11-12,1.22909e+06
2015-11-13,1.20908e+06
2015-11-14,1.06445e+06
2015-11-15,1.06609e+06
2015-11-16,1.25203e+06
2015-11-17,1.25812e+06
2015-11-18,1.2315e+06
2015-11-19,1.24859e+06
2015-11-20,1.33113e+06
2015-11-21,1.23474e+06
2015-11-22,1.2188e+06
2015-11-23,1.38232e+06
2015-11-24,1.35392e+06
2015-11-25,1.34926e+06
2015-11-26,1.34524e+06
2015-11-27,1.24687e+06
2015-11-28,1.13617e+06
2015-11-29,1.10008e+06
2015-11-30,1.30906e+06
2015-12-01,1.32396e+06
2015-12-02,1.32716e+06
2015-12-03,1.30424e+06
2015-12-04,1.27281e+06
2015-12-05,1.12607e+06
2015-12-06,1.11756e+06
2015-12-07,1.32746e+06
2015-12-08,1.32279e+06
2015-12-09,1.2747e+06
2015-12-10,1.27669e+06
2015-12-11,1.30332e+06
2015-12-12,1.2248e+06
2015-12-13,1.26566e+06
2015-12-14,1.44434e+06
2015-12-15,1.44511e+06
2015-12-16,1.41768e+06
2015-12-17,1.37257e+06
2015-12-18,1.28458e+06
2015-12-19,1.13779e+06
2015-12-20,1.10759e+06
2015-12-21,1.20484e+06
2015-12-22,1.21098e+06
2015-12-23,1.18316e+06
2015-12-24,1.09613e+06
2015-12-25,1.06898e+06
2015-12-26,1.09354e+06
2015-12-27,1.20651e+06
2015-12-28,1.3786e+06
2015-12-29,1.36148e+06
2015-12-30,1.32712e+06
2015-12-31,1.25253e+06
2016-01-01,1.21218e+06
2016-01-02,1.26432e+06
2016-01-03,1.3192e+06
2016-01-04,1.49254e+06
2016-01-05,1.53444e+06
2016-01-06,1.56214e+06
2016-01-07,1.60594e+06
2016-01-08,1.552e+06
2016-01-09,1.48801e+06
2016-01-10,1.38498e+06
2016-01-11,1.49638e+06
2016-01-12,1.48457e+06
2016-01-13,1.51664e+06
2016-01-14,1.57689e+06
2016-01-15,1.60489e+06
2016-01-16,1.51675e+06
2016-01-17,1.48284e+06
2016-01-18,1.60255e+06
2016-01-19,1.58622e+06
2016-01-20,1.59903e+06
2016-01-21,1.60271e+06
2016-01-22,1.59545e+06
2016-01-23,1.43311e+06
2016-01-24,1.34474e+06
2016-01-25,1.42621e+06
2016-01-26,1.38381e+06
2016-01-27,1.33785e+06
2016-01-28,1.35129e+06
2016-01-29,1.33577e+06
2016-01-30,1.1978e+06
2016-01-31,1.2201e+06
2016-02-01,1.3855e+06
2016-02-02,1.36198e+06
2016-02-03,1.37781e+06
2016-02-04,1.42385e+06
2016-02-05,1.44576e+06
2016-02-06,1.24047e+06
2016-02-07,1.13838e+06
2016-02-08,1.28414e+06
2016-02-09,1.31372e+06
2016-02-10,1.37565e+06
2016-02-11,1.38906e+06
2016-02-12,1.4358e+06
2016-02-13,1.33461e+06
2016-02-14,1.25548e+06
2016-02-15,1.45117e+06
2016-02-16,1.48521e+06
2016-02-17,1.4399e+06
2016-02-18,1.46575e+06
2016-02-19,1.42724e+06
2016-02-20,1.26181e+06
2016-02-21,1.17463e+06
2016-02-22,1.32769e+06
2016-02-23,1.36242e+06
2016-02-24,1.39094e+06
2016-02-25,1.41796e+06
2016-02-26,1.42298e+06
2016-02-27,1.32613e+06
2016-02-28,1.23264e+06
2016-02-29,1.4119e+06
2016-03-01,1.43158e+06
2016-03-02,1.41618e+06
2016-03-03,1.42706e+06
2016-03-04,1.39399e+06
2016-03-05,1.28493e+06
2016-03-06,1.23746e+06
2016-03-07,1.38364e+06
2016-03-08,1.37205e+06
2016-03-09,1.3605e+06
2016-03-10,1.36256e+06
2016-03-11,1.35357e+06
2016-03-12,1.25144e+06
2016-03-13,1.17013e+06
2016-03-14,1.30564e+06
2016-03-15,1.28218e+06
2016-03-16,1.25596e+06
2016-03-17,1.29584e+06
2016-03-18,1.29902e+06
2016-03-19,1.19273e+06
2016-03-20,1.10612e+06
2016-03-21,1.27622e+06
2016-03-22,1.30327e+06
2016-03-23,1.29714e+06
2016-03-24,1.27801e+06
2016-03-25,1.18205e+06
2016-03-26,1.05084e+06
2016-03-27,949720
2016-03-28,1.02514e+06
2016-03-29,1.18159e+06
2016-03-30,1.24907e+06
2016-03-31,1.28081e+06
2016-04-01,1.27717e+06
2016-04-02,1.12176e+06
2016-04-03,1.01392e+06
2016-04-04,1.19328e+06
2016-04-05,1.20707e+06
2016-04-06,1.1689e+06
2016-04-07,1.16634e+06
2016-04-08,1.20521e+06
2016-04-09,1.09974e+06
2016-04-10,1.00931e+06
2016-04-11,1.15079e+06
2016-04-12,1.1713e+06
2016-04-13,1.17965e+06
2016-04-14,1.19396e+06
2016-04-15,1.17904e+06
2016-04-16,1.00483e+06
2016-04-17,1.00034e+06
2016-04-18,1.15849e+06
2016-04-19,1.15062e+06
2016-04-20,1.15463e+06
2016-04-21,1.16165e+06
2016-04-22,1.14538e+06
2016-04-23,1.05682e+06
2016-04-24,1.00962e+06
2016-04-25,1.19843e+06
2016-04-26,1.19858e+06
2016-04-27,1.18594e+06
2016-04-28,1.20809e+06
2016-04-29,1.14729e+06
2016-04-30,1.05481e+06
2016-05-01,909410
2016-05-02,1.08537e+06
2016-05-03,1.07856e+06
2016-05-04,1.10052e+06
2016-05-05,939520
2016-05-06,988913
2016-05-07,867748
2016-05-08,828559
2016-05-09,972697
2016-05-10,1.01473e+06
2016-05-11,1.001e+06
2016-05-12,1.0259e+06
2016-05-13,1.03973e+06
2016-05-14,902225
2016-05-15,902487
2016-05-16,993014
2016-05-17,1.02762e+06
2016-05-18,1.0844e+06
2016-05-19,1.06018e+06
2016-05-20,1.03577e+06
2016-05-21,882784
2016-05-22,857148
2016-05-23,1.01398e+06
2016-05-24,1.02161e+06
2016-05-25,1.04195e+06
2016-05-26,1.03683e+06
2016-05-27,1.03069e+06
2016-05-28,881198
2016-05-29,809117
2016-05-30,982307
2016-05-31,1.00389e+06
2016-06-01,978083
2016-06-02,956265
2016-06-03,954776
2016-06-04,845816
2016-06-05,783453
2016-06-06,932512
2016-06-07,965601
2016-06-08,996444
2016-06-09,981681
2016-06-10,963150
2016-06-11,844160
2016-06-12,806287
2016-06-13,944236
2016-06-14,939818
2016-06-15,930547
2016-06-16,935781
2016-06-17,916372
2016-06-18,818423
2016-06-19,800614
2016-06-20,935589
2016-06-21,938107
2016-06-22,918001
2016-06-23,902871
2016-06-24,871448
2016-06-25,759397
2016-06-26,755018
2016-06-27,901386
2016-06-28,901733
2016-06-29,918400
2016-06-30,948464
2016-07-01,927226
2016-07-02,820891
2016-07-03,798058
2016-07-04,952406
2016-07-05,947551
2016-07-06,918488
2016-07-07,967667
2016-07-08,928697
2016-07-09,796821
2016-07-10,780541
2016-07-11,890030
2016-07-12,929205
2016-07-13,912960
2016-07-14,877056
2016-07-15,890045
2016-07-16,806800
2016-07-17,769106
2016-07-18,892730
2016-07-19,911643
2016-07-20,889709
2016-07-21,918775
2016-07-22,908758
2016-07-23,814244
2016-07-24,780786
2016-07-25,921990
2016-07-26,912528
2016-07-27,910783
2016-07-28,917994
2016-07-29,893044
2016-07-30,796829
2016-07-31,777717
2016-08-01,897102
2016-08-02,934572
2016-08-03,899193
2016-08-04,915404
2016-08-05,910461
2016-08-06,806651
2016-08-07,776470
2016-08-08,905515
2016-08-09,973081
2016-08-10,973404
2016-08-11,945117
2016-08-12,951784
2016-08-13,856196
2016-08-14,827041
2016-08-15,931235
2016-08-16,956639
2016-08-17,964631
2016-08-18,969069
2016-08-19,941711
2016-08-20,817827
2016-08-21,774949
2016-08-22,928999
2016-08-23,949211
2016-08-24,948660
2016-08-25,964479
2016-08-26,970646
2016-08-27,875373
2016-08-28,832022
2016-08-29,997259
2016-08-30,993823
2016-08-31,996854
2016-09-01,1.02252e+06
2016-09-02,994002
2016-09-03,895815
2016-09-04,828205
2016-09-05,977550
2016-09-06,1.01087e+06
2016-09-07,1.00958e+06
2016-09-08,984785
2016-09-09,985961
2016-09-10,879045
2016-09-11,864917
2016-09-12,996771
2016-09-13,1.00576e+06
2016-09-14,991955
2016-09-15,980573
2016-09-16,991509
2016-09-17,893384
2016-09-18,841285
2016-09-19,994206
2016-09-20,992647
2016-09-21,991431
2016-09-22,990693
2016-09-23,993751
2016-09-24,903240
2016-09-25,815973
2016-09-26,998846
2016-09-27,1.01269e+06
2016-09-28,1.01314e+06
2016-09-29,1.00716e+06
2016-09-30,1.03326e+06
2016-10-01,953307
2016-10-02,917847
2016-10-03,1.06092e+06
2016-10-04,1.06368e+06
2016-10-05,1.07514e+06
2016-10-06,1.09991e+06
2016-10-07,1.10962e+06
2016-10-08,1.01612e+06
2016-10-09,1.00359e+06
2016-10-10,1.1078e+06
2016-10-11,1.14372e+06
2016-10-12,1.13817e+06
2016-10-13,1.15505e+06
2016-10-14,1.14134e+06
2016-10-15,1.03217e+06
2016-10-16,1.02884e+06
2016-10-17,1.15439e+06
2016-10-18,1.13706e+06
2016-10-19,1.11587e+06
2016-10-20,1.15738e+06
2016-10-21,1.17724e+06
2016-10-22,1.09986e+06
2016-10-23,1.04971e+06
2016-10-24,1.20697e+06
2016-10-25,1.22531e+06
2016-10-26,1.22029e+06
2016-10-27,1.16729e+06
2016-10-28,1.12483e+06
2016-10-29,1.03388e+06
2016-10-30,1.05773e+06
2016-10-31,1.1747e+06
2016-11-01,1.17516e+06
2016-11-02,1.2338e+06
2016-11-03,1.27284e+06
2016-11-04,1.25795e+06
2016-11-05,1.16542e+06
2016-11-06,1.17664e+06
2016-11-07,1.38214e+06
2016-11-08,1.39732e+06
2016-11-09,1.38208e+06
2016-11-10,1.3554e+06
2016-11-11,1.36013e+06
2016-11-12,1.23603e+06
2016-11-13,1.1508e+06
2016-11-14,1.28784e+06
2016-11-15,1.25508e+06
2016-11-16,1.24528e+06
2016-11-17,1.233e+06
2016-11-18,1.21857e+06
2016-11-19,1.12303e+06
2016-11-20,1.07173e+06
2016-11-21,1.22478e+06
2016-11-22,1.20936e+06
2016-11-23,1.22805e+06
2016-11-24,1.26752e+06
2016-11-25,1.28241e+06
2016-11-26,1.14342e+06
2016-11-27,1.14108e+06
2016-11-28,1.34208e+06
2016-11-29,1.35967e+06
2016-11-30,1.26657e+06
2016-12-01,1.27928e+06
2016-12-02,1.33437e+06
2016-12-03,1.22748e+06
2016-12-04,1.24335e+06
2016-12-05,1.27636e+06
2016-12-06,1.34276e+06
2016-12-07,1.3016e+06
2016-12-08,1.24566e+06
2016-12-09,1.26257e+06
2016-12-10,1.13401e+06
2016-12-11,1.16639e+06
2016-12-12,1.42093e+06
2016-12-13,1.41421e+06
2016-12-14,1.43407e+06
2016-12-15,1.44547e+06
2016-12-16,1.40907e+06
2016-12-17,1.28546e+06
2016-12-18,1.23288e+06
2016-12-19,1.3536e+06
2016-12-20,1.32918e+06
2016-12-21,1.28473e+06
2016-12-22,1.29683e+06
2016-12-23,1.23642e+06
2016-12-24,1.09123e+06
2016-12-25,1.0335e+06
2016-12-26,1.05514e+06
2016-12-27,1.20376e+06
2016-12-28,1.29468e+06
2016-12-29,1.23208e+06
2016-12-30,1.22916e+06
2016-12-31,1.09068e+06
2017-01-01,1.10097e+06
2017-01-02,1.37039e+06
2017-01-03,1.39409e+06
2017-01-04,1.4492e+06
2017-01-05,1.58305e+06
2017-01-06,1.54878e+06
2017-01-07,1.37525e+06
2017-01-08,839042
2017-01-09,1.35243e+06
2017-01-10,1.40859e+06
2017-01-11,1.37804e+06
2017-01-12,1.40022e+06
2017-01-13,1.36957e+06
2017-01-14,1.2839e+06
2017-01-15,1.33553e+06
2017-01-16,1.54009e+06
2017-01-17,1.51272e+06
2017-01-18,1.43631e+06
2017-01-19,1.39864e+06
2017-01-20,1.3626e+06
2017-01-21,1.27698e+06
2017-01-22,1.29957e+06
2017-01-23,1.42270e+06
2017-01-24,1.46999e+06
2017-01-25,1.44522e+06
2017-01-26,1.40852e+06
2017-01-27,1.35454e+06
2017-01-28,1.30332e+06
2017-01-29,1.22573e+06
2017-01-30,1.36187e+06
2017-01-31,1.43799e+06
2017-02-01,1.43971e+06
2017-02-02,1.44223e+06
2017-02-03,1.42196e+06
2017-02-04,1.29676e+06
2017-02-05,1.29368e+06
2017-02-06,1.45768e+06
2017-02-07,1.52133e+06
2017-02-08,1.5506e+06
2017-02-09,1.56675e+06
2017-02-10,1.49951e+06
2017-02-11,1.34168e+06
2017-02-12,1.29786e+06
2017-02-13,1.42505e+06
2017-02-14,1.40223e+06
2017-02-15,1.44792e+06
2017-02-16,1.40401e+06
2017-02-17,1.37047e+06
2017-02-18,1.26843e+06
2017-02-19,1.18084e+06
2017-02-20,1.3035e+06
2017-02-21,1.33836e+06
2017-02-22,1.32916e+06
2017-02-23,1.32879e+06
2017-02-24,1.36457e+06
2017-02-25,1.2772e+06
2017-02-26,1.16114e+06
2017-02-27,1.29430e+06
2017-02-28,1.34169e+06
2017-03-01,1.3686e+06
2017-03-02,1.30018e+06
2017-03-03,1.37498e+06
2017-03-04,1.20533e+06
2017-03-05,1.23721e+06
2017-03-06,1.45591e+06
2017-03-07,1.43705e+06
2017-03-08,1.42644e+06
2017-03-09,1.38629e+06
2017-03-10,1.28277e+06
2017-03-11,1.21728e+06
2017-03-12,1.12295e+06
2017-03-13,1.34044e+06
2017-03-14,1.30986e+06
2017-03-15,1.30303e+06
2017-03-16,1.30001e+06
2017-03-17,1.27229e+06
2017-03-18,1.13949e+06
2017-03-19,1.12125e+06
2017-03-20,1.29835e+06
2017-03-21,1.27905e+06
2017-03-22,1.32339e+06
2017-03-23,1.27309e+06
2017-03-24,1.29989e+06
2017-03-25,1.12249e+06
2017-03-26,996759
2017-03-27,1.21771e+06
2017-03-28,1.213e+06
2017-03-29,1.22183e+06
2017-03-30,1.25899e+06
2017-03-31,1.22503e+06
2017-04-01,1.10695e+06
2017-04-02,1.04372e+06
2017-04-03,1.23229e+06
2017-04-04,1.22925e+06
2017-04-05,1.21352e+06
2017-04-06,1.21595e+06
2017-04-07,1.17748e+06
2017-04-08,1.11051e+06
2017-04-09,1.04072e+06
2017-04-10,1.15073e+06
2017-04-11,1.21313e+06
2017-04-12,1.17649e+06
2017-04-13,1.16938e+06
2017-04-14,1.09342e+06
2017-04-15,1.06845e+06
2017-04-16,1.05336e+06
2017-04-17,1.03285e+06
2017-04-18,1.23895e+06
2017-04-19,1.2511e+06
2017-04-20,1.26346e+06
2017-04-21,1.18847e+06
2017-04-22,1.07223e+06
2017-04-23,1.05448e+06
2017-04-24,1.19465e+06
2017-04-25,1.23892e+06
2017-04-26,1.19313e+06
2017-04-27,1.21215e+06
2017-04-28,1.22521e+06
2017-04-29,1.07285e+06
2017-04-30,954587
2017-05-01,953061
2017-05-02,1.06536e+06
2017-05-03,1.06172e+06
2017-05-04,1.06203e+06
2017-05-05,1.08249e+06
2017-05-06,940601
2017-05-07,899871
2017-05-08,1.13534e+06
2017-05-09,1.16823e+06
2017-05-10,1.14087e+06
2017-05-11,1.10532e+06
2017-05-12,1.06169e+06
2017-05-13,982418
2017-05-14,900580
2017-05-15,1.08447e+06
2017-05-16,1.08031e+06
2017-05-17,1.05926e+06
2017-05-18,1.05906e+06
2017-05-19,1.00735e+06
2017-05-20,936442
2017-05-21,897342
2017-05-22,1.02459e+06
2017-05-23,1.04431e+06
2017-05-24,1.04765e+06
2017-05-25,963805
2017-05-26,988463
2017-05-27,870693
2017-05-28,836713
2017-05-29,956972
2017-05-30,1.03268e+06
2017-05-31,1.04516e+06
2017-06-01,1.06969e+06
2017-06-02,1.03618e+06
2017-06-03,917671
2017-06-04,836656
2017-06-05,944239
2017-06-06,930326
2017-06-07,938533
2017-06-08,1.02642e+06
2017-06-09,1.00032e+06
2017-06-10,895140
2017-06-11,847647
2017-06-12,979219
2017-06-13,1.00214e+06
2017-06-14,1.00054e+06
2017-06-15,971995
2017-06-16,950856
2017-06-17,842229
2017-06-18,855931
2017-06-19,987470
2017-06-20,1.01245e+06
2017-06-21,1.01486e+06
2017-06-22,987697
2017-06-23,905836
2017-06-24,799322
2017-06-25,827770
2017-06-26,996768
2017-06-27,1.01543e+06
2017-06-28,982374
2017-06-29,1.01921e+06
2017-06-30,993441
2017-07-01,879557
2017-07-02,830384
2017-07-03,994290
2017-07-04,1.01527e+06
2017-07-05,810704
2017-07-06,999697
2017-07-07,954410
2017-07-08,894113
2017-07-09,861525
2017-07-10,951509
2017-07-11,960409
2017-07-12,966651
2017-07-13,980535
2017-07-14,959676
2017-07-15,888666
2017-07-16,837403
2017-07-17,928440
2017-07-18,926534
2017-07-19,944299
2017-07-20,950944
2017-07-21,940881
2017-07-22,872688
2017-07-23,810087
2017-07-24,931907
2017-07-25,929636
2017-07-26,922096
2017-07-27,926718
2017-07-28,920187
2017-07-29,805819
2017-07-30,784059
2017-07-31,938955
2017-08-01,934096
2017-08-02,943471
2017-08-03,921491
2017-08-04,903195
2017-08-05,867355
2017-08-06,808702
2017-08-07,967442
2017-08-08,954529
2017-08-09,965293
2017-08-10,980721
2017-08-11,949794
2017-08-12,808622
2017-08-13,810296
2017-08-14,965520
2017-08-15,970510
2017-08-16,993711
2017-08-17,989887
2017-08-18,983725
2017-08-19,813901
2017-08-20,817236
2017-08-21,976508
2017-08-22,991861
2017-08-23,973992
2017-08-24,998874
2017-08-25,1.00638e+06
2017-08-26,901812
2017-08-27,831229
2017-08-28,1.00529e+06
2017-08-29,1.02313e+06
2017-08-30,1.00714e+06
2017-08-31,1.00219e+06
2017-09-01,986664
2017-09-02,875154
2017-09-03,834614
2017-09-04,945955
2017-09-05,994851
2017-09-06,1.00233e+06
2017-09-07,1.0083e+06
2017-09-08,1.00713e+06
2017-09-09,931872
2017-09-10,867958
2017-09-11,1.00302e+06
2017-09-12,1.03215e+06
2017-09-13,995451
2017-09-14,1.00985e+06
2017-09-15,1.01992e+06
2017-09-16,964439
2017-09-17,912653
2017-09-18,1.04272e+06
2017-09-19,1.07297e+06
2017-09-20,1.0696e+06
2017-09-21,1.07152e+06
2017-09-22,1.06324e+06
2017-09-23,972773
2017-09-24,946422
2017-09-25,1.05202e+06
2017-09-26,1.04936e+06
2017-09-27,1.05122e+06
2017-09-28,1.06262e+06
2017-09-29,1.07001e+06
2017-09-30,988909
2017-10-01,946472
2017-10-02,1.02529e+06
2017-10-03,1.09348e+06
2017-10-04,1.09568e+06
2017-10-05,1.0887e+06
2017-10-06,1.08387e+06
2017-10-07,967382
2017-10-08,977844
2017-10-09,1.16244e+06
2017-10-10,1.13534e+06
2017-10-11,1.10459e+06
2017-10-12,1.12274e+06
2017-10-13,1.0938e+06
2017-10-14,956015
2017-10-15,973797
2017-10-16,1.09841e+06
2017-10-17,1.11764e+06
2017-10-18,1.16472e+06
2017-10-19,1.21646e+06
2017-10-20,1.21956e+06
2017-10-21,1.11448e+06
2017-10-22,1.04344e+06
2017-10-23,1.23992e+06
2017-10-24,1.26562e+06
2017-10-25,1.22302e+06
2017-10-26,1.23111e+06
2017-10-27,1.17954e+06
2017-10-28,1.04253e+06
2017-10-29,1.08434e+06
2017-10-30,1.27093e+06
2017-10-31,1.26639e+06
2017-11-01,1.21563e+06
2017-11-02,1.23398e+06
2017-11-03,1.26016e+06
2017-11-04,1.12583e+06
2017-11-05,1.08582e+06
2017-11-06,1.21608e+06
2017-11-07,1.31079e+06
2017-11-08,1.26822e+06
2017-11-09,1.26334e+06
2017-11-10,1.21606e+06
2017-11-11,1.15611e+06
2017-11-12,1.19663e+06
2017-11-13,1.35075e+06
2017-11-14,1.376e+06
2017-11-15,1.36142e+06
2017-11-16,1.3446e+06
2017-11-17,1.3041e+06
2017-11-18,1.16595e+06
2017-11-19,1.1541e+06
2017-11-20,1.37771e+06
2017-11-21,1.42780e+06
2017-11-22,1.42191e+06
2017-11-23,1.31703e+06
2017-11-24,1.27815e+06
2017-11-25,1.25395e+06
2017-11-26,1.155e+06
2017-11-27,1.32671e+06
2017-11-28,1.38051e+06
2017-11-29,1.43956e+06
2017-11-30,1.45378e+06
2017-12-01,1.45965e+06
2017-12-02,1.32646e+06
2017-12-03,1.25025e+06
2017-12-04,1.40998e+06
2017-12-05,1.40787e+06
2017-12-06,1.3715e+06
2017-12-07,1.35142e+06
2017-12-08,1.36064e+06
2017-12-09,1.22608e+06
2017-12-10,1.2286e+06
2017-12-11,1.43101e+06
2017-12-12,1.46032e+06
2017-12-13,1.44414e+06
2017-12-14,1.44495e+06
2017-12-15,1.48444e+06
2017-12-16,1.38288e+06
2017-12-17,1.37323e+06
2017-12-18,1.48801e+06
2017-12-19,1.49085e+06
2017-12-20,1.44889e+06
2017-12-21,1.44104e+06
2017-12-22,1.42562e+06
2017-12-23,1.18317e+06
2017-12-24,1.12771e+06
2017-12-25,1.14632e+06
2017-12-26,1.17271e+06
2017-12-27,1.34616e+06
2017-12-28,1.33236e+06
2017-12-29,1.30119e+06
2017-12-30,1.18101e+06
2017-12-31,1.1746e+06
2018-01-01,1.14437e+06
2018-01-02,1.32296e+06
2018-01-03,1.31273e+06
2018-01-04,1.39733e+06
2018-01-05,1.39005e+06
2018-01-06,1.35652e+06
2018-01-07,1.29992e+06
2018-01-08,1.42402e+06
2018-01-09,1.47177e+06
2018-01-10,1.53009e+06
2018-01-11,1.53715e+06
2018-01-12,1.54451e+06
2018-01-13,1.40023e+06
2018-01-14,1.33258e+06
2018-01-15,1.47052e+06
2018-01-16,1.48441e+06
2018-01-17,1.45523e+06
2018-01-18,1.4449e+06
2018-01-19,1.49223e+06
2018-01-20,1.3991e+06
2018-01-21,1.37010e+06
2018-01-22,1.51473e+06
2018-01-23,1.55041e+06
2018-01-24,1.41459e+06
2018-01-25,1.41729e+06
2018-01-26,1.44779e+06
2018-01-27,1.35187e+06
2018-01-28,1.22087e+06
2018-01-29,1.36749e+06
2018-01-30,1.46552e+06
2018-01-31,1.42322e+06
2018-02-01,1.45774e+06
2018-02-02,1.46265e+06
2018-02-03,1.48468e+06
2018-02-04,1.43222e+06
2018-02-05,1.5403e+06
2018-02-06,1.55510e+06
2018-02-07,1.57832e+06
2018-02-08,1.56561e+06
2018-02-09,1.53363e+06
2018-02-10,1.42061e+06
2018-02-11,1.3037e+06
2018-02-12,1.48557e+06
2018-02-13,1.49392e+06
2018-02-14,1.46456e+06
2018-02-15,1.46346e+06
2018-02-16,1.46834e+06
2018-02-17,1.3886e+06
2018-02-18,1.3372e+06
2018-02-19,1.50345e+06
2018-02-20,1.51963e+06
2018-02-21,1.49117e+06
2018-02-22,1.48386e+06
2018-02-23,1.46723e+06
2018-02-24,1.34036e+06
2018-02-25,1.34406e+06
2018-02-26,1.55051e+06
2018-02-27,1.63959e+06
2018-02-28,1.62824e+06
2018-03-01,1.57789e+06
2018-03-02,1.55557e+06
2018-03-03,1.39489e+06
2018-03-04,1.33391e+06
2018-03-05,1.53088e+06
2018-03-06,1.50418e+06
2018-03-07,1.51208e+06
2018-03-08,1.35871e+06
2018-03-09,1.40877e+06
2018-03-10,1.27520e+06
2018-03-11,1.23719e+06
2018-03-12,1.40044e+06
2018-03-13,1.38202e+06
2018-03-14,1.40547e+06
2018-03-15,1.40818e+06
2018-03-16,1.47668e+06
2018-03-17,1.33068e+06
2018-03-18,1.2671e+06
2018-03-19,1.43144e+06
2018-03-20,1.38616e+06
2018-03-21,1.41731e+06
2018-03-22,1.34746e+06
2018-03-23,1.38754e+06
2018-03-24,1.20938e+06
2018-03-25,1.08297e+06
2018-03-26,1.36383e+06
2018-03-27,1.37988e+06
2018-03-28,1.34486e+06
2018-03-29,1.32634e+06
2018-03-30,1.20806e+06
2018-03-31,1.13947e+06
2018-04-01,1.10004e+06
2018-04-02,1.14251e+06
2018-04-03,1.29774e+06
2018-04-04,1.27692e+06
2018-04-05,1.23735e+06
2018-04-06,1.24177e+06
2018-04-07,1.08262e+06
2018-04-08,1.02704e+06
2018-04-09,1.20636e+06
2018-04-10,1.19726e+06
2018-04-11,1.20855e+06
2018-04-12,1.19836e+06
2018-04-13,1.17999e+06
2018-04-14,1.00235e+06
2018-04-15,953555
2018-04-16,1.12245e+06
2018-04-17,1.11273e+06
2018-04-18,1.10206e+06
2018-04-19,1.07787e+06
2018-04-20,1.07757e+06
2018-04-21,977084
2018-04-22,931776
2018-04-23,1.07745e+06
2018-04-24,1.13248e+06
2018-04-25,1.0892e+06
2018-04-26,1.09407e+06
2018-04-27,1.11062e+06
2018-04-28,996599
2018-04-29,946789
2018-04-30,1.02144e+06
2018-05-01,1.00196e+06
2018-05-02,1.11546e+06
2018-05-03,1.13725e+06
2018-05-04,1.10522e+06
2018-05-05,930143
2018-05-06,902239
2018-05-07,1.03738e+06
2018-05-08,1.02066e+06
2018-05-09,1.0327e+06
2018-05-10,983269
2018-05-11,1.02882e+06
2018-05-12,937429
2018-05-13,886730
2018-05-14,958879
2018-05-15,996735
2018-05-16,995053
2018-05-17,983829
2018-05-18,1.00938e+06
2018-05-19,898938
2018-05-20,836639
2018-05-21,929406
2018-05-22,998910
2018-05-23,1.00895e+06
2018-05-24,979677
2018-05-25,982438
2018-05-26,873648
2018-05-27,826363
2018-05-28,981832
2018-05-29,973199
2018-05-30,995993
2018-05-31,970855
2018-06-01,957504
2018-06-02,825864
2018-06-03,807357
2018-06-04,1.00658e+06
2018-06-05,1.0136e+06
2018-06-06,965318
2018-06-07,977968
2018-06-08,956204
2018-06-09,838069
2018-06-10,794997
2018-06-11,963315
2018-06-12,951767
2018-06-13,975027
2018-06-14,959989
2018-06-15,959993
2018-06-16,805164
2018-06-17,799845
2018-06-18,975464
2018-06-19,998209
2018-06-20,1.01042e+06
2018-06-21,967629
2018-06-22,896359
2018-06-23,812113
2018-06-24,768819
2018-06-25,935756
2018-06-26,945825
2018-06-27,955666
2018-06-28,946678
2018-06-29,970370
2018-06-30,793738
2018-07-01,757637
2018-07-02,942834
2018-07-03,955665
2018-07-04,967553
2018-07-05,942908
2018-07-06,917536
2018-07-07,796606
2018-07-08,756472
2018-07-09,905732
2018-07-10,912053
2018-07-11,921995
2018-07-12,905505
2018-07-13,891774
2018-07-14,765063
2018-07-15,752665
2018-07-16,888724
2018-07-17,862890
2018-07-18,868423
2018-07-19,864689
2018-07-20,865241
2018-07-21,777618
2018-07-22,739108
2018-07-23,882422
2018-07-24,881745
2018-07-25,881414
2018-07-26,877875
2018-07-27,874767
2018-07-28,787814
2018-07-29,748506
2018-07-30,867979
2018-07-31,884327
2018-08-01,874100
2018-08-02,873850
2018-08-03,891696
2018-08-04,801797
2018-08-05,772834
2018-08-06,927066
2018-08-07,912005
2018-08-08,929542
2018-08-09,920563
2018-08-10,936010
2018-08-11,815405
2018-08-12,791658
2018-08-13,943606
2018-08-14,930019
2018-08-15,902457
2018-08-16,987655
2018-08-17,980238
2018-08-18,903002
2018-08-19,854161
2018-08-20,921560
2018-08-21,989743
2018-08-22,1.01489e+06
2018-08-23,990356
2018-08-24,969004
2018-08-25,876838
2018-08-26,799649
2018-08-27,946390
2018-08-28,987208
2018-08-29,954547
2018-08-30,954193
2018-08-31,978011
2018-09-01,866727
2018-09-02,789514
2018-09-03,969986
2018-09-04,976162
2018-09-05,975372
2018-09-06,1.00868e+06
2018-09-07,998770
2018-09-08,872085
2018-09-09,839215
2018-09-10,997564
2018-09-11,1.00169e+06
2018-09-12,1.04852e+06
2018-09-13,1.05964e+06
2018-09-14,1.05121e+06
2018-09-15,929566
2018-09-16,904128
2018-09-17,1.04446e+06
2018-09-18,1.02607e+06
2018-09-19,1.03779e+06
2018-09-20,1.0474e+06
2018-09-21,1.01616e+06
2018-09-22,950217
2018-09-23,966329
2018-09-24,1.05908e+06
2018-09-25,1.113e+06
2018-09-26,1.07500e+06
2018-09-27,1.12428e+06
2018-09-28,1.14319e+06
2018-09-29,1.05304e+06
2018-09-30,1.00008e+06
2018-10-01,1.13608e+06
2018-10-02,1.12450e+06
2018-10-03,1.12709e+06
2018-10-04,739636
2018-10-05,1.1467e+06
2018-10-06,1.07424e+06
2018-10-07,1.04717e+06
2018-10-08,1.17769e+06
2018-10-09,1.13168e+06
2018-10-10,1.10609e+06
2018-10-11,1.09705e+06
2018-10-12,1.10558e+06
2018-10-13,1.00846e+06
2018-10-14,963370
2018-10-15,1.09968e+06
2018-10-16,1.12469e+06
2018-10-17,1.12368e+06
2018-10-18,1.15411e+06
2018-10-19,1.17228e+06
2018-10-20,1.10602e+06
2018-10-21,1.06706e+06
2018-10-22,1.1801e+06
2018-10-23,1.16481e+06
2018-10-24,1.21104e+06
2018-10-25,1.20766e+06
2018-10-26,1.26369e+06
2018-10-27,1.2056e+06
2018-10-28,1.17987e+06
2018-10-29,1.3229e+06
2018-10-30,1.2474e+06
2018-10-31,1.23966e+06
2018-11-01,1.17481e+06
2018-11-02,1.19636e+06
2018-11-03,1.13724e+06
2018-11-04,1.09104e+06
2018-11-05,1.19836e+06
2018-11-06,1.20215e+06
2018-11-07,1.20082e+06
2018-11-08,1.2197e+06
2018-11-09,1.22467e+06
2018-11-10,1.08944e+06
2018-11-11,1.0409e+06
2018-11-12,1.21366e+06
2018-11-13,1.20222e+06
2018-11-14,1.24738e+06
2018-11-15,1.20258e+06
2018-11-16,1.22048e+06
2018-11-17,1.12e+06
2018-11-18,1.14182e+06
2018-11-19,1.27077e+06
2018-11-20,1.30058e+06
2018-11-21,1.34142e+06
2018-11-22,1.40438e+06
2018-11-23,1.42058e+06
2018-11-24,1.32966e+06
2018-11-25,1.33207e+06
2018-11-26,1.40842e+06
2018-11-27,1.40771e+06
2018-11-28,1.45975e+06
2018-11-29,1.40273e+06
2018-11-30,1.35811e+06
2018-12-01,1.23131e+06
2018-12-02,1.13327e+06
2018-12-03,1.28159e+06
2018-12-04,1.32548e+06
2018-12-05,1.39013e+06
2018-12-06,1.36705e+06
2018-12-07,1.3029e+06
2018-12-08,1.185e+06
2018-12-09,1.13752e+06
2018-12-10,1.31696e+06
2018-12-11,1.37993e+06
2018-12-12,1.46345e+06
2018-12-13,1.49739e+06
2018-12-14,1.52209e+06
2018-12-15,1.38751e+06
2018-12-16,1.3354e+06
2018-12-17,1.40418e+06
2018-12-18,1.4365e+06
2018-12-19,1.42112e+06
2018-12-20,1.39949e+06
2018-12-21,1.32035e+06
2018-12-22,1.26039e+06
2018-12-23,1.25416e+06
2018-12-24,1.23611e+06
2018-12-25,1.1317e+06
2018-12-26,1.15667e+06
2018-12-27,1.24913e+06
2018-12-28,1.31066e+06
2018-12-29,1.21159e+06
2018-12-30,1.17576e+06
2018-12-31,1.2545e+06
2019-01-01,1.10437e+06
2019-01-02,1.30469e+06
2019-01-03,1.4e+06
2019-01-04,1.32077e+06
2019-01-05,1.20718e+06
2019-01-06,1.23022e+06
2019-01-07,1.34580e+06
2019-01-08,1.27547e+06
2019-01-09,1.38803e+06
2019-01-10,1.42989e+06
2019-01-11,1.37082e+06
2019-01-12,1.24080e+06
2019-01-13,1.19173e+06
2019-01-14,1.40661e+06
2019-01-15,1.41191e+06
2019-01-16,1.41399e+06
2019-01-17,1.44078e+06
2019-01-18,1.50184e+06
2019-01-19,1.3835e+06
2019-01-20,1.35047e+06
2019-01-21,1.53446e+06
2019-01-22,1.4678e+06
2019-01-23,1.4729e+06
2019-01-24,1.49414e+06
2019-01-25,1.50441e+06
2019-01-26,1.33869e+06
2019-01-27,1.3139e+06
2019-01-28,1.47408e+06
2019-01-29,1.49653e+06
2019-01-30,1.50451e+06
2019-01-31,1.5221e+06
2019-02-01,1.47839e+06
2019-02-02,1.34113e+06
2019-02-03,1.30221e+06
2019-02-04,1.45782e+06
2019-02-05,1.41695e+06
2019-02-06,1.41866e+06
2019-02-07,1.38974e+06
2019-02-08,1.34312e+06
2019-02-09,1.18979e+06
2019-02-10,1.13453e+06
2019-02-11,1.3189e+06
2019-02-12,1.37711e+06
2019-02-13,1.31474e+06
2019-02-14,1.32929e+06
2019-02-15,1.29806e+06
2019-02-16,1.17538e+06
2019-02-17,1.12076e+06
2019-02-18,1.24776e+06
2019-02-19,1.26873e+06
2019-02-20,1.29195e+06
2019-02-21,1.30864e+06
2019-02-22,1.3709e+06
2019-02-23,1.19033e+06
2019-02-24,1.13412e+06
2019-02-25,1.27659e+06
2019-02-26,1.24673e+06
2019-02-27,1.22717e+06
2019-02-28,1.25982e+06
2019-03-01,1.33396e+06
2019-03-02,1.22206e+06
2019-03-03,1.11671e+06
2019-03-04,1.24806e+06
2019-03-05,1.35704e+06
2019-03-06,1.37181e+06
2019-03-07,1.29992e+06
2019-03-08,1.26725e+06
2019-03-09,1.19555e+06
2019-03-10,1.16761e+06
2019-03-11,1.3439e+06
2019-03-12,1.34964e+06
2019-03-13,1.31916e+06
2019-03-14,1.29027e+06
2019-03-15,1.24639e+06
2019-03-16,1.10739e+06
2019-03-17,1.11389e+06
2019-03-18,1.22146e+06
2019-03-19,1.24823e+06
2019-03-20,1.20498e+06
2019-03-21,1.2093e+06
2019-03-22,1.17662e+06
2019-03-23,1.13786e+06
2019-03-24,1.08709e+06
2019-03-25,1.19438e+06
2019-03-26,1.18442e+06
2019-03-27,1.23127e+06
2019-03-28,1.22034e+06
2019-03-29,1.19114e+06
2019-03-30,1.08221e+06
2019-03-31,1.02784e+06
2019-04-01,1.19789e+06
2019-04-02,1.17364e+06
2019-04-03,1.20976e+06
2019-04-04,1.18994e+06
2019-04-05,1.17572e+06
2019-04-06,1.02932e+06
2019-04-07,990638
2019-04-08,1.19747e+06
2019-04-09,1.16749e+06
2019-04-10,1.22294e+06
2019-04-11,1.20927e+06
2019-04-12,1.20454e+06
2019-04-13,1.05176e+06
2019-04-14,1.00584e+06
2019-04-15,1.12877e+06
2019-04-16,1.11146e+06
2019-04-17,1.09039e+06
2019-04-18,997343
2019-04-19,901919
2019-04-20,858290
2019-04-21,848103
2019-04-22,827074
2019-04-23,981314
2019-04-24,1.00859e+06
2019-04-25,1.0199e+06
2019-04-26,1.03484e+06
2019-04-27,905873
2019-04-28,931822
2019-04-29,1.0471e+06
2019-04-30,1.00283e+06
2019-05-01,958706
2019-05-02,1.09294e+06
2019-05-03,1.10414e+06
2019-05-04,977877
2019-05-05,936735
2019-05-06,1.09509e+06
2019-05-07,1.12791e+06
2019-05-08,1.03318e+06
2019-05-09,1.06307e+06
2019-05-10,1.03284e+06
2019-05-11,899524
2019-05-12,921155
2019-05-13,993082
2019-05-14,984102
2019-05-15,953978
2019-05-16,965372
2019-05-17,953765
2019-05-18,842051
2019-05-19,825626
2019-05-20,973172
2019-05-21,947893
2019-05-22,960343
2019-05-23,1.00006e+06
2019-05-24,1.01983e+06
2019-05-25,909302
2019-05-26,854576
2019-05-27,1.01594e+06
2019-05-28,1.0671e+06
2019-05-29,1.05946e+06
2019-05-30,987147
2019-05-31,997070
2019-06-01,936879
2019-06-02,869720
2019-06-03,1.01834e+06
2019-06-04,993770
2019-06-05,1.00882e+06
2019-06-06,974709
2019-06-07,967101
2019-06-08,868109
2019-06-09,910481
2019-06-10,961381
2019-06-11,1.03823e+06
2019-06-12,1.03317e+06
2019-06-13,1.02656e+06
2019-06-14,998079
2019-06-15,898905
2019-06-16,882614
2019-06-17,986793
2019-06-18,989499
2019-06-19,992333
2019-06-20,976922
2019-06-21,927133
2019-06-22,876945
2019-06-23,832175
2019-06-24,960006
2019-06-25,1.00503e+06
2019-06-26,1.01350e+06
2019-06-27,1.01753e+06
2019-06-28,1.00243e+06
2019-06-29,908542
2019-06-30,862076
2019-07-01,1.02782e+06
2019-07-02,1.03214e+06
2019-07-03,1.03144e+06
2019-07-04,1.04457e+06
2019-07-05,1.02267e+06
2019-07-06,907812
2019-07-07,846703
2019-07-08,998568
2019-07-09,1.00744e+06
2019-07-10,982045
2019-07-11,978358
2019-07-12,959638
2019-07-13,851631
2019-07-14,792072
2019-07-15,948323
2019-07-16,952531
2019-07-17,942649
2019-07-18,944637
2019-07-19,936239
2019-07-20,800102
2019-07-21,782713
2019-07-22,886288
2019-07-23,891315
2019-07-24,883251
2019-07-25,892111
2019-07-26,888423
2019-07-27,797046
2019-07-28,791952
2019-07-29,892848
2019-07-30,914000
2019-07-31,913781
2019-08-01,888445
2019-08-02,886898
2019-08-03,760337
2019-08-04,753343
2019-08-05,896036
2019-08-06,903053
2019-08-07,906281
2019-08-08,890438
2019-08-09,886646
2019-08-10,770033
2019-08-11,777790
2019-08-12,926279
2019-08-13,903505
2019-08-14,896055
2019-08-15,880476
2019-08-16,898512
2019-08-17,810077
2019-08-18,784482
2019-08-19,905049
2019-08-20,961319
2019-08-21,945179
2019-08-22,950000
2019-08-23,956571
2019-08-24,806711
2019-08-25,788102
2019-08-26,956750
2019-08-27,957678
2019-08-28,953484
2019-08-29,961112
2019-08-30,955745
2019-08-31,827930
2019-09-01,810123
2019-09-02,957332
2019-09-03,984070
2019-09-04,988697
2019-09-05,982186
2019-09-06,1.00703e+06
2019-09-07,922520
2019-09-08,880789
2019-09-09,958524
2019-09-10,983116
2019-09-11,992757
2019-09-12,1.03352e+06
2019-09-13,1.01699e+06
2019-09-14,956503
2019-09-15,939172
2019-09-16,1.08379e+06
2019-09-17,1.07144e+06
2019-09-18,1.06755e+06
2019-09-19,1.07252e+06
2019-09-20,1.06947e+06
2019-09-21,884608
2019-09-22,857775
2019-09-23,1.06792e+06
2019-09-24,1.05141e+06
2019-09-25,1.04515e+06
2019-09-26,1.04702e+06
2019-09-27,1.01405e+06
2019-09-28,882770
2019-09-29,850959
2019-09-30,1.03016e+06
2019-10-01,1.08836e+06
2019-10-02,1.09688e+06
2019-10-03,1.09118e+06
2019-10-04,1.14735e+06
2019-10-05,1.06339e+06
2019-10-06,982709
2019-10-07,1.13871e+06
2019-10-08,1.13688e+06
2019-10-09,1.11031e+06
2019-10-10,1.07925e+06
2019-10-11,1.06895e+06
2019-10-12,980655
2019-10-13,947710
2019-10-14,1.11077e+06
2019-10-15,1.11752e+06
2019-10-16,1.0904e+06
2019-10-17,1.10579e+06
2019-10-18,1.04995e+06
2019-10-19,985416
2019-10-20,972308
2019-10-21,1.12819e+06
2019-10-22,1.14306e+06
2019-10-23,1.14286e+06
2019-10-24,1.12059e+06
2019-10-25,1.11329e+06
2019-10-26,1.0068e+06
2019-10-27,1.07387e+06
2019-10-28,1.20896e+06
2019-10-29,1.24956e+06
2019-10-30,1.26696e+06
2019-10-31,1.21878e+06
2019-11-01,1.15913e+06
2019-11-02,1.04423e+06
2019-11-03,1.05755e+06
2019-11-04,1.2627e+06
2019-11-05,1.32481e+06
2019-11-06,1.31016e+06
2019-11-07,1.29105e+06
2019-11-08,1.31232e+06
2019-11-09,1.16642e+06
2019-11-10,1.13955e+06
2019-11-11,1.29668e+06
2019-11-12,1.29868e+06
2019-11-13,1.26730e+06
2019-11-14,1.2297e+06
2019-11-15,1.27072e+06
2019-11-16,1.12948e+06
2019-11-17,1.08046e+06
2019-11-18,1.25058e+06
2019-11-19,1.24606e+06
2019-11-20,1.26322e+06
2019-11-21,1.25636e+06
2019-11-22,1.24747e+06
2019-11-23,1.10272e+06
2019-11-24,1.16333e+06
2019-11-25,1.30208e+06
2019-11-26,1.28345e+06
2019-11-27,1.27598e+06
2019-11-28,1.25902e+06
2019-11-29,1.32829e+06
2019-11-30,1.29474e+06
2019-12-01,1.28818e+06
2019-12-02,1.43790e+06
2019-12-03,1.42816e+06
2019-12-04,1.37186e+06
2019-12-05,1.33067e+06
2019-12-06,1.25122e+06
2019-12-07,1.13846e+06
2019-12-08,1.11693e+06
2019-12-09,1.30567e+06
2019-12-10,1.37953e+06
2019-12-11,1.37413e+06
2019-12-12,1.33585e+06
2019-12-13,1.34548e+06
2019-12-14,1.13829e+06
2019-12-15,1.13237e+06
2019-12-16,1.34415e+06
2019-12-17,1.28008e+06
2019-12-18,1.34864e+06
2019-12-19,1.32571e+06
2019-12-20,1.23223e+06
2019-12-21,1.08545e+06
2019-12-22,1.06946e+06
2019-12-23,1.13535e+06
2019-12-24,1.05983e+06
2019-12-25,1.05177e+06
2019-12-26,1.12524e+06
2019-12-27,1.26809e+06
2019-12-28,1.2366e+06
2019-12-29,1.16804e+06
2019-12-30,1.19951e+06
2019-12-31,1.20237e+06
2020-01-01,1.20913e+06
2020-01-02,1.26349e+06
2020-01-03,1.26368e+06
2020-01-04,1.2559e+06
2020-01-05,1.29141e+06
2020-01-06,1.29919e+06
2020-01-07,1.31895e+06
2020-01-08,1.3208e+06
2020-01-09,1.39347e+06
2020-01-10,1.40539e+06
2020-01-11,1.29578e+06
2020-01-12,1.19464e+06
2020-01-13,1.39361e+06
2020-01-14,1.34555e+06
2020-01-15,1.32295e+06
2020-01-16,1.36084e+06
2020-01-17,1.35679e+06
2020-01-18,1.24002e+06
2020-01-19,1.27784e+06
2020-01-20,1.37882e+06
2020-01-21,1.35528e+06
2020-01-22,1.38763e+06
2020-01-23,1.4172e+06
2020-01-24,1.37367e+06
2020-01-25,1.27929e+06
2020-01-26,1.22624e+06
2020-01-27,1.34506e+06
2020-01-28,1.35422e+06
2020-01-29,1.36772e+06
2020-01-30,1.34434e+06
2020-01-31,1.31912e+06
2020-02-01,1.15331e+06
2020-02-02,1.22083e+06
2020-02-03,1.36972e+06
2020-02-04,1.42147e+06
2020-02-05,1.43437e+06
2020-02-06,1.41595e+06
2020-02-07,1.39232e+06
2020-02-08,1.29402e+06
2020-02-09,1.1713e+06
2020-02-10,1.29268e+06
2020-02-11,1.32574e+06
2020-02-12,1.35237e+06
2020-02-13,1.40938e+06
2020-02-14,1.41092e+06
2020-02-15,1.28882e+06
2020-02-16,1.18592e+06
2020-02-17,1.27265e+06
2020-02-18,1.33704e+06
2020-02-19,1.35256e+06
2020-02-20,1.41138e+06
2020-02-21,1.34884e+06
2020-02-22,1.19431e+06
2020-02-23,1.23032e+06
2020-02-24,1.33895e+06
2020-02-25,1.40308e+06
2020-02-26,1.43998e+06
2020-02-27,1.42764e+06
2020-02-28,1.45208e+06
2020-02-29,1.3163e+06
2020-03-01,1.28862e+06
2020-03-02,1.40979e+06
2020-03-03,1.38555e+06
2020-03-04,1.42233e+06
2020-03-05,1.39011e+06
2020-03-06,1.43858e+06
2020-03-07,1.3414e+06
2020-03-08,1.2868e+06
2020-03-09,1.33958e+06
2020-03-10,1.35439e+06
2020-03-11,1.32822e+06
2020-03-12,1.32558e+06
2020-03-13,1.38216e+06
2020-03-14,1.35987e+06
2020-03-15,1.23709e+06
2020-03-16,1.3314e+06
2020-03-17,1.34371e+06
2020-03-18,1.32228e+06
2020-03-19,1.34453e+06
2020-03-20,1.36464e+06
2020-03-21,1.25225e+06
2020-03-22,1.20553e+06
2020-03-23,1.3563e+06
2020-03-24,1.34239e+06
2020-03-25,1.31132e+06
2020-03-26,1.28127e+06
2020-03-27,1.26806e+06
2020-03-28,1.21378e+06
2020-03-29,1.15804e+06
2020-03-30,620040
2020-03-31,1.32989e+06
2020-04-01,1.30185e+06
2020-04-02,1.29909e+06
2020-04-03,1.31183e+06
2020-04-04,1.24492e+06
2020-04-05,1.14233e+06
2020-04-06,1.16872e+06
2020-04-07,1.18982e+06
2020-04-08,1.17543e+06
2020-04-09,1.17179e+06
2020-04-10,1.14049e+06
2020-04-11,1.12606e+06
2020-04-12,1.10848e+06
2020-04-13,1.08044e+06
2020-04-14,1.24612e+06
2020-04-15,1.20163e+06
2020-04-16,1.19608e+06
2020-04-17,1.18003e+06
2020-04-18,1.12403e+06
2020-04-19,1.02668e+06
2020-04-20,1.06526e+06
2020-04-21,1.05935e+06
2020-04-22,1.05502e+06
2020-04-23,1.07881e+06
2020-04-24,1.10507e+06
2020-04-25,1.05867e+06
2020-04-26,1.05142e+06
2020-04-27,1.14463e+06
2020-04-28,1.15374e+06
2020-04-29,1.17218e+06
2020-04-30,1.1972e+06
2020-05-01,1.04168e+06
2020-05-02,1.03856e+06
2020-05-03,1.04561e+06
2020-05-04,1.12119e+06
2020-05-05,1.10712e+06
2020-05-06,1.09897e+06
2020-05-07,1.08880e+06
2020-05-08,1.08636e+06
2020-05-09,1.00474e+06
2020-05-10,1.01503e+06
2020-05-11,1.09902e+06
2020-05-12,1.16367e+06
2020-05-13,1.12792e+06
2020-05-14,1.13843e+06
2020-05-15,1.13435e+06
2020-05-16,1.04307e+06
2020-05-17,990500
2020-05-18,1.09525e+06
2020-05-19,1.10407e+06
2020-05-20,1.0588e+06
2020-05-21,990512
2020-05-22,1.02296e+06
2020-05-23,939699
2020-05-24,862887
2020-05-25,994039
2020-05-26,956095
2020-05-27,985621
2020-05-28,979074
2020-05-29,964929
2020-05-30,897306
2020-05-31,820654
2020-06-01,884881
2020-06-02,919452
2020-06-03,929553
2020-06-04,972870
2020-06-05,958852
2020-06-06,905235
2020-06-07,904002
2020-06-08,950237
2020-06-09,946147
2020-06-10,951472
2020-06-11,990531
2020-06-12,970482
2020-06-13,896994
2020-06-14,896759
2020-06-15,938671
2020-06-16,938724
2020-06-17,920723
2020-06-18,911550
2020-06-19,864668
2020-06-20,835861
2020-06-21,812860
2020-06-22,919459
2020-06-23,908528
2020-06-24,900062
2020-06-25,905726
2020-06-26,915301
2020-06-27,843019
2020-06-28,850193
2020-06-29,963728
2020-06-30,985041
2020-07-01,978586
2020-07-02,963881
2020-07-03,937241
2020-07-04,870563
2020-07-05,809427
2020-07-06,951496
2020-07-07,994894
2020-07-08,1.01246e+06
2020-07-09,968607
2020-07-10,955011
2020-07-11,914505
2020-07-12,916368
2020-07-13,940142
2020-07-14,941695
2020-07-15,926249
2020-07-16,923509
2020-07-17,900040
2020-07-18,899788
2020-07-19,863083
2020-07-20,964522
2020-07-21,980037
2020-07-22,976908
2020-07-23,959838
2020-07-24,983627
2020-07-25,905451
2020-07-26,892298
2020-07-27,953502
2020-07-28,979241
2020-07-29,989231
2020-07-30,1.02009e+06
2020-07-31,964845
2020-08-01,911160
2020-08-02,880357
2020-08-03,954702
2020-08-04,948581
2020-08-05,996139
2020-08-06,969390
2020-08-07,944950
2020-08-08,883719
2020-08-09,881237
2020-08-10,971960
2020-08-11,968953
2020-08-12,967217
2020-08-13,964995
2020-08-14,940207
2020-08-15,862444
2020-08-16,845265
2020-08-17,947885
2020-08-18,920155
2020-08-19,919679
2020-08-20,935852
2020-08-21,968339
2020-08-22,917588
2020-08-23,882487
2020-08-24,943024
2020-08-25,944490
2020-08-26,941418
2020-08-27,959452
2020-08-28,965217
2020-08-29,899106
2020-08-30,881259
2020-08-31,966799
2020-09-01,974996
2020-09-02,982123
2020-09-03,988053
2020-09-04,1.01758e+06
2020-09-05,941011
2020-09-06,946234
2020-09-07,989950
2020-09-08,1.04738e+06
2020-09-09,1.06778e+06
2020-09-10,1.07238e+06
2020-09-11,1.05296e+06
2020-09-12,982520
2020-09-13,950466
2020-09-14,1.04157e+06
2020-09-15,997495
2020-09-16,1.05656e+06
2020-09-17,1.05131e+06
2020-09-18,1.05232e+06
2020-09-19,952395
2020-09-20,936577
2020-09-21,1.03988e+06
2020-09-22,1.04498e+06
2020-09-23,1.06596e+06
2020-09-24,1.05116e+06
2020-09-25,1.07081e+06
2020-09-26,968714
2020-09-27,961809
2020-09-28,1.049e+06
2020-09-29,1.03861e+06
2020-09-30,1.05694e+06
2020-10-01,1.08068e+06
2020-10-02,1.07211e+06
2020-10-03,973623
2020-10-04,952282
2020-10-05,1.07911e+06
2020-10-06,1.08813e+06
2020-10-07,1.09309e+06
2020-10-08,1.09607e+06
2020-10-09,1.11924e+06
2020-10-10,1.04146e+06
2020-10-11,1.02963e+06
2020-10-12,1.13377e+06
2020-10-13,1.13008e+06
2020-10-14,1.16599e+06
2020-10-15,1.19856e+06
2020-10-16,1.20118e+06
2020-10-17,1.13325e+06
2020-10-18,1.12293e+06
2020-10-19,1.26505e+06
2020-10-20,1.27098e+06
2020-10-21,1.21645e+06
2020-10-22,1.19952e+06
2020-10-23,1.24258e+06
2020-10-24,1.15897e+06
2020-10-25,1.11137e+06
2020-10-26,1.2029e+06
2020-10-27,1.182e+06
2020-10-28,1.17646e+06
2020-10-29,1.19789e+06
2020-10-30,1.21462e+06
2020-10-31,1.14133e+06
2020-11-01,1.0802e+06
2020-11-02,1.13652e+06
2020-11-03,1.18913e+06
2020-11-04,1.23623e+06
2020-11-05,1.22862e+06
2020-11-06,1.18726e+06
2020-11-07,1.13262e+06
2020-11-08,1.13466e+06
2020-11-09,930771
2020-11-10,1.24807e+06
2020-11-11,1.22596e+06
2020-11-12,1.26263e+06
2020-11-13,1.22323e+06
2020-11-14,1.1361e+06
2020-11-15,1.08264e+06
2020-11-16,1.17598e+06
2020-11-17,1.20720e+06
2020-11-18,1.19492e+06
2020-11-19,1.27535e+06
2020-11-20,1.33451e+06
2020-11-21,1.2241e+06
2020-11-22,1.17406e+06
2020-11-23,1.28165e+06
2020-11-24,1.29648e+06
2020-11-25,1.28955e+06
2020-11-26,1.32748e+06
2020-11-27,1.35297e+06
2020-11-28,1.30604e+06
2020-11-29,1.28678e+06
2020-11-30,1.38935e+06
2020-12-01,1.34885e+06
2020-12-02,1.38411e+06
2020-12-03,1.41648e+06
2020-12-04,1.39292e+06
2020-12-05,1.30419e+06
2020-12-06,1.25028e+06
2020-12-07,1.33884e+06
2020-12-08,1.39378e+06
2020-12-09,1.42245e+06
2020-12-10,1.41065e+06
2020-12-11,1.4069e+06
2020-12-12,1.30832e+06
2020-12-13,1.28047e+06
2020-12-14,1.35831e+06
2020-12-15,1.36112e+06
2020-12-16,1.35532e+06
2020-12-17,1.36922e+06
2020-12-18,1.35528e+06
2020-12-19,1.22599e+06
2020-12-20,1.21417e+06
2020-12-21,1.2931e+06
2020-12-22,1.27432e+06
2020-12-23,1.35433e+06
2020-12-24,1.26651e+06
2020-12-25,1.32625e+06
2020-12-26,1.27082e+06
2020-12-27,1.1446e+06
2020-12-28,1.38558e+06
2020-12-29,1.3885e+06
2020-12-30,1.36382e+06
2020-12-31,1.34029e+06
