Date,Wind DK
2014-01-01,46140
2014-01-02,61848
2014-01-03,62126
2014-01-04,64573
2014-01-05,31325
2014-01-06,72747
2014-01-07,82434
2014-01-08,73103
2014-01-09,62921
2014-01-10,71808
2014-01-11,65004
2014-01-12,60680
2014-01-13,48078
2014-01-14,7364
2014-01-15,40358
2014-01-16,85056
2014-01-17,60346
2014-01-18,79190
2014-01-19,105257
2014-01-20,86418
2014-01-21,48979
2014-01-22,72837
2014-01-23,85444
2014-01-24,79390
2014-01-25,83711
2014-01-26,84494
2014-01-27,73240
2014-01-28,69206
2014-01-29,72517
2014-01-30,56737
2014-01-31,40248
2014-02-01,65639
2014-02-02,54138
2014-02-03,24727
2014-02-04,32180
2014-02-05,38103
2014-02-06,61418
2014-02-07,72777
2014-02-08,72235
2014-02-09,83179
2014-02-10,40805
2014-02-11,21324
2014-02-12,57091
2014-02-13,70130
2014-02-14,47727
2014-02-15,98668
2014-02-16,92248
2014-02-17,51572
2014-02-18,28007
2014-02-19,9511
2014-02-20,38633
2014-02-21,39513
2014-02-22,74612
2014-02-23,80468
2014-02-24,64318
2014-02-25,39908
2014-02-26,17613
2014-02-27,28770
2014-02-28,14217
2014-03-01,4438
2014-03-02,33973
2014-03-03,59640
2014-03-04,11157
2014-03-05,4195
2014-03-06,40551
2014-03-07,79852
2014-03-08,38991
2014-03-09,61259
2014-03-10,27943
2014-03-11,7025
2014-03-12,10361
2014-03-13,22977
2014-03-14,55905
2014-03-15,92367
2014-03-16,85488
2014-03-17,85029
2014-03-18,54911
2014-03-19,73050
2014-03-20,87581
2014-03-21,56290
2014-03-22,48187
2014-03-23,22591
2014-03-24,3165
2014-03-25,26880
2014-03-26,56048
2014-03-27,18773
2014-03-28,19354
2014-03-29,13121
2014-03-30,1676
2014-03-31,4398
2014-04-01,21167
2014-04-02,32955
2014-04-03,24479
2014-04-04,64202
2014-04-05,28368
2014-04-06,28738
2014-04-07,26699
2014-04-08,59567
2014-04-09,70829
2014-04-10,5994
2014-04-11,10236
2014-04-12,37465
2014-04-13,78318
2014-04-14,72085
2014-04-15,48703
2014-04-16,9275
2014-04-17,65265
2014-04-18,39668
2014-04-19,12307
2014-04-20,36575
2014-04-21,44360
2014-04-22,34957
2014-04-23,29220
2014-04-24,31415
2014-04-25,24232
2014-04-26,28238
2014-04-27,25503
2014-04-28,7417
2014-04-29,5551
2014-04-30,12500
2014-05-01,30890
2014-05-02,10630
2014-05-03,34371
2014-05-04,21167
2014-05-05,5397
2014-05-06,37537
2014-05-07,10219
2014-05-08,21805
2014-05-09,7187
2014-05-10,18437
2014-05-11,31904
2014-05-12,26257
2014-05-13,46650
2014-05-14,34505
2014-05-15,6948
2014-05-16,6587
2014-05-17,3001
2014-05-18,7452
2014-05-19,5102
2014-05-20,6240
2014-05-21,20158
2014-05-22,30293
2014-05-23,11798
2014-05-24,7856
2014-05-25,6708
2014-05-26,7507
2014-05-27,52176
2014-05-28,58264
2014-05-29,18908
2014-05-30,28471
2014-05-31,41772
2014-06-01,4142
2014-06-02,2546
2014-06-03,4652
2014-06-04,12790
2014-06-05,23635
2014-06-06,28171
2014-06-07,3739
2014-06-08,8475
2014-06-09,6625
2014-06-10,17019
2014-06-11,11163
2014-06-12,38532
2014-06-13,53795
2014-06-14,19206
2014-06-15,9368
2014-06-16,23123
2014-06-17,11723
2014-06-18,21620
2014-06-19,74008
2014-06-20,48505
2014-06-21,60653
2014-06-22,61190
2014-06-23,44062
2014-06-24,6380
2014-06-25,3858
2014-06-26,3239
2014-06-27,5999
2014-06-28,5073
2014-06-29,12085
2014-06-30,16722
2014-07-01,11704
2014-07-02,26590
2014-07-03,46074
2014-07-04,18904
2014-07-05,19758
2014-07-06,15152
2014-07-07,19077
2014-07-08,23148
2014-07-09,47787
2014-07-10,29467
2014-07-11,17204
2014-07-12,5263
2014-07-13,12914
2014-07-14,40886
2014-07-15,28619
2014-07-16,12359
2014-07-17,3910
2014-07-18,2541
2014-07-19,17588
2014-07-20,39058
2014-07-21,26896
2014-07-22,13032
2014-07-23,9938
2014-07-24,10102
2014-07-25,16952
2014-07-26,12024
2014-07-27,4183
2014-07-28,5010
2014-07-29,7238
2014-07-30,13056
2014-07-31,27918
2014-08-01,13863
2014-08-02,40580
2014-08-03,11340
2014-08-04,7320
2014-08-05,5353
2014-08-06,9981
2014-08-07,11931
2014-08-08,3490
2014-08-09,58500
2014-08-10,47935
2014-08-11,70329
2014-08-12,50635
2014-08-13,37375
2014-08-14,37084
2014-08-15,22642
2014-08-16,55339
2014-08-17,54223
2014-08-18,57804
2014-08-19,77438
2014-08-20,73220
2014-08-21,40808
2014-08-22,34509
2014-08-23,35918
2014-08-24,59021
2014-08-25,33094
2014-08-26,8335
2014-08-27,9144
2014-08-28,5627
2014-08-29,17626
2014-08-30,16696
2014-08-31,15454
2014-09-01,13982
2014-09-02,5526
2014-09-03,6974
2014-09-04,15375
2014-09-05,9854
2014-09-06,13310
2014-09-07,5806
2014-09-08,36238
2014-09-09,49988
2014-09-10,26388
2014-09-11,10106
2014-09-12,5734
2014-09-13,15808
2014-09-14,39208
2014-09-15,52893
2014-09-16,40659
2014-09-17,31070
2014-09-18,29830
2014-09-19,14405
2014-09-20,2289
2014-09-21,39550
2014-09-22,56401
2014-09-23,9512
2014-09-24,27953
2014-09-25,45869
2014-09-26,50163
2014-09-27,49436
2014-09-28,24930
2014-09-29,3632
2014-09-30,11537
2014-10-01,9313
2014-10-02,4604
2014-10-03,7451
2014-10-04,39092
2014-10-05,26320
2014-10-06,67390
2014-10-07,74716
2014-10-08,54428
2014-10-09,53720
2014-10-10,53678
2014-10-11,11612
2014-10-12,12408
2014-10-13,18209
2014-10-14,22360
2014-10-15,25032
2014-10-16,10923
2014-10-17,11456
2014-10-18,40194
2014-10-19,60523
2014-10-20,66497
2014-10-21,36043
2014-10-22,24823
2014-10-23,27138
2014-10-24,63363
2014-10-25,36744
2014-10-26,71857
2014-10-27,74527
2014-10-28,61271
2014-10-29,29725
2014-10-30,7051
2014-10-31,17754
2014-11-01,33051
2014-11-02,56106
2014-11-03,65158
2014-11-04,25980
2014-11-05,18893
2014-11-06,18879
2014-11-07,36768
2014-11-08,45473
2014-11-09,40554
2014-11-10,22299
2014-11-11,28203
2014-11-12,60766
2014-11-13,19187
2014-11-14,48450
2014-11-15,84948
2014-11-16,86796
2014-11-17,42267
2014-11-18,40616
2014-11-19,24085
2014-11-20,2727
2014-11-21,1623
2014-11-22,28252
2014-11-23,54521
2014-11-24,48996
2014-11-25,12574
2014-11-26,20500
2014-11-27,54886
2014-11-28,73157
2014-11-29,56382
2014-11-30,55307
2014-12-01,57040
2014-12-02,14479
2014-12-03,3299
2014-12-04,16718
2014-12-05,18096
2014-12-06,25295
2014-12-07,69006
2014-12-08,32474
2014-12-09,40142
2014-12-10,85607
2014-12-11,67604
2014-12-12,55739
2014-12-13,63771
2014-12-14,72220
2014-12-15,65171
2014-12-16,54157
2014-12-17,37209
2014-12-18,61227
2014-12-19,76979
2014-12-20,86714
2014-12-21,71865
2014-12-22,74033
2014-12-23,56893
2014-12-24,40555
2014-12-25,36246
2014-12-26,11546
2014-12-27,11232
2014-12-28,15975
2014-12-29,19378
2014-12-30,36502
2014-12-31,47682
2015-01-01,85629
2015-01-02,96217
2015-01-03,77905
2015-01-04,61146
2015-01-05,20468
2015-01-06,42504
2015-01-07,52113
2015-01-08,73332
2015-01-09,85866
2015-01-10,64497
2015-01-11,81930
2015-01-12,89776
2015-01-13,48291
2015-01-14,54800
2015-01-15,87305
2015-01-16,81541
2015-01-17,55883
2015-01-18,23781
2015-01-19,8087
2015-01-20,12000
2015-01-21,2951
2015-01-22,1288
2015-01-23,16533
2015-01-24,53577
2015-01-25,19391
2015-01-26,49121
2015-01-27,43183
2015-01-28,77512
2015-01-29,56866
2015-01-30,7403
2015-01-31,15493
2015-02-01,31526
2015-02-02,22439
2015-02-03,20332
2015-02-04,16786
2015-02-05,7709
2015-02-06,23260
2015-02-07,87090
2015-02-08,72549
2015-02-09,68248
2015-02-10,56140
2015-02-11,17884
2015-02-12,8693
2015-02-13,15618
2015-02-14,29726
2015-02-15,73833
2015-02-16,65642
2015-02-17,27761
2015-02-18,78232
2015-02-19,84161
2015-02-20,54420
2015-02-21,14478
2015-02-22,42177
2015-02-23,64008
2015-02-24,64301
2015-02-25,25418
2015-02-26,46345
2015-02-27,13158
2015-02-28,45779
2015-03-01,74039
2015-03-02,46875
2015-03-03,39410
2015-03-04,28936
2015-03-05,26728
2015-03-06,38544
2015-03-07,76348
2015-03-08,60645
2015-03-09,19249
2015-03-10,63299
2015-03-11,27547
2015-03-12,6062
2015-03-13,26081
2015-03-14,38287
2015-03-15,43097
2015-03-16,61167
2015-03-17,37122
2015-03-18,15403
2015-03-19,5053
2015-03-20,17358
2015-03-21,42591
2015-03-22,17195
2015-03-23,44397
2015-03-24,3125
2015-03-25,33333
2015-03-26,23415
2015-03-27,8103
2015-03-28,44746
2015-03-29,33700
2015-03-30,72978
2015-03-31,50775
2015-04-01,81019
2015-04-02,57032
2015-04-03,27450
2015-04-04,14172
2015-04-05,13170
2015-04-06,6836
2015-04-07,51862
2015-04-08,29421
2015-04-09,8774
2015-04-10,4561
2015-04-11,41685
2015-04-12,72868
2015-04-13,81418
2015-04-14,55612
2015-04-15,65601
2015-04-16,73075
2015-04-17,40076
2015-04-18,12709
2015-04-19,16154
2015-04-20,18863
2015-04-21,51145
2015-04-22,18958
2015-04-23,50728
2015-04-24,20938
2015-04-25,35436
2015-04-26,12022
2015-04-27,19976
2015-04-28,19855
2015-04-29,40366
2015-04-30,19942
2015-05-01,4950
2015-05-02,13647
2015-05-03,33981
2015-05-04,36998
2015-05-05,58045
2015-05-06,57591
2015-05-07,69560
2015-05-08,15183
2015-05-09,45587
2015-05-10,51490
2015-05-11,53754
2015-05-12,39157
2015-05-13,77032
2015-05-14,16514
2015-05-15,8124
2015-05-16,46247
2015-05-17,75677
2015-05-18,31180
2015-05-19,45003
2015-05-20,17730
2015-05-21,10947
2015-05-22,36513
2015-05-23,39249
2015-05-24,26662
2015-05-25,14386
2015-05-26,48544
2015-05-27,48810
2015-05-28,52108
2015-05-29,34073
2015-05-30,65020
2015-05-31,58196
2015-06-01,59766
2015-06-02,74919
2015-06-03,80292
2015-06-04,21007
2015-06-05,27228
2015-06-06,49875
2015-06-07,58306
2015-06-08,29532
2015-06-09,5078
2015-06-10,24020
2015-06-11,16932
2015-06-12,2567
2015-06-13,9495
2015-06-14,53411
2015-06-15,48747
2015-06-16,29002
2015-06-17,40356
2015-06-18,54498
2015-06-19,43313
2015-06-20,23962
2015-06-21,9968
2015-06-22,10318
2015-06-23,12378
2015-06-24,64801
2015-06-25,35543
2015-06-26,8342
2015-06-27,12596
2015-06-28,18804
2015-06-29,17848
2015-06-30,12694
2015-07-01,10981
2015-07-02,49578
2015-07-03,13017
2015-07-04,5034
2015-07-05,4490
2015-07-06,62620
2015-07-07,22228
2015-07-08,62087
2015-07-09,85912
2015-07-10,71783
2015-07-11,5355
2015-07-12,8483
2015-07-13,9881
2015-07-14,22348
2015-07-15,44991
2015-07-16,24710
2015-07-17,24721
2015-07-18,53477
2015-07-19,20461
2015-07-20,16889
2015-07-21,45083
2015-07-22,17366
2015-07-23,41517
2015-07-24,9405
2015-07-25,45388
2015-07-26,71511
2015-07-27,23216
2015-07-28,23265
2015-07-29,45217
2015-07-30,40134
2015-07-31,65808
2015-08-01,10408
2015-08-02,9041
2015-08-03,26815
2015-08-04,26682
2015-08-05,11679
2015-08-06,15606
2015-08-07,6834
2015-08-08,12519
2015-08-09,5604
2015-08-10,6276
2015-08-11,7333
2015-08-12,12488
2015-08-13,10600
2015-08-14,64621
2015-08-15,20468
2015-08-16,17216
2015-08-17,62468
2015-08-18,71180
2015-08-19,32282
2015-08-20,12084
2015-08-21,15902
2015-08-22,18030
2015-08-23,42004
2015-08-24,49758
2015-08-25,51429
2015-08-26,45191
2015-08-27,44033
2015-08-28,31568
2015-08-29,24079
2015-08-30,2669
2015-08-31,15573
2015-09-01,33817
2015-09-02,65392
2015-09-03,38611
2015-09-04,19810
2015-09-05,57144
2015-09-06,61464
2015-09-07,18910
2015-09-08,12874
2015-09-09,3393
2015-09-10,11123
2015-09-11,44305
2015-09-12,43796
2015-09-13,42029
2015-09-14,44793
2015-09-15,48467
2015-09-16,39289
2015-09-17,73505
2015-09-18,62863
2015-09-19,28700
2015-09-20,34897
2015-09-21,9753
2015-09-22,26251
2015-09-23,4578
2015-09-24,37596
2015-09-25,32733
2015-09-26,26606
2015-09-27,11541
2015-09-28,2019
2015-09-29,803
2015-09-30,11111
2015-10-01,34228
2015-10-02,33076
2015-10-03,5551
2015-10-04,754
2015-10-05,11146
2015-10-06,73560
2015-10-07,78423
2015-10-08,43175
2015-10-09,22622
2015-10-10,20670
2015-10-11,21178
2015-10-12,22642
2015-10-13,30125
2015-10-14,40244
2015-10-15,48603
2015-10-16,34686
2015-10-17,14430
2015-10-18,8971
2015-10-19,2424
2015-10-20,2563
2015-10-21,28836
2015-10-22,59769
2015-10-23,54097
2015-10-24,34256
2015-10-25,41127
2015-10-26,9902
2015-10-27,23312
2015-10-28,52158
2015-10-29,11352
2015-10-30,11749
2015-10-31,20339
2015-11-01,6120
2015-11-02,5031
2015-11-03,1945
2015-11-04,3831
2015-11-05,8096
2015-11-06,13883
2015-11-07,41719
2015-11-08,43741
2015-11-09,70124
2015-11-10,63721
2015-11-11,44323
2015-11-12,49676
2015-11-13,59984
2015-11-14,59081
2015-11-15,7299
2015-11-16,43351
2015-11-17,27103
2015-11-18,54337
2015-11-19,52986
2015-11-20,14758
2015-11-21,21157
2015-11-22,45608
2015-11-23,20327
2015-11-24,65797
2015-11-25,18122
2015-11-26,17848
2015-11-27,68880
2015-11-28,62172
2015-11-29,71493
2015-11-30,66428
2015-12-01,46270
2015-12-02,47633
2015-12-03,34552
2015-12-04,82916
2015-12-05,85642
2015-12-06,88079
2015-12-07,26513
2015-12-08,44405
2015-12-09,57421
2015-12-10,82753
2015-12-11,55356
2015-12-12,33949
2015-12-13,18204
2015-12-14,14437
2015-12-15,14122
2015-12-16,33979
2015-12-17,39885
2015-12-18,60585
2015-12-19,67292
2015-12-20,72775
2015-12-21,73505
2015-12-22,78783
2015-12-23,75328
2015-12-24,69442
2015-12-25,72565
2015-12-26,24818
2015-12-27,74045
2015-12-28,38657
2015-12-29,83088
2015-12-30,76929
2015-12-31,65729
2016-01-01,14807
2016-01-02,83031
2016-01-03,90754
2016-01-04,80579
2016-01-05,62110
2016-01-06,42154
2016-01-07,66349
2016-01-08,50181
2016-01-09,23473
2016-01-10,50815
2016-01-11,15141
2016-01-12,23770
2016-01-13,16152
2016-01-14,22214
2016-01-15,13680
2016-01-16,8543
2016-01-17,8688
2016-01-18,26480
2016-01-19,35231
2016-01-20,6101
2016-01-21,10095
2016-01-22,35010
2016-01-23,18013
2016-01-24,34379
2016-01-25,42364
2016-01-26,78085
2016-01-27,91348
2016-01-28,84673
2016-01-29,92572
2016-01-30,75431
2016-01-31,68128
2016-02-01,64736
2016-02-02,93671
2016-02-03,81269
2016-02-04,58059
2016-02-05,34410
2016-02-06,70892
2016-02-07,75261
2016-02-08,83841
2016-02-09,49903
2016-02-10,13953
2016-02-11,4820
2016-02-12,6359
2016-02-13,9492
2016-02-14,45250
2016-02-15,31951
2016-02-16,14576
2016-02-17,48396
2016-02-18,12133
2016-02-19,19077
2016-02-20,70134
2016-02-21,52515
2016-02-22,65090
2016-02-23,63885
2016-02-24,56882
2016-02-25,23671
2016-02-26,24003
2016-02-27,6574
2016-02-28,2645
2016-02-29,2982
2016-03-01,46998
2016-03-02,36598
2016-03-03,13029
2016-03-04,16802
2016-03-05,41058
2016-03-06,9101
2016-03-07,7898
2016-03-08,6348
2016-03-09,24475
2016-03-10,12380
2016-03-11,3048
2016-03-12,1610
2016-03-13,6231
2016-03-14,7694
2016-03-15,15440
2016-03-16,4809
2016-03-17,19714
2016-03-18,8979
2016-03-19,24706
2016-03-20,37729
2016-03-21,57178
2016-03-22,24440
2016-03-23,22344
2016-03-24,13179
2016-03-25,25916
2016-03-26,44699
2016-03-27,57539
2016-03-28,73919
2016-03-29,54551
2016-03-30,23392
2016-03-31,32775
2016-04-01,13364
2016-04-02,22939
2016-04-03,12135
2016-04-04,17284
2016-04-05,6433
2016-04-06,45213
2016-04-07,55080
2016-04-08,37134
2016-04-09,7359
2016-04-10,22848
2016-04-11,30802
2016-04-12,26123
2016-04-13,7195
2016-04-14,4041
2016-04-15,14484
2016-04-16,31782
2016-04-17,80111
2016-04-18,76305
2016-04-19,92456
2016-04-20,50439
2016-04-21,55456
2016-04-22,45011
2016-04-23,20653
2016-04-24,13485
2016-04-25,17145
2016-04-26,45047
2016-04-27,41886
2016-04-28,15399
2016-04-29,43321
2016-04-30,28145
2016-05-01,3571
2016-05-02,23174
2016-05-03,29147
2016-05-04,9200
2016-05-05,4975
2016-05-06,27208
2016-05-07,44806
2016-05-08,38987
2016-05-09,30963
2016-05-10,19135
2016-05-11,29700
2016-05-12,24222
2016-05-13,20877
2016-05-14,36794
2016-05-15,45425
2016-05-16,57163
2016-05-17,50186
2016-05-18,15871
2016-05-19,3281
2016-05-20,27229
2016-05-21,19511
2016-05-22,27265
2016-05-23,7690
2016-05-24,21237
2016-05-25,29429
2016-05-26,9245
2016-05-27,4643
2016-05-28,9884
2016-05-29,23185
2016-05-30,54423
2016-05-31,37977
2016-06-01,26738
2016-06-02,25062
2016-06-03,11237
2016-06-04,3691
2016-06-05,6413
2016-06-06,18403
2016-06-07,12651
2016-06-08,33679
2016-06-09,19906
2016-06-10,36800
2016-06-11,7673
2016-06-12,10912
2016-06-13,36364
2016-06-14,29874
2016-06-15,4805
2016-06-16,1065
2016-06-17,11034
2016-06-18,48265
2016-06-19,54985
2016-06-20,44427
2016-06-21,13605
2016-06-22,9349
2016-06-23,11707
2016-06-24,12181
2016-06-25,11650
2016-06-26,34257
2016-06-27,39213
2016-06-28,9831
2016-06-29,20123
2016-06-30,27032
2016-07-01,35466
2016-07-02,45426
2016-07-03,41455
2016-07-04,23738
2016-07-05,14323
2016-07-06,71180
2016-07-07,44496
2016-07-08,16654
2016-07-09,33558
2016-07-10,26409
2016-07-11,43900
2016-07-12,38909
2016-07-13,26287
2016-07-14,31903
2016-07-15,54566
2016-07-16,37152
2016-07-17,21270
2016-07-18,19144
2016-07-19,5041
2016-07-20,9060
2016-07-21,17733
2016-07-22,7242
2016-07-23,2684
2016-07-24,3342
2016-07-25,9552
2016-07-26,12887
2016-07-27,16384
2016-07-28,7800
2016-07-29,5661
2016-07-30,15775
2016-07-31,11791
2016-08-01,30969
2016-08-02,10168
2016-08-03,36180
2016-08-04,49721
2016-08-05,25742
2016-08-06,56341
2016-08-07,47710
2016-08-08,73588
2016-08-09,70896
2016-08-10,57152
2016-08-11,26370
2016-08-12,32460
2016-08-13,61843
2016-08-14,38176
2016-08-15,18549
2016-08-16,7505
2016-08-17,7617
2016-08-18,19189
2016-08-19,3064
2016-08-20,17424
2016-08-21,18720
2016-08-22,19660
2016-08-23,7848
2016-08-24,11410
2016-08-25,20120
2016-08-26,33510
2016-08-27,9715
2016-08-28,26581
2016-08-29,59645
2016-08-30,31985
2016-08-31,18690
2016-09-01,20434
2016-09-02,29585
2016-09-03,28024
2016-09-04,12054
2016-09-05,10615
2016-09-06,25070
2016-09-07,12580
2016-09-08,12735
2016-09-09,11413
2016-09-10,20691
2016-09-11,25790
2016-09-12,13540
2016-09-13,17321
2016-09-14,17623
2016-09-15,15069
2016-09-16,27128
2016-09-17,26485
2016-09-18,13736
2016-09-19,2802
2016-09-20,4437
2016-09-21,4344
2016-09-22,8682
2016-09-23,18575
2016-09-24,15787
2016-09-25,34385
2016-09-26,6889
2016-09-27,25697
2016-09-28,76920
2016-09-29,81370
2016-09-30,57463
2016-10-01,10921
2016-10-02,12197
2016-10-03,41355
2016-10-04,35858
2016-10-05,47115
2016-10-06,56115
2016-10-07,42086
2016-10-08,39816
2016-10-09,33402
2016-10-10,34414
2016-10-11,51904
2016-10-12,44701
2016-10-13,47106
2016-10-14,73965
2016-10-15,76963
2016-10-16,32788
2016-10-17,36851
2016-10-18,19845
2016-10-19,22702
2016-10-20,34086
2016-10-21,47308
2016-10-22,44383
2016-10-23,24253
2016-10-24,13316
2016-10-25,4360
2016-10-26,23084
2016-10-27,39071
2016-10-28,77647
2016-10-29,71105
2016-10-30,10872
2016-10-31,11021
2016-11-01,66444
2016-11-02,47332
2016-11-03,11825
2016-11-04,19383
2016-11-05,31702
2016-11-06,64230
2016-11-07,39963
2016-11-08,15566
2016-11-09,25351
2016-11-10,15250
2016-11-11,10698
2016-11-12,24242
2016-11-13,33378
2016-11-14,57624
2016-11-15,51770
2016-11-16,44761
2016-11-17,50031
2016-11-18,66908
2016-11-19,54255
2016-11-20,66435
2016-11-21,34899
2016-11-22,38131
2016-11-23,29551
2016-11-24,19199
2016-11-25,24771
2016-11-26,73246
2016-11-27,46719
2016-11-28,24748
2016-11-29,58883
2016-11-30,71159
2016-12-01,87964
2016-12-02,31666
2016-12-03,14225
2016-12-04,28651
2016-12-05,47311
2016-12-06,9315
2016-12-07,60882
2016-12-08,68543
2016-12-09,53821
2016-12-10,57062
2016-12-11,41563
2016-12-12,16647
2016-12-13,11657
2016-12-14,5398
2016-12-15,20484
2016-12-16,10976
2016-12-17,18965
2016-12-18,15223
2016-12-19,12136
2016-12-20,19412
2016-12-21,65436
2016-12-22,53868
2016-12-23,66783
2016-12-24,78678
2016-12-25,68586
2016-12-26,66286
2016-12-27,63103
2016-12-28,26587
2016-12-29,44847
2016-12-30,57949
2016-12-31,77941
2017-01-01,39622
2017-01-02,25059
2017-01-03,70520
2017-01-04,74705
2017-01-05,27656
2017-01-06,37140
2017-01-07,46800
2017-01-08,10325
2017-01-09,45441
2017-01-10,61402
2017-01-11,88485
2017-01-12,76793
2017-01-13,14922
2017-01-14,42969
2017-01-15,17987
2017-01-16,7717
2017-01-17,16108
2017-01-18,46706
2017-01-19,39021
2017-01-20,39796
2017-01-21,9617
2017-01-22,4329
2017-01-23,12450
2017-01-24,17883
2017-01-25,23441
2017-01-26,14507
2017-01-27,28398
2017-01-28,21503
2017-01-29,32796
2017-01-30,19672
2017-01-31,26109
2017-02-01,32706
2017-02-02,44920
2017-02-03,37422
2017-02-04,24029
2017-02-05,26792
2017-02-06,45000
2017-02-07,67603
2017-02-08,55144
2017-02-09,22254
2017-02-10,49408
2017-02-11,68650
2017-02-12,51514
2017-02-13,9724
2017-02-14,8390
2017-02-15,8747
2017-02-16,44113
2017-02-17,15874
2017-02-18,37896
2017-02-19,57234
2017-02-20,86287
2017-02-21,83624
2017-02-22,94288
2017-02-23,46298
2017-02-24,41631
2017-02-25,54432
2017-02-26,50194
2017-02-27,64738
2017-02-28,84299
2017-03-01,71044
2017-03-02,38568
2017-03-03,49205
2017-03-04,37229
2017-03-05,47227
2017-03-06,68408
2017-03-07,18573
2017-03-08,32490
2017-03-09,31745
2017-03-10,42319
2017-03-11,7975
2017-03-12,30769
2017-03-13,16413
2017-03-14,55821
2017-03-15,83750
2017-03-16,58935
2017-03-17,68988
2017-03-18,56426
2017-03-19,36063
2017-03-20,36414
2017-03-21,80011
2017-03-22,41848
2017-03-23,8595
2017-03-24,13357
2017-03-25,37365
2017-03-26,7152
2017-03-27,18199
2017-03-28,6478
2017-03-29,17444
2017-03-30,34728
2017-03-31,27994
2017-04-01,10825
2017-04-02,11282
2017-04-03,12319
2017-04-04,15996
2017-04-05,65451
2017-04-06,62173
2017-04-07,71927
2017-04-08,39603
2017-04-09,36245
2017-04-10,87906
2017-04-11,74673
2017-04-12,74829
2017-04-13,70676
2017-04-14,41727
2017-04-15,39205
2017-04-16,15046
2017-04-17,28866
2017-04-18,27099
2017-04-19,8052
2017-04-20,47199
2017-04-21,75855
2017-04-22,75699
2017-04-23,67669
2017-04-24,71537
2017-04-25,31255
2017-04-26,9876
2017-04-27,19982
2017-04-28,20135
2017-04-29,16565
2017-04-30,35815
2017-05-01,68042
2017-05-02,55830
2017-05-03,48769
2017-05-04,65962
2017-05-05,41345
2017-05-06,4273
2017-05-07,9739
2017-05-08,55950
2017-05-09,16925
2017-05-10,19076
2017-05-11,9683
2017-05-12,65111
2017-05-13,28405
2017-05-14,7483
2017-05-15,7876
2017-05-16,35309
2017-05-17,16012
2017-05-18,39450
2017-05-19,4235
2017-05-20,27687
2017-05-21,16118
2017-05-22,2653
2017-05-23,16389
2017-05-24,52574
2017-05-25,42913
2017-05-26,14723
2017-05-27,11938
2017-05-28,45775
2017-05-29,14260
2017-05-30,16656
2017-05-31,89483
2017-06-01,51673
2017-06-02,8690
2017-06-03,12182
2017-06-04,23561
2017-06-05,33186
2017-06-06,54210
2017-06-07,61853
2017-06-08,54871
2017-06-09,20953
2017-06-10,20030
2017-06-11,32293
2017-06-12,73265
2017-06-13,77924
2017-06-14,30222
2017-06-15,12922
2017-06-16,76869
2017-06-17,44734
2017-06-18,25046
2017-06-19,13998
2017-06-20,58561
2017-06-21,28852
2017-06-22,10598
2017-06-23,32412
2017-06-24,59774
2017-06-25,76796
2017-06-26,81382
2017-06-27,19292
2017-06-28,39933
2017-06-29,48722
2017-06-30,32629
2017-07-01,26800
2017-07-02,69262
2017-07-03,63070
2017-07-04,48932
2017-07-05,20040
2017-07-06,5615
2017-07-07,1828
2017-07-08,34931
2017-07-09,22269
2017-07-10,3458
2017-07-11,18530
2017-07-12,41682
2017-07-13,58156
2017-07-14,13039
2017-07-15,6130
2017-07-16,46860
2017-07-17,48569
2017-07-18,26844
2017-07-19,13780
2017-07-20,29874
2017-07-21,15158
2017-07-22,24960
2017-07-23,34845
2017-07-24,8451
2017-07-25,23943
2017-07-26,6526
2017-07-27,18714
2017-07-28,22190
2017-07-29,47781
2017-07-30,34607
2017-07-31,29306
2017-08-01,6280
2017-08-02,18730
2017-08-03,41873
2017-08-04,72637
2017-08-05,57526
2017-08-06,54566
2017-08-07,30830
2017-08-08,19779
2017-08-09,48415
2017-08-10,22209
2017-08-11,6533
2017-08-12,21698
2017-08-13,50041
2017-08-14,11297
2017-08-15,35699
2017-08-16,9003
2017-08-17,31563
2017-08-18,20930
2017-08-19,42018
2017-08-20,52312
2017-08-21,57419
2017-08-22,23925
2017-08-23,3646
2017-08-24,34059
2017-08-25,43590
2017-08-26,5613
2017-08-27,8143
2017-08-28,6268
2017-08-29,26202
2017-08-30,9139
2017-08-31,24836
2017-09-01,12762
2017-09-02,5220
2017-09-03,3016
2017-09-04,10389
2017-09-05,13727
2017-09-06,27332
2017-09-07,37445
2017-09-08,38864
2017-09-09,9341
2017-09-10,40221
2017-09-11,71051
2017-09-12,60627
2017-09-13,53307
2017-09-14,30948
2017-09-15,31072
2017-09-16,5620
2017-09-17,2736
2017-09-18,1101
2017-09-19,23449
2017-09-20,11529
2017-09-21,4891
2017-09-22,5371
2017-09-23,1699
2017-09-24,12401
2017-09-25,36356
2017-09-26,32711
2017-09-27,42063
2017-09-28,50096
2017-09-29,51850
2017-09-30,65403
2017-10-01,32907
2017-10-02,75147
2017-10-03,74956
2017-10-04,77594
2017-10-05,54440
2017-10-06,50281
2017-10-07,45000
2017-10-08,31449
2017-10-09,16965
2017-10-10,23079
2017-10-11,49749
2017-10-12,89099
2017-10-13,42619
2017-10-14,52314
2017-10-15,37256
2017-10-16,21319
2017-10-17,72315
2017-10-18,22513
2017-10-19,29452
2017-10-20,47840
2017-10-21,37685
2017-10-22,24442
2017-10-23,20608
2017-10-24,50930
2017-10-25,60251
2017-10-26,64653
2017-10-27,67887
2017-10-28,88180
2017-10-29,75536
2017-10-30,39462
2017-10-31,23553
2017-11-01,57808
2017-11-02,51893
2017-11-03,26464
2017-11-04,40673
2017-11-05,26706
2017-11-06,22137
2017-11-07,23542
2017-11-08,10201
2017-11-09,56054
2017-11-10,70986
2017-11-11,71804
2017-11-12,35855
2017-11-13,19771
2017-11-14,51260
2017-11-15,22808
2017-11-16,44297
2017-11-17,63709
2017-11-18,78910
2017-11-19,65479
2017-11-20,15919
2017-11-21,13669
2017-11-22,78355
2017-11-23,92828
2017-11-24,29401
2017-11-25,26102
2017-11-26,70415
2017-11-27,59739
2017-11-28,31444
2017-11-29,5179
2017-11-30,8290
2017-12-01,14215
2017-12-02,37012
2017-12-03,59091
2017-12-04,45658
2017-12-05,86927
2017-12-06,93685
2017-12-07,98746
2017-12-08,84107
2017-12-09,77531
2017-12-10,37411
2017-12-11,25993
2017-12-12,50590
2017-12-13,75464
2017-12-14,45127
2017-12-15,18333
2017-12-16,25232
2017-12-17,23864
2017-12-18,33552
2017-12-19,8760
2017-12-20,28789
2017-12-21,44210
2017-12-22,55033
2017-12-23,92251
2017-12-24,77799
2017-12-25,87009
2017-12-26,88105
2017-12-27,40184
2017-12-28,34292
2017-12-29,48896
2017-12-30,36035
2017-12-31,47581
2018-01-01,60978
2018-01-02,33684
2018-01-03,48198
2018-01-04,20719
2018-01-05,8530
2018-01-06,13830
2018-01-07,13737
2018-01-08,14870
2018-01-09,72771
2018-01-10,27283
2018-01-11,12554
2018-01-12,34390
2018-01-13,48043
2018-01-14,54088
2018-01-15,90189
2018-01-16,45746
2018-01-17,23949
2018-01-18,15551
2018-01-19,6856
2018-01-20,12874
2018-01-21,5590
2018-01-22,30588
2018-01-23,50262
2018-01-24,91490
2018-01-25,62898
2018-01-26,13492
2018-01-27,48415
2018-01-28,78595
2018-01-29,88681
2018-01-30,76200
2018-01-31,72244
2018-02-01,70564
2018-02-02,50827
2018-02-03,35629
2018-02-04,57515
2018-02-05,7486
2018-02-06,3132
2018-02-07,20005
2018-02-08,38991
2018-02-09,53181
2018-02-10,34515
2018-02-11,86806
2018-02-12,83765
2018-02-13,29447
2018-02-14,46840
2018-02-15,85153
2018-02-16,44479
2018-02-17,5240
2018-02-18,27020
2018-02-19,8402
2018-02-20,13903
2018-02-21,4558
2018-02-22,7180
2018-02-23,4112
2018-02-24,25970
2018-02-25,33837
2018-02-26,46487
2018-02-27,83235
2018-02-28,86282
2018-03-01,79741
2018-03-02,67586
2018-03-03,41192
2018-03-04,58137
2018-03-05,61783
2018-03-06,17022
2018-03-07,18977
2018-03-08,7962
2018-03-09,10273
2018-03-10,41492
2018-03-11,46250
2018-03-12,10074
2018-03-13,18111
2018-03-14,9591
2018-03-15,83402
2018-03-16,100418
2018-03-17,88219
2018-03-18,50381
2018-03-19,30846
2018-03-20,38001
2018-03-21,47942
2018-03-22,24207
2018-03-23,19945
2018-03-24,16042
2018-03-25,3847
2018-03-26,11063
2018-03-27,20096
2018-03-28,93691
2018-03-29,62850
2018-03-30,21335
2018-03-31,49703
2018-04-01,30290
2018-04-02,12124
2018-04-03,47703
2018-04-04,31719
2018-04-05,60276
2018-04-06,49113
2018-04-07,50795
2018-04-08,11169
2018-04-09,11896
2018-04-10,76259
2018-04-11,83930
2018-04-12,90410
2018-04-13,78104
2018-04-14,20742
2018-04-15,4931
2018-04-16,4735
2018-04-17,15589
2018-04-18,26172
2018-04-19,11684
2018-04-20,35994
2018-04-21,30625
2018-04-22,13917
2018-04-23,63731
2018-04-24,72530
2018-04-25,35952
2018-04-26,49006
2018-04-27,31402
2018-04-28,8144
2018-04-29,7076
2018-04-30,55712
2018-05-01,36786
2018-05-02,48162
2018-05-03,43888
2018-05-04,7289
2018-05-05,6767
2018-05-06,7060
2018-05-07,18773
2018-05-08,35530
2018-05-09,49033
2018-05-10,36135
2018-05-11,14329
2018-05-12,6353
2018-05-13,32868
2018-05-14,23858
2018-05-15,7356
2018-05-16,29372
2018-05-17,31802
2018-05-18,17889
2018-05-19,3935
2018-05-20,8627
2018-05-21,27755
2018-05-22,14120
2018-05-23,4280
2018-05-24,26659
2018-05-25,27037
2018-05-26,10682
2018-05-27,29265
2018-05-28,28157
2018-05-29,28368
2018-05-30,43842
2018-05-31,39815
2018-06-01,18559
2018-06-02,3975
2018-06-03,17162
2018-06-04,36465
2018-06-05,15937
2018-06-06,13853
2018-06-07,10709
2018-06-08,3754
2018-06-09,4178
2018-06-10,9330
2018-06-11,70027
2018-06-12,35938
2018-06-13,51970
2018-06-14,63829
2018-06-15,19474
2018-06-16,11273
2018-06-17,38346
2018-06-18,42654
2018-06-19,59890
2018-06-20,60867
2018-06-21,74588
2018-06-22,76039
2018-06-23,78214
2018-06-24,30338
2018-06-25,25843
2018-06-26,6796
2018-06-27,3134
2018-06-28,8812
2018-06-29,32798
2018-06-30,14612
2018-07-01,13226
2018-07-02,14268
2018-07-03,15625
2018-07-04,9313
2018-07-05,27124
2018-07-06,74781
2018-07-07,65209
2018-07-08,30404
2018-07-09,70072
2018-07-10,25995
2018-07-11,15308
2018-07-12,6863
2018-07-13,29351
2018-07-14,31535
2018-07-15,12338
2018-07-16,5211
2018-07-17,3943
2018-07-18,23008
2018-07-19,25962
2018-07-20,21742
2018-07-21,10343
2018-07-22,14359
2018-07-23,18956
2018-07-24,3960
2018-07-25,6080
2018-07-26,8590
2018-07-27,28262
2018-07-28,44302
2018-07-29,13364
2018-07-30,13806
2018-07-31,26423
2018-08-01,4264
2018-08-02,2706
2018-08-03,5599
2018-08-04,33032
2018-08-05,67649
2018-08-06,21657
2018-08-07,10766
2018-08-08,34509
2018-08-09,17342
2018-08-10,80306
2018-08-11,49170
2018-08-12,27471
2018-08-13,17487
2018-08-14,14799
2018-08-15,18247
2018-08-16,47077
2018-08-17,20258
2018-08-18,57772
2018-08-19,33122
2018-08-20,53640
2018-08-21,13346
2018-08-22,40911
2018-08-23,20810
2018-08-24,36888
2018-08-25,23091
2018-08-26,33898
2018-08-27,62549
2018-08-28,21808
2018-08-29,12197
2018-08-30,25460
2018-08-31,24022
2018-09-01,4626
2018-09-02,4524
2018-09-03,17542
2018-09-04,4556
2018-09-05,1698
2018-09-06,28627
2018-09-07,36649
2018-09-08,59589
2018-09-09,42393
2018-09-10,41743
2018-09-11,61427
2018-09-12,66470
2018-09-13,30731
2018-09-14,46168
2018-09-15,33352
2018-09-16,45581
2018-09-17,25297
2018-09-18,52564
2018-09-19,62926
2018-09-20,46845
2018-09-21,88099
2018-09-22,85025
2018-09-23,66592
2018-09-24,76447
2018-09-25,38630
2018-09-26,94206
2018-09-27,81119
2018-09-28,75614
2018-09-29,50513
2018-09-30,49636
2018-10-01,39226
2018-10-02,77151
2018-10-03,66535
2018-10-04,35768
2018-10-05,37956
2018-10-06,14174
2018-10-07,22041
2018-10-08,67659
2018-10-09,57782
2018-10-10,18730
2018-10-11,51861
2018-10-12,43448
2018-10-13,56748
2018-10-14,50940
2018-10-15,14478
2018-10-16,4174
2018-10-17,11512
2018-10-18,25032
2018-10-19,8503
2018-10-20,24160
2018-10-21,44615
2018-10-22,72831
2018-10-23,101621
2018-10-24,64527
2018-10-25,87685
2018-10-26,41099
2018-10-27,62174
2018-10-28,43960
2018-10-29,84515
2018-10-30,76647
2018-10-31,52625
2018-11-01,36686
2018-11-02,49422
2018-11-03,32728
2018-11-04,32990
2018-11-05,14445
2018-11-06,15349
2018-11-07,20387
2018-11-08,9998
2018-11-09,16925
2018-11-10,59861
2018-11-11,52705
2018-11-12,20869
2018-11-13,39735
2018-11-14,30138
2018-11-15,26538
2018-11-16,35792
2018-11-17,15971
2018-11-18,28767
2018-11-19,66255
2018-11-20,80204
2018-11-21,77993
2018-11-22,24816
2018-11-23,8617
2018-11-24,12156
2018-11-25,32259
2018-11-26,11296
2018-11-27,9357
2018-11-28,71940
2018-11-29,90003
2018-11-30,76769
2018-12-01,40310
2018-12-02,47082
2018-12-03,65619
2018-12-04,89749
2018-12-05,24942
2018-12-06,37677
2018-12-07,57386
2018-12-08,86019
2018-12-09,58706
2018-12-10,87264
2018-12-11,47559
2018-12-12,13096
2018-12-13,25755
2018-12-14,28525
2018-12-15,29286
2018-12-16,50414
2018-12-17,7650
2018-12-18,24752
2018-12-19,61050
2018-12-20,31210
2018-12-21,50206
2018-12-22,12398
2018-12-23,10829
2018-12-24,34802
2018-12-25,89637
2018-12-26,55898
2018-12-27,61549
2018-12-28,40264
2018-12-29,49214
2018-12-30,48751
2018-12-31,51024
2019-01-01,85571
2019-01-02,53495
2019-01-03,26736
2019-01-04,80281
2019-01-05,31951
2019-01-06,15142
2019-01-07,50656
2019-01-08,97063
2019-01-09,78074
2019-01-10,17586
2019-01-11,74774
2019-01-12,61076
2019-01-13,87439
2019-01-14,99980
2019-01-15,77344
2019-01-16,88104
2019-01-17,51482
2019-01-18,24366
2019-01-19,18969
2019-01-20,12913
2019-01-21,42540
2019-01-22,35049
2019-01-23,30942
2019-01-24,11161
2019-01-25,20012
2019-01-26,28929
2019-01-27,50339
2019-01-28,27895
2019-01-29,19994
2019-01-30,41508
2019-01-31,51201
2019-02-01,33932
2019-02-02,17477
2019-02-03,18153
2019-02-04,78239
2019-02-05,79542
2019-02-06,39030
2019-02-07,65062
2019-02-08,89503
2019-02-09,94021
2019-02-10,45649
2019-02-11,76601
2019-02-12,44248
2019-02-13,63892
2019-02-14,32658
2019-02-15,32743
2019-02-16,60102
2019-02-17,26891
2019-02-18,39963
2019-02-19,82790
2019-02-20,45591
2019-02-21,42156
2019-02-22,30845
2019-02-23,20386
2019-02-24,20386
2019-02-25,22200
2019-02-26,12166
2019-02-27,36987
2019-02-28,25621
2019-03-01,6685
2019-03-02,31183
2019-03-03,61333
2019-03-04,72509
2019-03-05,54745
2019-03-06,52263
2019-03-07,72086
2019-03-08,91393
2019-03-09,97748
2019-03-10,45763
2019-03-11,10472
2019-03-12,71193
2019-03-13,80646
2019-03-14,49973
2019-03-15,57399
2019-03-16,67462
2019-03-17,98933
2019-03-18,74507
2019-03-19,17947
2019-03-20,48666
2019-03-21,62284
2019-03-22,26999
2019-03-23,55252
2019-03-24,51935
2019-03-25,50667
2019-03-26,60008
2019-03-27,60783
2019-03-28,37299
2019-03-29,67934
2019-03-30,44082
2019-03-31,55241
2019-04-01,10948
2019-04-02,71822
2019-04-03,28653
2019-04-04,34388
2019-04-05,34712
2019-04-06,18510
2019-04-07,11895
2019-04-08,32476
2019-04-09,29216
2019-04-10,22939
2019-04-11,10885
2019-04-12,16376
2019-04-13,34275
2019-04-14,44765
2019-04-15,34791
2019-04-16,47563
2019-04-17,41776
2019-04-18,27428
2019-04-19,16246
2019-04-20,3372
2019-04-21,3313
2019-04-22,42500
2019-04-23,78282
2019-04-24,75503
2019-04-25,31572
2019-04-26,25138
2019-04-27,10798
2019-04-28,6348
2019-04-29,12325
2019-04-30,19730
2019-05-01,81482
2019-05-02,94423
2019-05-03,70602
2019-05-04,42338
2019-05-05,48766
2019-05-06,73035
2019-05-07,61026
2019-05-08,21372
2019-05-09,27553
2019-05-10,31406
2019-05-11,43720
2019-05-12,57691
2019-05-13,36080
2019-05-14,3655
2019-05-15,6159
2019-05-16,42246
2019-05-17,53631
2019-05-18,21184
2019-05-19,18783
2019-05-20,10751
2019-05-21,13932
2019-05-22,46925
2019-05-23,34736
2019-05-24,59488
2019-05-25,56980
2019-05-26,44150
2019-05-27,51914
2019-05-28,52717
2019-05-29,29727
2019-05-30,68985
2019-05-31,13358
2019-06-01,49961
2019-06-02,25748
2019-06-03,27794
2019-06-04,8495
2019-06-05,27225
2019-06-06,39828
2019-06-07,11627
2019-06-08,67805
2019-06-09,60311
2019-06-10,23970
2019-06-11,38735
2019-06-12,27950
2019-06-13,28636
2019-06-14,18353
2019-06-15,31379
2019-06-16,25904
2019-06-17,17754
2019-06-18,18368
2019-06-19,14090
2019-06-20,15092
2019-06-21,18699
2019-06-22,11074
2019-06-23,7079
2019-06-24,26428
2019-06-25,23709
2019-06-26,41352
2019-06-27,58358
2019-06-28,14741
2019-06-29,18353
2019-06-30,50726
2019-07-01,71000
2019-07-02,84463
2019-07-03,63477
2019-07-04,79202
2019-07-05,38802
2019-07-06,61823
2019-07-07,66546
2019-07-08,34322
2019-07-09,34538
2019-07-10,23976
2019-07-11,3074
2019-07-12,2276
2019-07-13,16507
2019-07-14,17460
2019-07-15,27014
2019-07-16,22574
2019-07-17,4078
2019-07-18,7040
2019-07-19,6710
2019-07-20,25519
2019-07-21,43038
2019-07-22,29995
2019-07-23,16010
2019-07-24,8807
2019-07-25,19773
2019-07-26,22971
2019-07-27,52972
2019-07-28,36152
2019-07-29,7319
2019-07-30,12879
2019-07-31,22441
2019-08-01,4983
2019-08-02,2098
2019-08-03,4283
2019-08-04,8265
2019-08-05,3950
2019-08-06,23381
2019-08-07,23808
2019-08-08,41894
2019-08-09,23054
2019-08-10,64262
2019-08-11,69749
2019-08-12,56923
2019-08-13,31733
2019-08-14,24578
2019-08-15,30546
2019-08-16,24956
2019-08-17,59421
2019-08-18,18523
2019-08-19,52068
2019-08-20,30700
2019-08-21,18903
2019-08-22,40750
2019-08-23,36224
2019-08-24,7854
2019-08-25,13939
2019-08-26,13600
2019-08-27,16540
2019-08-28,13477
2019-08-29,13627
2019-08-30,28389
2019-08-31,21320
2019-09-01,28289
2019-09-02,42594
2019-09-03,58894
2019-09-04,46008
2019-09-05,62325
2019-09-06,57966
2019-09-07,21810
2019-09-08,7537
2019-09-09,5317
2019-09-10,41979
2019-09-11,64712
2019-09-12,50706
2019-09-13,53223
2019-09-14,53603
2019-09-15,94139
2019-09-16,74513
2019-09-17,79820
2019-09-18,63332
2019-09-19,20637
2019-09-20,44146
2019-09-21,14795
2019-09-22,17493
2019-09-23,58419
2019-09-24,10548
2019-09-25,22740
2019-09-26,40624
2019-09-27,30098
2019-09-28,53309
2019-09-29,35061
2019-09-30,69241
2019-10-01,36437
2019-10-02,49442
2019-10-03,14071
2019-10-04,35264
2019-10-05,35416
2019-10-06,21387
2019-10-07,9914
2019-10-08,45936
2019-10-09,39531
2019-10-10,46315
2019-10-11,67691
2019-10-12,70700
2019-10-13,32632
2019-10-14,48719
2019-10-15,37847
2019-10-16,5316
2019-10-17,19327
2019-10-18,38147
2019-10-19,56270
2019-10-20,13187
2019-10-21,9635
2019-10-22,34429
2019-10-23,26281
2019-10-24,40711
2019-10-25,67517
2019-10-26,56263
2019-10-27,73948
2019-10-28,33293
2019-10-29,8171
2019-10-30,13025
2019-10-31,14565
2019-11-01,38474
2019-11-02,33057
2019-11-03,17646
2019-11-04,72023
2019-11-05,41948
2019-11-06,5857
2019-11-07,13540
2019-11-08,20008
2019-11-09,8472
2019-11-10,11297
2019-11-11,52382
2019-11-12,75202
2019-11-13,47872
2019-11-14,22302
2019-11-15,80146
2019-11-16,35893
2019-11-17,31444
2019-11-18,37394
2019-11-19,38587
2019-11-20,10234
2019-11-21,24406
2019-11-22,36534
2019-11-23,76827
2019-11-24,77476
2019-11-25,23347
2019-11-26,16377
2019-11-27,33607
2019-11-28,32780
2019-11-29,61452
2019-11-30,26415
2019-12-01,25294
2019-12-02,40201
2019-12-03,49376
2019-12-04,54617
2019-12-05,85220
2019-12-06,96973
2019-12-07,79789
2019-12-08,87898
2019-12-09,85170
2019-12-10,60241
2019-12-11,59402
2019-12-12,34987
2019-12-13,67249
2019-12-14,47427
2019-12-15,80470
2019-12-16,58886
2019-12-17,23173
2019-12-18,50220
2019-12-19,57655
2019-12-20,64782
2019-12-21,33494
2019-12-22,34232
2019-12-23,29149
2019-12-24,26024
2019-12-25,17196
2019-12-26,11180
2019-12-27,10406
2019-12-28,25944
2019-12-29,76993
2019-12-30,83633
2019-12-31,64979
2020-01-01,68922
2020-01-02,86553
2020-01-03,69564
2020-01-04,81805
2020-01-05,47785
2020-01-06,55596
2020-01-07,62253
2020-01-08,78190
2020-01-09,44586
2020-01-10,39206
2020-01-11,78761
2020-01-12,52325
2020-01-13,48310
2020-01-14,84307
2020-01-15,76662
2020-01-16,71016
2020-01-17,54108
2020-01-18,70890
2020-01-19,50683
2020-01-20,61051
2020-01-21,86032
2020-01-22,48495
2020-01-23,51286
2020-01-24,58038
2020-01-25,40820
2020-01-26,50265
2020-01-27,52920
2020-01-28,49323
2020-01-29,69707
2020-01-30,65535
2020-01-31,78929
2020-02-01,96690
2020-02-02,57903
2020-02-03,31717
2020-02-04,56899
2020-02-05,55485
2020-02-06,61055
2020-02-07,17528
2020-02-08,54544
2020-02-09,97986
2020-02-10,93525
2020-02-11,88573
2020-02-12,80781
2020-02-13,34930
2020-02-14,21663
2020-02-15,74687
2020-02-16,103373
2020-02-17,90314
2020-02-18,73246
2020-02-19,45410
2020-02-20,74420
2020-02-21,76014
2020-02-22,100931
2020-02-23,83674
2020-02-24,42591
2020-02-25,66996
2020-02-26,29097
2020-02-27,11739
2020-02-28,47657
2020-02-29,75181
2020-03-01,93579
2020-03-02,27883
2020-03-03,15982
2020-03-04,18885
2020-03-05,9813
2020-03-06,43687
2020-03-07,24691
2020-03-08,98314
2020-03-09,21794
2020-03-10,59760
2020-03-11,80588
2020-03-12,83246
2020-03-13,59511
2020-03-14,30446
2020-03-15,89109
2020-03-16,34093
2020-03-17,60201
2020-03-18,54062
2020-03-19,29238
2020-03-20,39052
2020-03-21,21114
2020-03-22,29846
2020-03-23,41703
2020-03-24,54735
2020-03-25,42018
2020-03-26,13728
2020-03-27,10431
2020-03-28,40094
2020-03-29,74264
2020-03-30,48763
2020-03-31,40712
2020-04-01,81576
2020-04-02,85162
2020-04-03,75517
2020-04-04,25861
2020-04-05,38537
2020-04-06,45277
2020-04-07,26815
2020-04-08,23429
2020-04-09,44217
2020-04-10,17177
2020-04-11,21727
2020-04-12,57535
2020-04-13,71433
2020-04-14,52127
2020-04-15,76300
2020-04-16,53573
2020-04-17,10809
2020-04-18,13203
2020-04-19,13731
2020-04-20,9441
2020-04-21,30332
2020-04-22,17746
2020-04-23,7742
2020-04-24,36489
2020-04-25,15277
2020-04-26,10546
2020-04-27,12213
2020-04-28,8214
2020-04-29,30599
2020-04-30,50823
2020-05-01,14196
2020-05-02,11140
2020-05-03,39356
2020-05-04,33906
2020-05-05,25584
2020-05-06,59080
2020-05-07,33691
2020-05-08,31208
2020-05-09,7547
2020-05-10,40962
2020-05-11,50250
2020-05-12,58032
2020-05-13,15412
2020-05-14,52620
2020-05-15,72707
2020-05-16,90801
2020-05-17,80551
2020-05-18,33894
2020-05-19,45034
2020-05-20,5603
2020-05-21,3456
2020-05-22,55112
2020-05-23,47939
2020-05-24,64528
2020-05-25,32857
2020-05-26,4208
2020-05-27,39758
2020-05-28,22573
2020-05-29,4999
2020-05-30,16792
2020-05-31,22190
2020-06-01,7236
2020-06-02,5061
2020-06-03,12549
2020-06-04,42042
2020-06-05,36396
2020-06-06,51112
2020-06-07,19571
2020-06-08,8892
2020-06-09,4520
2020-06-10,11425
2020-06-11,52359
2020-06-12,50636
2020-06-13,46092
2020-06-14,51640
2020-06-15,7956
2020-06-16,7461
2020-06-17,4325
2020-06-18,7401
2020-06-19,10155
2020-06-20,29627
2020-06-21,10150
2020-06-22,29842
2020-06-23,13785
2020-06-24,2979
2020-06-25,17214
2020-06-26,21274
2020-06-27,15661
2020-06-28,30792
2020-06-29,44535
2020-06-30,58440
2020-07-01,34783
2020-07-02,31519
2020-07-03,26026
2020-07-04,51766
2020-07-05,61534
2020-07-06,63762
2020-07-07,66033
2020-07-08,48805
2020-07-09,15085
2020-07-10,30044
2020-07-11,67196
2020-07-12,58201
2020-07-13,23254
2020-07-14,22343
2020-07-15,8249
2020-07-16,6686
2020-07-17,7784
2020-07-18,17297
2020-07-19,10936
2020-07-20,41621
2020-07-21,54215
2020-07-22,41677
2020-07-23,22131
2020-07-24,46632
2020-07-25,18191
2020-07-26,42434
2020-07-27,31612
2020-07-28,55995
2020-07-29,72624
2020-07-30,75054
2020-07-31,15945
2020-08-01,29357
2020-08-02,20543
2020-08-03,20668
2020-08-04,17720
2020-08-05,40336
2020-08-06,17901
2020-08-07,10390
2020-08-08,6880
2020-08-09,6413
2020-08-10,12766
2020-08-11,19782
2020-08-12,23340
2020-08-13,12243
2020-08-14,6093
2020-08-15,4909
2020-08-16,10158
2020-08-17,20897
2020-08-18,7509
2020-08-19,2620
2020-08-20,17862
2020-08-21,49248
2020-08-22,55805
2020-08-23,48861
2020-08-24,19577
2020-08-25,20645
2020-08-26,34242
2020-08-27,24811
2020-08-28,20740
2020-08-29,11655
2020-08-30,9764
2020-08-31,9851
2020-09-01,8696
2020-09-02,8355
2020-09-03,32380
2020-09-04,53776
2020-09-05,48197
2020-09-06,46279
2020-09-07,40169
2020-09-08,56518
2020-09-09,71926
2020-09-10,48618
2020-09-11,36608
2020-09-12,57482
2020-09-13,62531
2020-09-14,25335
2020-09-15,1647
2020-09-16,37466
2020-09-17,17004
2020-09-18,15062
2020-09-19,3654
2020-09-20,1857
2020-09-21,7335
2020-09-22,6810
2020-09-23,23743
2020-09-24,58806
2020-09-25,33017
2020-09-26,39815
2020-09-27,58813
2020-09-28,21667
2020-09-29,13109
2020-09-30,17487
2020-10-01,55757
2020-10-02,61464
2020-10-03,89781
2020-10-04,44475
2020-10-05,38890
2020-10-06,27522
2020-10-07,20766
2020-10-08,31136
2020-10-09,38945
2020-10-10,30032
2020-10-11,16989
2020-10-12,10032
2020-10-13,10101
2020-10-14,55417
2020-10-15,39090
2020-10-16,12902
2020-10-17,26664
2020-10-18,43924
2020-10-19,22339
2020-10-20,52998
2020-10-21,38378
2020-10-22,80845
2020-10-23,44150
2020-10-24,42780
2020-10-25,66032
2020-10-26,36876
2020-10-27,66957
2020-10-28,60335
2020-10-29,25739
2020-10-30,27768
2020-10-31,26754
2020-11-01,57975
2020-11-02,80516
2020-11-03,60172
2020-11-04,65611
2020-11-05,75300
2020-11-06,32741
2020-11-07,10424
2020-11-08,7229
2020-11-09,16688
2020-11-10,15315
2020-11-11,11611
2020-11-12,32657
2020-11-13,25490
2020-11-14,23797
2020-11-15,52452
2020-11-16,50652
2020-11-17,52589
2020-11-18,70214
2020-11-19,71540
2020-11-20,33871
2020-11-21,67557
2020-11-22,63033
2020-11-23,54098
2020-11-24,62647
2020-11-25,39055
2020-11-26,29462
2020-11-27,3292
2020-11-28,6293
2020-11-29,3727
2020-11-30,36522
2020-12-01,7421
2020-12-02,16967
2020-12-03,68496
2020-12-04,57150
2020-12-05,36855
2020-12-06,28295
2020-12-07,68412
2020-12-08,13375
2020-12-09,16587
2020-12-10,21554
2020-12-11,44193
2020-12-12,34842
2020-12-13,15738
2020-12-14,51687
2020-12-15,26819
2020-12-16,29770
2020-12-17,44856
2020-12-18,50349
2020-12-19,44407
2020-12-20,39676
2020-12-21,38034
2020-12-22,47568
2020-12-23,17256
2020-12-24,27150
2020-12-25,17090
2020-12-26,43357
2020-12-27,71039
2020-12-28,34609
2020-12-29,14203
2020-12-30,20997
2020-12-31,19409
